{"type": "FeatureCollection", "name": "ne_10m_admin_0_map_units", "crs": {"type": "name", "properties": {"name": "urn:ogc:def:crs:OGC:1.3:CRS84"}}, "features": [{"type": "Feature", "properties": {"featurecla": "Admin-0 map unit", "scalerank": 0, "LABELRANK": 10, "SOVEREIGNT": "France", "SOV_A3": "FR1", "ADM0_DIF": 1, "LEVEL": 3, "TYPE": "Geo unit", "TLC": null, "ADMIN": "France", "ADM0_A3": "FRA", "GEOU_DIF": 1, "GEOUNIT": "France", "GU_A3": "FXX", "SU_DIF": 0, "SUBUNIT": "France", "SU_A3": "FXX", "BRK_DIFF": 0, "NAME": "France", "NAME_LONG": "France", "BRK_A3": "FXX", "BRK_NAME": "France", "BRK_GROUP": null, "ABBREV": "Fr.", "POSTAL": "FR", "FORMAL_EN": "Metropolitan France", "FORMAL_FR": null, "NAME_CIAWF": null, "NOTE_ADM0": null, "NOTE_BRK": null, "NAME_SORT": "France, Metropolitan", "NAME_ALT": null, "MAPCOLOR7": 7, "MAPCOLOR8": 5, "MAPCOLOR9": 9, "MAPCOLOR13": 11, "POP_EST": 64829667, "POP_RANK": 16, "POP_YEAR": 2017, "GDP_MD": 2695599, "GDP_YEAR": 2016, "ECONOMY": "1. Developed region: G7", "INCOME_GRP": "1. High income: OECD", "FIPS_10": "-99", "ISO_A2": "FR", "ISO_A2_EH": "FR", "ISO_A3": "FRA", "ISO_A3_EH": "FRA", "ISO_N3": "249", "ISO_N3_EH": "249", "UN_A3": "-099", "WB_A2": "-99", "WB_A3": "-99", "WOE_ID": 23424819, "WOE_ID_EH": 23424819, "WOE_NOTE": "Exact WOE match as country", "ADM0_ISO": "FRA", "ADM0_DIFF": null, "ADM0_TLC": "FRA", "ADM0_A3_US": "FRA", "ADM0_A3_FR": "FRA", "ADM0_A3_RU": "FRA", "ADM0_A3_ES": "FRA", "ADM0_A3_CN": "FRA", "ADM0_A3_TW": "FRA", "ADM0_A3_IN": "FRA", "ADM0_A3_NP": "FRA", "ADM0_A3_PK": "FRA", "ADM0_A3_DE": "FRA", "ADM0_A3_GB": "FRA", "ADM0_A3_BR": "FRA", "ADM0_A3_IL": "FRA", "ADM0_A3_PS": "FRA", "ADM0_A3_SA": "FRA", "ADM0_A3_EG": "FRA", "ADM0_A3_MA": "FRA", "ADM0_A3_PT": "FRA", "ADM0_A3_AR": "FRA", "ADM0_A3_JP": "FRA", "ADM0_A3_KO": "FRA", "ADM0_A3_VN": "FRA", "ADM0_A3_TR": "FRA", "ADM0_A3_ID": "FRA", "ADM0_A3_PL": "FRA", "ADM0_A3_GR": "FRA", "ADM0_A3_IT": "FRA", "ADM0_A3_NL": "FRA", "ADM0_A3_SE": "FRA", "ADM0_A3_BD": "FRA", "ADM0_A3_UA": "FRA", "ADM0_A3_UN": -99, "ADM0_A3_WB": -99, "CONTINENT": "Europe", "REGION_UN": "Europe", "SUBREGION": "Western Europe", "REGION_WB": "Europe & Central Asia", "NAME_LEN": 6, "LONG_LEN": 6, "ABBREV_LEN": 3, "TINY": -99, "HOMEPART": 1, "MIN_ZOOM": 0, "MIN_LABEL": 1.7, "MAX_LABEL": 6.7, "LABEL_X": 2.552275, "LABEL_Y": 46.696113, "NE_ID": 1159320651, "WIKIDATAID": "Q142", "NAME_AR": "\u0641\u0631\u0646\u0633\u0627", "NAME_BN": "\u09ab\u09cd\u09b0\u09be\u09a8\u09cd\u09b8", "NAME_DE": "Frankreich", "NAME_EN": "France", "NAME_ES": "Francia", "NAME_FA": "\u0641\u0631\u0627\u0646\u0633\u0647", "NAME_FR": "France", "NAME_EL": "\u0393\u03b1\u03bb\u03bb\u03af\u03b1", "NAME_HE": "\u05e6\u05e8\u05e4\u05ea", "NAME_HI": "\u092b\u093c\u094d\u0930\u093e\u0928\u094d\u0938", "NAME_HU": "Franciaorsz\u00e1g", "NAME_ID": "Prancis", "NAME_IT": "Francia", "NAME_JA": "\u30d5\u30e9\u30f3\u30b9", "NAME_KO": "\ud504\ub791\uc2a4", "NAME_NL": "Frankrijk", "NAME_PL": "Francja", "NAME_PT": "Fran\u00e7a", "NAME_RU": "\u0424\u0440\u0430\u043d\u0446\u0438\u044f", "NAME_SV": "Frankrike", "NAME_TR": "Fransa", "NAME_UK": "\u0424\u0440\u0430\u043d\u0446\u0456\u044f", "NAME_UR": "\u0641\u0631\u0627\u0646\u0633", "NAME_VI": "Ph\u00e1p", "NAME_ZH": "\u6cd5\u56fd", "NAME_ZHT": "\u6cd5\u570b", "FCLASS_ISO": "Unrecognized", "TLC_DIFF": null, "FCLASS_TLC": "Unrecognized", "FCLASS_US": null, "FCLASS_FR": null, "FCLASS_RU": null, "FCLASS_ES": null, "FCLASS_CN": null, "FCLASS_TW": null, "FCLASS_IN": null, "FCLASS_NP": null, "FCLASS_PK": null, "FCLASS_DE": null, "FCLASS_GB": null, "FCLASS_BR": null, "FCLASS_IL": null, "FCLASS_PS": null, "FCLASS_SA": null, "FCLASS_EG": null, "FCLASS_MA": null, "FCLASS_PT": null, "FCLASS_AR": null, "FCLASS_JP": null, "FCLASS_KO": null, "FCLASS_VN": null, "FCLASS_TR": null, "FCLASS_ID": null, "FCLASS_PL": null, "FCLASS_GR": null, "FCLASS_IT": null, "FCLASS_NL": null, "FCLASS_SE": null, "FCLASS_BD": null, "FCLASS_UA": null}, "bbox": [-5.132802, 41.365912, 9.559581, 51.087541], "geometry": {"type": "MultiPolygon", "coordinates": [[[[2.5218, 51.087541], [2.537033, 51.06461], [2.547059, 51.020479], [2.55698, 51.001177], [2.592741, 50.976114], [2.60845, 50.961128], [2.611654, 50.941233], [2.605763, 50.935238], [2.582715, 50.920666], [2.576928, 50.911519], [2.596668, 50.867646], [2.595531, 50.861134], [2.58778, 50.850024], [2.586746, 50.845425], [2.58995, 50.842014], [2.602042, 50.838087], [2.60659, 50.834831], [2.615168, 50.82217], [2.620439, 50.816486], [2.627777, 50.814419], [2.642453, 50.812455], [2.650618, 50.812248], [2.669222, 50.813902], [2.67873, 50.81323], [2.691856, 50.808838], [2.69692, 50.80305], [2.700021, 50.79628], [2.706635, 50.788787], [2.743842, 50.766205], [2.749527, 50.75959], [2.762963, 50.739385], [2.768234, 50.733235], [2.786734, 50.723365], [2.866726, 50.700091], [2.871276, 50.698767], [2.886883, 50.696648], [2.900112, 50.703108], [2.930188, 50.736232], [2.948378, 50.748686], [2.971425, 50.757833], [3.023817, 50.768262], [3.103304, 50.784085], [3.129245, 50.779072], [3.146195, 50.768892], [3.162811, 50.749939], [3.176684, 50.734114], [3.188983, 50.715097], [3.196941, 50.709206], [3.210997, 50.707965], [3.224433, 50.705175], [3.232391, 50.695925], [3.24376, 50.672102], [3.229808, 50.65541], [3.237869, 50.626472], [3.264327, 50.570196], [3.265878, 50.538312], [3.271045, 50.526943], [3.286755, 50.514075], [3.299881, 50.507461], [3.343599, 50.49294], [3.361066, 50.489787], [3.385354, 50.491648], [3.429175, 50.501828], [3.442714, 50.508494], [3.452636, 50.514851], [3.462868, 50.51914], [3.477131, 50.519863], [3.491497, 50.517073], [3.498008, 50.511853], [3.496458, 50.503792], [3.486743, 50.492681], [3.499145, 50.48679], [3.563741, 50.486532], [3.586375, 50.483483], [3.608286, 50.476507], [3.62813, 50.464363], [3.644356, 50.445501], [3.652831, 50.406847], [3.652934, 50.360183], [3.661719, 50.319307], [3.696859, 50.298223], [3.700787, 50.304683], [3.702234, 50.305251], [3.703887, 50.304321], [3.708435, 50.306336], [3.711122, 50.309333], [3.715463, 50.317653], [3.733446, 50.337239], [3.741508, 50.34313], [3.755047, 50.346334], [3.798662, 50.348452], [3.84021, 50.345197], [3.86088, 50.338479], [3.878037, 50.330779], [3.895917, 50.325301], [3.918551, 50.325456], [3.982113, 50.342613], [4.0033, 50.34406], [4.022731, 50.338117], [4.055907, 50.314553], [4.077198, 50.306646], [4.097868, 50.294812], [4.125257, 50.25714], [4.143654, 50.251611], [4.150992, 50.256262], [4.149751, 50.263135], [4.150268, 50.269543], [4.162774, 50.272953], [4.171766, 50.270886], [4.185201, 50.26546], [4.197604, 50.258484], [4.203702, 50.251973], [4.201325, 50.241534], [4.191506, 50.234299], [4.167942, 50.222465], [4.157296, 50.212698], [4.152749, 50.204534], [4.147374, 50.186343], [4.128151, 50.146243], [4.125774, 50.128156], [4.139933, 50.123557], [4.15988, 50.129396], [4.170629, 50.130481], [4.180551, 50.127226], [4.197397, 50.084076], [4.203392, 50.074671], [4.210316, 50.066713], [4.210006, 50.06015], [4.186028, 50.05245], [4.162877, 50.041805], [4.144584, 50.030797], [4.137349, 50.025061], [4.132285, 50.017568], [4.128151, 50.005786], [4.132905, 50.004494], [4.138383, 49.989198], [4.139623, 49.974522], [4.132365, 49.974946], [4.131665, 49.974987], [4.187682, 49.955505], [4.201118, 49.953024], [4.215953, 49.954408], [4.277599, 49.960156], [4.427651, 49.933572], [4.435109, 49.93225], [4.464771, 49.935609], [4.604194, 49.980206], [4.645845, 49.984495], [4.656697, 49.989095], [4.665896, 50.000515], [4.672924, 50.01638], [4.680572, 50.048316], [4.679538, 50.055189], [4.675818, 50.060201], [4.67344, 50.066196], [4.676128, 50.076066], [4.681915, 50.083921], [4.788575, 50.153374], [4.815551, 50.161332], [4.820098, 50.146449], [4.831364, 50.1434], [4.862679, 50.147586], [4.871878, 50.139783], [4.870534, 50.122265], [4.86516, 50.101594], [4.862886, 50.084076], [4.852137, 50.091621], [4.84604, 50.09069], [4.827229, 50.064077], [4.826093, 50.055034], [4.827643, 50.046714], [4.826713, 50.036017], [4.788265, 49.974263], [4.783925, 49.958295], [4.797257, 49.944291], [4.844593, 49.931734], [4.860199, 49.913337], [4.861956, 49.900314], [4.859372, 49.891684], [4.854308, 49.883313], [4.848934, 49.871066], [4.845626, 49.865846], [4.836738, 49.859128], [4.834878, 49.85303], [4.836945, 49.848018], [4.846763, 49.837528], [4.849244, 49.831585], [4.849037, 49.794171], [4.858029, 49.786575], [4.884177, 49.784146], [4.906604, 49.786471], [4.950013, 49.796393], [4.968371, 49.796981], [4.970993, 49.797065], [4.98908, 49.790554], [5.026287, 49.766731], [5.046234, 49.759393], [5.081891, 49.752727], [5.093776, 49.745337], [5.136358, 49.705339], [5.151241, 49.695986], [5.169431, 49.687201], [5.192478, 49.682808], [5.237644, 49.690973], [5.259244, 49.691335], [5.280122, 49.677899], [5.299449, 49.662499], [5.306373, 49.647513], [5.301826, 49.643896], [5.293764, 49.640537], [5.290664, 49.626378], [5.293041, 49.617179], [5.297898, 49.613252], [5.314538, 49.611133], [5.32167, 49.61258], [5.326941, 49.617644], [5.331178, 49.623122], [5.334899, 49.625809], [5.3411, 49.625137], [5.352469, 49.620693], [5.383475, 49.613304], [5.391166, 49.608817], [5.402078, 49.602451], [5.450241, 49.545762], [5.454375, 49.536616], [5.454168, 49.526177], [5.450964, 49.516772], [5.44993, 49.507832], [5.456132, 49.498944], [5.477732, 49.495223], [5.503674, 49.505093], [5.528789, 49.517961], [5.547599, 49.523438], [5.578915, 49.51393], [5.587493, 49.512431], [5.602273, 49.513723], [5.60558, 49.517754], [5.607854, 49.524937], [5.619739, 49.53553], [5.644647, 49.543799], [5.667178, 49.54044], [5.688676, 49.533515], [5.710276, 49.531086], [5.722679, 49.5346], [5.735598, 49.545711], [5.746346, 49.549431], [5.757095, 49.548398], [5.779006, 49.539613], [5.790685, 49.537753], [5.822104, 49.510519], [5.839571, 49.499874], [5.864686, 49.492174], [5.928144, 49.482304], [5.946954, 49.469953], [5.9607, 49.441324], [5.978064, 49.445097], [6.06333, 49.448456], [6.078006, 49.452021], [6.087721, 49.461633], [6.099813, 49.46463], [6.102087, 49.470005], [6.101984, 49.476413], [6.107255, 49.48251], [6.114386, 49.484371], [6.142601, 49.486076], [6.13609, 49.495275], [6.193554, 49.499409], [6.221976, 49.497445], [6.249365, 49.490314], [6.251117, 49.48946], [6.298768, 49.466232], [6.325329, 49.456724], [6.345307, 49.455349], [6.353855, 49.45476], [6.3645, 49.456104], [6.383517, 49.46463], [6.391682, 49.466697], [6.402741, 49.465457], [6.494518, 49.435537], [6.511674, 49.424736], [6.517876, 49.416416], [6.520563, 49.408148], [6.520769, 49.402567], [6.518806, 49.402154], [6.52573, 49.395487], [6.574306, 49.361794], [6.577717, 49.3558], [6.573376, 49.347738], [6.555599, 49.34717], [6.550122, 49.338023], [6.556426, 49.326396], [6.573169, 49.313115], [6.639677, 49.271154], [6.641227, 49.266916], [6.63916, 49.256788], [6.640297, 49.252757], [6.645671, 49.250018], [6.659521, 49.246763], [6.663758, 49.243869], [6.671613, 49.225317], [6.674817, 49.221131], [6.675954, 49.218909], [6.677918, 49.211054], [6.680605, 49.207489], [6.685049, 49.207799], [6.698485, 49.213586], [6.702516, 49.213638], [6.70882, 49.197773], [6.703756, 49.185113], [6.700965, 49.172865], [6.713781, 49.158861], [6.725563, 49.155554], [6.770108, 49.155295], [6.809072, 49.145839], [6.821785, 49.147751], [6.839045, 49.162788], [6.835221, 49.179377], [6.827676, 49.195551], [6.833464, 49.209452], [6.843489, 49.211054], [6.885243, 49.204801], [6.914389, 49.206662], [6.925448, 49.205576], [6.987873, 49.182425], [7.009474, 49.181702], [7.008957, 49.146407], [7.020532, 49.118967], [7.042546, 49.107598], [7.073242, 49.12031], [7.074793, 49.125375], [7.071589, 49.130594], [7.070762, 49.136123], [7.079857, 49.142014], [7.085335, 49.141549], [7.123575, 49.123308], [7.139285, 49.117933], [7.154994, 49.114419], [7.241191, 49.113902], [7.268062, 49.105634], [7.274367, 49.105014], [7.280258, 49.108993], [7.2908, 49.123101], [7.297105, 49.128114], [7.305993, 49.130129], [7.326457, 49.131834], [7.334002, 49.13416], [7.339066, 49.139689], [7.3463, 49.15421], [7.350951, 49.159171], [7.367591, 49.165372], [7.371634, 49.166174], [7.391052, 49.170023], [7.410483, 49.168938], [7.414823, 49.157776], [7.458025, 49.155864], [7.476112, 49.151523], [7.482726, 49.137054], [7.475285, 49.133901], [7.472804, 49.131628], [7.471047, 49.12832], [7.485103, 49.118708], [7.507738, 49.094576], [7.520863, 49.083672], [7.542671, 49.074577], [7.586389, 49.069564], [7.60861, 49.061968], [7.615948, 49.055973], [7.625663, 49.043002], [7.634965, 49.037783], [7.644939, 49.036294], [7.648814, 49.035716], [7.660803, 49.037731], [7.672482, 49.041039], [7.685091, 49.042796], [7.69615, 49.041555], [7.717337, 49.036595], [7.726949, 49.035664], [7.739145, 49.037731], [7.762606, 49.046155], [7.773665, 49.048118], [7.856864, 49.032254], [7.913811, 49.036181], [7.931898, 49.034838], [8.090441, 48.979182], [8.18873, 48.965746], [8.200305, 48.958563], [8.199892, 48.95825], [8.179325, 48.942698], [8.148112, 48.903734], [8.10274, 48.821311], [8.090338, 48.807513], [8.08424, 48.804051], [8.04755, 48.791028], [8.038765, 48.79077], [8.036594, 48.788289], [8.031943, 48.785344], [8.027293, 48.780021], [8.025122, 48.770616], [8.022952, 48.765087], [8.017267, 48.761831], [8.009619, 48.760074], [7.981507, 48.759764], [7.970138, 48.757283], [7.964867, 48.748343], [7.963627, 48.729275], [7.959183, 48.721368], [7.948434, 48.71186], [7.935205, 48.703333], [7.92332, 48.698217], [7.895931, 48.676513], [7.880635, 48.667728], [7.864098, 48.664162], [7.852419, 48.658685], [7.810252, 48.615018], [7.801777, 48.582359], [7.801673, 48.54758], [7.813455, 48.526341], [7.813455, 48.519468], [7.788444, 48.506343], [7.776455, 48.498178], [7.771287, 48.489109], [7.76922, 48.470066], [7.764156, 48.460351], [7.757645, 48.453891], [7.75072, 48.444408], [7.745656, 48.433014], [7.738318, 48.406607], [7.737181, 48.393481], [7.740385, 48.381441], [7.746896, 48.368677], [7.75196, 48.355344], [7.75072, 48.341366], [7.736974, 48.326664], [7.718578, 48.319997], [7.702454, 48.311187], [7.69553, 48.29018], [7.693463, 48.269871], [7.687158, 48.252921], [7.676616, 48.2384], [7.613364, 48.179205], [7.60675, 48.166984], [7.604786, 48.152566], [7.599722, 48.144711], [7.5929, 48.138665], [7.585666, 48.129725], [7.578948, 48.11448], [7.572643, 48.094972], [7.575744, 48.053709], [7.618945, 48.002652], [7.621116, 47.97144], [7.611607, 47.959399], [7.584942, 47.940408], [7.579568, 47.92705], [7.580808, 47.910798], [7.578948, 47.906328], [7.572643, 47.896302], [7.568613, 47.891367], [7.561998, 47.887052], [7.559001, 47.882711], [7.557864, 47.878526], [7.558381, 47.875994], [7.559207, 47.873461], [7.559001, 47.869017], [7.564168, 47.850414], [7.561998, 47.839226], [7.548459, 47.834239], [7.542878, 47.829433], [7.528615, 47.797032], [7.525928, 47.783157], [7.53833, 47.748146], [7.537813, 47.731816], [7.531922, 47.725202], [7.515386, 47.713316], [7.511872, 47.707322], [7.514662, 47.685798], [7.517866, 47.675024], [7.521794, 47.670425], [7.536573, 47.665205], [7.550112, 47.652441], [7.572643, 47.622004], [7.578638, 47.61694], [7.585046, 47.613167], [7.590317, 47.607948], [7.592487, 47.598414], [7.59011, 47.594822], [7.586028, 47.584619], [7.585483, 47.584479], [7.550319, 47.575495], [7.526341, 47.566452], [7.520867, 47.563416], [7.482726, 47.542267], [7.485103, 47.541595], [7.501743, 47.532965], [7.505154, 47.533017], [7.505464, 47.523018], [7.501123, 47.517307], [7.493062, 47.515499], [7.482726, 47.516997], [7.476939, 47.514879], [7.475595, 47.511726], [7.477765, 47.507696], [7.484897, 47.5009], [7.485776, 47.498768], [7.48593, 47.498394], [7.485827, 47.495784], [7.484483, 47.492942], [7.482726, 47.491263], [7.46743, 47.481909], [7.454511, 47.483201], [7.445996, 47.486884], [7.441488, 47.488834], [7.425986, 47.492503], [7.414307, 47.490177], [7.41441, 47.484028], [7.419474, 47.477852], [7.422782, 47.475424], [7.427639, 47.470747], [7.429293, 47.465114], [7.426089, 47.455761], [7.420563, 47.450857], [7.406349, 47.438242], [7.388219, 47.433289], [7.378547, 47.430646], [7.33693, 47.431854], [7.309093, 47.432661], [7.282635, 47.428889], [7.244808, 47.417727], [7.23809, 47.416797], [7.230339, 47.419019], [7.226308, 47.422636], [7.223517, 47.426228], [7.219383, 47.428476], [7.190031, 47.434728], [7.168327, 47.443565], [7.162642, 47.459895], [7.180833, 47.488265], [7.153651, 47.486405], [7.142169, 47.487651], [7.140318, 47.487852], [7.127296, 47.492942], [7.103731, 47.496275], [7.053915, 47.490384], [7.027974, 47.492942], [7.018879, 47.49767], [7.009784, 47.499247], [7.000792, 47.49767], [6.991904, 47.492942], [6.9733, 47.489092], [6.97578, 47.477956], [6.986116, 47.464132], [6.990973, 47.452221], [6.983429, 47.443798], [6.968546, 47.435194], [6.952319, 47.428837], [6.926068, 47.424858], [6.924517, 47.405996], [6.898783, 47.395713], [6.884003, 47.382587], [6.871601, 47.366955], [6.86664, 47.354165], [6.985599, 47.362123], [7.003996, 47.368143], [7.018879, 47.359901], [7.033865, 47.350651], [7.044303, 47.340497], [7.036552, 47.329515], [7.027147, 47.325433], [7.016915, 47.323521], [7.006476, 47.319361], [6.991904, 47.305951], [6.986529, 47.304504], [6.977434, 47.303729], [6.958624, 47.290551], [6.952216, 47.270036], [6.956247, 47.245231], [6.888344, 47.211305], [6.859302, 47.190919], [6.840285, 47.169525], [6.838076, 47.168132], [6.774759, 47.128184], [6.744787, 47.121053], [6.746027, 47.103948], [6.731661, 47.098883], [6.72794, 47.097126], [6.72422, 47.09077], [6.699105, 47.084621], [6.6897, 47.07829], [6.676264, 47.0624], [6.688253, 47.043848], [6.665412, 47.021291], [6.598698, 46.986539], [6.491107, 46.963388], [6.442635, 46.944164], [6.427752, 46.909076], [6.431886, 46.900032], [6.445219, 46.882617], [6.448422, 46.871559], [6.446769, 46.857709], [6.443118, 46.851455], [6.441188, 46.848149], [6.434263, 46.839545], [6.418554, 46.807015], [6.417107, 46.802157], [6.419897, 46.796525], [6.425168, 46.791615], [6.432609, 46.785983], [6.433023, 46.76911], [6.429199, 46.760816], [6.417933, 46.751101], [6.407391, 46.745701], [6.374215, 46.733609], [6.34786, 46.71317], [6.337938, 46.707409], [6.266315, 46.680356], [6.131853, 46.595607], [6.118417, 46.583463], [6.121517, 46.570285], [6.145702, 46.55163], [6.110355, 46.520831], [6.075525, 46.479593], [6.064157, 46.471118], [6.060229, 46.46502], [6.060229, 46.459904], [6.0624, 46.455202], [6.064777, 46.451068], [6.0655, 46.447993], [6.0655, 46.440371], [6.067567, 46.433601], [6.065707, 46.427012], [6.054235, 46.419416], [6.059019, 46.417383], [6.108185, 46.396497], [6.122861, 46.385542], [6.135057, 46.370401], [6.1364, 46.359342], [6.118607, 46.331771], [6.104051, 46.309216], [6.100743, 46.301413], [6.093612, 46.273094], [6.093095, 46.262294], [6.094026, 46.253044], [6.089685, 46.246377], [6.067671, 46.241623], [6.061883, 46.241158], [6.055888, 46.241675], [6.048033, 46.243432], [6.046173, 46.243535], [6.044519, 46.243432], [6.042866, 46.24307], [5.982921, 46.222709], [5.95853, 46.211961], [5.954809, 46.19992], [5.965248, 46.186226], [5.982921, 46.170826], [5.979821, 46.162248], [5.972172, 46.152171], [5.95884, 46.130467], [5.982921, 46.140441], [6.028293, 46.147934], [6.073872, 46.149174], [6.107875, 46.138632], [6.140328, 46.150207], [6.191384, 46.191704], [6.255359, 46.221107], [6.281198, 46.240073], [6.27603, 46.26312], [6.269002, 46.265239], [6.252259, 46.259916], [6.24182, 46.263689], [6.237583, 46.267926], [6.227971, 46.284463], [6.227454, 46.288494], [6.218256, 46.305495], [6.214122, 46.315469], [6.219496, 46.329111], [6.24058, 46.348955], [6.269105, 46.375026], [6.301558, 46.394482], [6.332357, 46.401381], [6.365223, 46.40244], [6.397676, 46.408176], [6.482942, 46.448587], [6.547021, 46.457372], [6.613684, 46.455899], [6.762667, 46.42926], [6.777716, 46.424106], [6.787058, 46.414171], [6.788107, 46.405008], [6.789229, 46.395205], [6.782097, 46.378462], [6.755742, 46.357068], [6.750368, 46.345518], [6.769488, 46.322678], [6.804938, 46.296607], [6.827676, 46.269477], [6.792226, 46.221676], [6.774863, 46.185864], [6.765664, 46.151603], [6.774346, 46.134808], [6.853927, 46.122612], [6.869224, 46.112329], [6.86819, 46.10468], [6.861162, 46.097032], [6.853101, 46.090211], [6.848553, 46.085043], [6.851344, 46.086025], [6.853101, 46.076103], [6.853411, 46.065665], [6.851964, 46.064683], [6.852377, 46.056931], [6.85031, 46.052746], [6.85093, 46.049645], [6.859715, 46.044994], [6.869224, 46.044064], [6.876872, 46.048095], [6.884003, 46.053211], [6.892375, 46.055588], [6.915112, 46.048612], [6.982808, 45.995385], [6.987666, 45.993111], [6.991283, 45.982466], [7.002756, 45.961692], [7.009784, 45.943398], [7.015158, 45.933321], [7.022083, 45.92526], [7.007717, 45.920506], [6.997175, 45.911307], [6.989113, 45.899267], [6.982808, 45.885779], [6.969166, 45.869759], [6.949012, 45.857822], [6.926378, 45.849761], [6.905087, 45.845368], [6.880386, 45.845523], [6.873461, 45.8448], [6.872736, 45.83968], [6.871699, 45.832767], [6.870662, 45.828273], [6.864441, 45.826891], [6.858564, 45.833458], [6.851997, 45.836223], [6.843356, 45.838643], [6.816204, 45.832914], [6.800804, 45.826455], [6.788092, 45.811727], [6.782717, 45.795294], [6.781994, 45.777465], [6.784681, 45.759585], [6.795946, 45.718141], [6.8161, 45.69685], [6.843075, 45.682742], [6.869224, 45.679022], [6.882556, 45.675508], [6.905294, 45.659695], [6.918626, 45.652563], [6.951079, 45.646776], [6.963378, 45.640729], [6.969476, 45.625847], [6.967099, 45.620162], [6.955627, 45.602592], [6.952939, 45.594272], [6.954903, 45.586211], [6.965859, 45.574429], [6.969786, 45.566987], [6.975264, 45.525646], [6.982808, 45.511125], [7.02849, 45.493142], [7.072002, 45.470042], [7.075369, 45.466286], [7.081821, 45.459087], [7.088745, 45.446633], [7.096807, 45.435419], [7.110139, 45.428288], [7.152927, 45.41511], [7.160679, 45.410924], [7.159645, 45.39847], [7.150757, 45.383226], [7.130086, 45.357078], [7.097737, 45.329844], [7.092569, 45.323953], [7.097634, 45.294962], [7.108382, 45.274912], [7.108382, 45.259202], [7.0812, 45.243079], [7.062183, 45.218533], [7.055466, 45.213675], [7.050195, 45.215019], [7.037689, 45.225768], [7.029731, 45.228197], [6.994487, 45.221324], [6.958727, 45.2098], [6.945808, 45.201066], [6.928445, 45.179569], [6.913769, 45.170164], [6.904674, 45.168614], [6.881316, 45.168407], [6.873461, 45.165926], [6.86819, 45.157451], [6.872841, 45.152025], [6.878629, 45.147426], [6.876665, 45.141225], [6.844109, 45.130115], [6.808142, 45.139106], [6.771452, 45.153162], [6.736415, 45.157348], [6.72887, 45.154609], [6.710887, 45.144739], [6.702205, 45.141225], [6.694351, 45.140295], [6.676264, 45.14076], [6.667376, 45.139623], [6.632701, 45.125515], [6.629385, 45.123545], [6.614614, 45.114767], [6.602728, 45.10345], [6.620298, 45.084433], [6.636576, 45.074459], [6.638127, 45.067431], [6.63699, 45.059421], [6.639677, 45.050378], [6.651666, 45.03565], [6.662208, 45.029242], [6.697245, 45.026917], [6.723496, 45.013378], [6.729904, 44.984697], [6.72794, 44.928732], [6.745407, 44.907803], [6.77817, 44.887649], [6.847106, 44.859072], [6.86602, 44.855661], [6.915319, 44.862689], [6.932682, 44.861656], [6.982808, 44.846979], [7.000792, 44.832975], [7.004926, 44.827963], [7.007096, 44.822071], [7.006786, 44.819023], [7.005856, 44.816335], [7.00596, 44.811529], [7.004099, 44.810806], [6.999138, 44.795045], [6.998415, 44.793753], [7.009784, 44.7721], [7.015158, 44.747399], [7.018982, 44.738872], [7.049368, 44.697893], [7.055155, 44.684871], [7.037275, 44.684612], [7.001205, 44.69226], [6.982808, 44.692157], [6.959864, 44.683165], [6.941467, 44.66699], [6.934336, 44.646682], [6.945601, 44.625443], [6.931649, 44.61795], [6.897336, 44.57542], [6.846383, 44.547463], [6.835737, 44.534027], [6.838838, 44.502918], [6.861266, 44.474909], [6.891651, 44.451965], [6.9178, 44.436307], [6.88421, 44.423026], [6.877182, 44.414396], [6.86881, 44.383183], [6.86633, 44.377189], [6.866123, 44.372125], [6.869844, 44.362926], [6.873978, 44.358379], [6.895992, 44.339827], [6.903847, 44.330008], [6.915629, 44.3097], [6.92121, 44.302155], [6.930202, 44.295385], [6.950046, 44.285102], [6.959244, 44.27735], [6.965549, 44.267532], [6.968856, 44.258178], [6.973403, 44.249445], [6.982808, 44.241745], [6.996141, 44.237818], [7.008027, 44.239213], [7.020016, 44.242107], [7.033451, 44.242934], [7.04606, 44.240298], [7.104868, 44.217767], [7.144969, 44.207225], [7.251319, 44.160045], [7.270129, 44.154309], [7.296174, 44.151156], [7.3093, 44.147487], [7.316225, 44.140201], [7.321599, 44.131881], [7.331004, 44.125266], [7.340616, 44.123664], [7.38082, 44.122941], [7.554763, 44.159063], [7.583599, 44.160716], [7.624733, 44.180095], [7.655636, 44.176064], [7.64189, 44.14356], [7.654085, 44.124956], [7.676203, 44.108988], [7.687943, 44.090799], [7.691912, 44.084649], [7.689949, 44.067337], [7.678787, 44.056588], [7.664317, 44.048579], [7.653362, 44.03969], [7.646954, 44.027495], [7.638686, 44.005067], [7.630934, 43.993543], [7.60861, 43.975611], [7.556934, 43.944089], [7.53678, 43.920783], [7.493475, 43.886237], [7.477869, 43.865515], [7.482726, 43.840219], [7.502289, 43.792222], [7.489106, 43.785468], [7.484874, 43.785386], [7.480724, 43.785834], [7.47641, 43.784491], [7.475759, 43.780829], [7.477306, 43.768134], [7.47641, 43.764635], [7.468435, 43.761705], [7.462657, 43.762112], [7.454345, 43.757117], [7.445974, 43.749845], [7.437454, 43.743361], [7.426246, 43.755464], [7.406969, 43.763506], [7.387538, 43.757899], [7.372655, 43.745832], [7.367263, 43.734125], [7.36575, 43.72273], [7.353184, 43.715691], [7.342296, 43.707831], [7.338064, 43.69831], [7.330533, 43.686424], [7.319002, 43.68525], [7.300904, 43.687689], [7.280253, 43.693326], [7.257273, 43.691648], [7.241675, 43.684869], [7.228509, 43.674196], [7.231814, 43.66347], [7.213805, 43.648673], [7.203791, 43.64436], [7.196677, 43.656917], [7.177651, 43.660109], [7.164595, 43.656061], [7.151622, 43.654771], [7.144216, 43.645453], [7.136567, 43.641181], [7.133067, 43.633857], [7.126154, 43.605833], [7.132091, 43.578803], [7.132579, 43.573554], [7.136242, 43.562459], [7.138916, 43.55402], [7.125511, 43.547768], [7.112941, 43.564544], [7.104324, 43.568294], [7.088427, 43.568674], [7.071052, 43.560805], [7.058108, 43.549885], [7.045078, 43.542143], [7.037202, 43.536264], [7.030634, 43.547889], [7.014468, 43.547087], [6.993819, 43.548906], [6.9756, 43.546946], [6.962087, 43.540107], [6.945203, 43.527253], [6.940888, 43.51246], [6.949555, 43.50788], [6.948985, 43.507392], [6.953805, 43.504616], [6.954299, 43.500106], [6.92508, 43.472761], [6.920372, 43.449012], [6.898242, 43.437999], [6.894028, 43.427628], [6.871072, 43.426093], [6.869672, 43.432052], [6.86656, 43.435456], [6.862957, 43.439362], [6.857988, 43.436176], [6.856098, 43.428729], [6.860136, 43.415868], [6.846672, 43.412577], [6.834826, 43.415811], [6.818843, 43.416072], [6.78305, 43.408635], [6.772974, 43.418454], [6.757086, 43.422687], [6.746501, 43.417906], [6.731146, 43.407847], [6.732824, 43.382079], [6.717784, 43.366889], [6.717838, 43.350604], [6.693931, 43.348372], [6.674571, 43.346381], [6.666026, 43.333197], [6.661306, 43.322333], [6.652029, 43.314927], [6.624629, 43.295913], [6.597243, 43.284007], [6.590892, 43.268898], [6.611672, 43.264288], [6.672358, 43.276196], [6.693374, 43.272973], [6.698022, 43.265457], [6.685395, 43.248037], [6.668356, 43.239536], [6.665403, 43.22129], [6.671978, 43.213609], [6.679801, 43.201553], [6.6604, 43.190412], [6.640391, 43.18183], [6.629161, 43.179877], [6.609874, 43.173407], [6.599457, 43.174994], [6.59547, 43.179877], [6.593272, 43.18773], [6.581276, 43.184374], [6.563718, 43.184449], [6.539912, 43.182204], [6.536427, 43.172544], [6.526714, 43.160567], [6.505683, 43.150971], [6.479163, 43.15606], [6.451332, 43.152719], [6.422018, 43.152342], [6.401679, 43.146938], [6.378541, 43.136079], [6.36608, 43.118635], [6.369878, 43.105519], [6.375371, 43.090841], [6.342258, 43.090763], [6.328868, 43.099921], [6.325694, 43.104193], [6.306202, 43.109413], [6.280374, 43.118666], [6.25347, 43.120875], [6.219702, 43.116548], [6.193198, 43.108773], [6.178664, 43.102856], [6.162934, 43.092597], [6.153168, 43.071967], [6.152768, 43.048107], [6.17133, 43.042325], [6.18542, 43.045444], [6.180072, 43.035922], [6.154462, 43.033751], [6.097694, 43.031261], [6.088517, 43.034849], [6.103031, 43.040781], [6.119254, 43.04515], [6.132066, 43.052638], [6.129088, 43.071362], [6.109662, 43.084316], [6.091933, 43.082903], [6.044523, 43.078208], [6.027008, 43.078195], [6.01652, 43.098936], [5.991732, 43.102347], [5.958652, 43.102168], [5.934093, 43.113593], [5.936534, 43.119452], [5.938243, 43.129096], [5.940929, 43.134019], [5.92449, 43.134345], [5.908539, 43.131293], [5.879405, 43.120429], [5.896251, 43.115424], [5.91061, 43.093204], [5.927252, 43.087601], [5.951379, 43.079978], [5.940288, 43.07091], [5.917208, 43.072742], [5.887956, 43.072226], [5.875336, 43.068793], [5.856605, 43.044829], [5.81896, 43.053469], [5.790242, 43.069931], [5.781873, 43.079118], [5.802896, 43.08889], [5.818085, 43.09909], [5.811465, 43.106725], [5.800564, 43.111849], [5.783407, 43.114598], [5.78084, 43.123334], [5.776127, 43.130811], [5.760558, 43.131982], [5.741012, 43.132063], [5.696299, 43.146875], [5.687673, 43.16885], [5.673919, 43.179889], [5.655221, 43.18559], [5.634213, 43.187229], [5.622903, 43.176727], [5.61242, 43.160429], [5.588262, 43.167979], [5.572706, 43.169148], [5.558974, 43.181578], [5.547246, 43.193859], [5.537836, 43.20739], [5.524952, 43.212629], [5.514336, 43.20774], [5.504176, 43.205659], [5.459833, 43.208519], [5.439754, 43.207646], [5.409515, 43.211292], [5.395311, 43.212341], [5.370337, 43.207859], [5.34698, 43.215899], [5.350597, 43.233588], [5.35377, 43.243801], [5.36085, 43.253974], [5.369151, 43.270413], [5.357343, 43.280345], [5.355968, 43.29206], [5.351817, 43.297919], [5.338883, 43.334289], [5.294173, 43.355472], [5.238279, 43.328041], [5.163237, 43.329314], [5.125174, 43.325769], [5.064795, 43.328019], [5.034022, 43.335476], [5.013936, 43.357921], [5.005572, 43.381628], [5.026134, 43.409329], [5.05714, 43.422065], [5.146169, 43.422065], [5.173839, 43.42829], [5.192882, 43.439521], [5.213552, 43.457831], [5.226329, 43.480292], [5.22283, 43.503974], [5.193614, 43.489936], [5.165538, 43.482489], [5.139985, 43.485785], [5.118419, 43.503974], [5.111501, 43.519355], [5.11085, 43.527899], [5.105724, 43.533026], [5.084972, 43.538153], [5.077403, 43.538886], [5.053722, 43.538153], [5.049571, 43.541449], [5.03533, 43.555732], [5.029145, 43.55858], [5.022309, 43.552191], [5.01588, 43.538764], [5.010997, 43.525092], [5.009288, 43.517646], [5.014659, 43.498725], [5.023692, 43.490465], [5.035818, 43.485582], [5.050304, 43.476711], [5.062266, 43.451646], [5.051117, 43.429267], [5.027599, 43.416978], [4.998466, 43.414699], [4.983084, 43.41706], [4.928477, 43.440131], [4.903168, 43.431627], [4.892589, 43.42536], [4.868175, 43.421454], [4.858409, 43.415229], [4.850271, 43.401435], [4.854991, 43.396186], [4.864891, 43.3779], [4.867532, 43.365112], [4.901005, 43.366965], [4.877189, 43.350782], [4.855778, 43.341779], [4.850823, 43.358929], [4.833263, 43.381985], [4.791759, 43.399115], [4.757823, 43.422349], [4.742442, 43.448717], [4.744965, 43.507392], [4.742442, 43.524482], [4.736176, 43.539496], [4.725841, 43.556789], [4.711925, 43.571519], [4.694591, 43.579088], [4.694591, 43.572903], [4.724376, 43.538398], [4.72877, 43.527899], [4.72877, 43.456204], [4.742524, 43.422553], [4.769705, 43.401923], [4.800059, 43.386054], [4.823019, 43.367169], [4.820279, 43.346356], [4.791247, 43.345222], [4.665886, 43.347541], [4.592336, 43.359889], [4.566289, 43.371094], [4.565544, 43.387949], [4.585704, 43.404242], [4.588044, 43.416891], [4.579594, 43.430066], [4.555208, 43.443266], [4.513031, 43.455797], [4.409419, 43.447741], [4.205903, 43.459906], [4.181651, 43.463772], [4.16033, 43.471503], [4.132823, 43.487047], [4.117198, 43.510484], [4.132823, 43.532782], [4.131196, 43.536241], [4.105317, 43.551866], [4.047455, 43.556138], [3.990896, 43.550849], [3.952973, 43.539944], [3.939301, 43.532538], [3.739919, 43.412828], [3.622162, 43.374905], [3.589692, 43.354885], [3.513357, 43.281073], [3.492361, 43.274319], [3.452403, 43.288764], [3.428396, 43.285468], [3.385427, 43.283922], [3.317719, 43.263088], [3.244314, 43.219428], [3.22755, 43.20425], [3.220958, 43.195217], [3.207286, 43.186632], [3.195893, 43.176663], [3.178722, 43.165229], [3.165945, 43.152411], [3.15447, 43.135281], [3.135997, 43.121039], [3.114024, 43.106309], [3.104177, 43.087795], [3.096039, 43.072577], [3.086029, 43.054023], [3.070404, 43.026923], [3.063243, 43.008368], [3.056082, 42.992703], [3.046153, 42.964179], [3.038992, 42.942776], [3.04184, 42.932807], [3.054698, 42.92711], [3.056082, 42.907131], [3.047537, 42.847235], [3.040457, 42.790188], [3.038992, 42.750271], [3.043305, 42.724595], [3.037608, 42.683214], [3.04184, 42.629055], [3.046153, 42.587673], [3.05185, 42.554877], [3.066091, 42.54206], [3.087494, 42.534939], [3.114594, 42.530626], [3.13738, 42.524929], [3.145925, 42.51496], [3.145925, 42.503526], [3.143077, 42.492133], [3.150238, 42.482164], [3.160248, 42.475043], [3.175873, 42.456488], [3.18157, 42.435085], [3.18097, 42.431484], [3.137824, 42.425939], [3.111675, 42.425008], [3.086147, 42.427179], [3.06558, 42.432011], [3.053591, 42.437643], [3.043876, 42.445266], [3.036021, 42.454619], [3.029613, 42.465652], [3.022998, 42.467047], [2.99375, 42.467616], [2.983104, 42.469321], [2.966051, 42.461001], [2.933702, 42.470225], [2.900835, 42.45126], [2.884092, 42.449193], [2.866936, 42.449632], [2.850813, 42.448366], [2.834793, 42.441312], [2.804614, 42.419557], [2.788594, 42.412012], [2.767717, 42.409557], [2.728546, 42.414027], [2.708082, 42.41289], [2.690409, 42.406172], [2.648241, 42.381471], [2.640283, 42.372841], [2.649378, 42.353721], [2.66178, 42.34336], [2.662194, 42.339019], [2.635425, 42.337882], [2.613411, 42.340957], [2.567419, 42.352636], [2.548092, 42.352248], [2.540341, 42.346977], [2.531969, 42.330776], [2.525251, 42.325893], [2.514812, 42.325661], [2.50365, 42.328451], [2.483393, 42.336978], [2.464893, 42.340621], [2.445566, 42.351964], [2.429856, 42.367544], [2.422518, 42.383693], [2.406602, 42.384262], [2.375493, 42.389326], [2.317305, 42.409609], [2.305316, 42.416973], [2.277411, 42.428626], [2.245992, 42.426119], [2.184187, 42.411805], [2.136954, 42.416223], [2.121038, 42.410617], [2.116284, 42.405397], [2.108739, 42.390644], [2.103985, 42.38483], [2.08011, 42.371265], [2.063264, 42.357907], [2.051688, 42.352351], [2.035255, 42.349251], [2.00921, 42.34708], [1.995671, 42.348682], [1.983372, 42.354548], [1.963735, 42.367234], [1.954227, 42.382685], [1.941101, 42.420099], [1.927458, 42.436894], [1.911955, 42.441958], [1.893248, 42.442733], [1.869787, 42.44679], [1.813667, 42.475238], [1.792686, 42.481723], [1.730571, 42.488054], [1.712174, 42.493712], [1.712691, 42.496787], [1.711967, 42.499293], [1.710004, 42.501335], [1.707006, 42.502781], [1.710624, 42.527741], [1.721683, 42.548515], [1.739976, 42.561641], [1.765091, 42.563372], [1.761107, 42.567646], [1.752688, 42.576679], [1.729434, 42.582001], [1.713311, 42.589546], [1.721993, 42.609855], [1.608304, 42.618123], [1.597349, 42.621921], [1.543089, 42.649362], [1.527793, 42.648535], [1.49844, 42.640241], [1.466814, 42.641455], [1.451415, 42.602052], [1.429297, 42.595386], [1.414828, 42.609338], [1.397981, 42.643626], [1.378758, 42.663237], [1.361084, 42.686724], [1.352713, 42.690057], [1.343308, 42.690444], [1.338243, 42.694449], [1.342584, 42.70866], [1.319123, 42.713363], [1.195927, 42.713647], [1.162544, 42.705689], [1.151485, 42.706723], [1.134328, 42.715973], [1.124096, 42.729744], [1.116552, 42.745247], [1.106733, 42.759613], [1.08906, 42.771318], [1.068182, 42.776124], [0.982916, 42.780361], [0.975268, 42.783746], [0.958732, 42.79372], [0.950257, 42.796123], [0.940025, 42.793668], [0.93062, 42.788035], [0.921111, 42.784366], [0.910363, 42.787674], [0.894446, 42.799327], [0.885765, 42.804236], [0.856102, 42.812763], [0.812901, 42.831624], [0.795744, 42.833847], [0.776314, 42.832451], [0.758847, 42.835268], [0.724327, 42.845293], [0.706757, 42.846585], [0.679369, 42.845112], [0.656321, 42.83842], [0.651567, 42.824054], [0.653737, 42.802686], [0.639681, 42.774677], [0.65074, 42.763386], [0.643299, 42.759071], [0.639578, 42.754833], [0.63348, 42.744782], [0.64764, 42.741036], [0.659629, 42.729899], [0.66645, 42.714758], [0.665416, 42.698661], [0.663426, 42.696214], [0.656735, 42.68799], [0.643609, 42.684476], [0.608159, 42.68799], [0.483515, 42.685303], [0.466927, 42.690444], [0.42879, 42.683029], [0.409282, 42.682254], [0.389283, 42.685148], [0.3844, 42.688584], [0.383676, 42.692692], [0.384012, 42.696852], [0.381816, 42.700108], [0.354169, 42.717497], [0.336031, 42.712691], [0.318306, 42.699539], [0.290245, 42.670291], [0.275388, 42.668689], [0.259808, 42.682383], [0.238362, 42.710366], [0.222394, 42.716205], [0.169168, 42.726463], [0.152941, 42.724603], [0.134183, 42.715223], [0.072843, 42.70848], [-0.00431, 42.687525], [-0.038933, 42.685148], [-0.078414, 42.696671], [-0.084202, 42.70109], [-0.088853, 42.706128], [-0.095752, 42.710676], [-0.10849, 42.713363], [-0.119032, 42.716851], [-0.121822, 42.723311], [-0.123114, 42.730364], [-0.129238, 42.735894], [-0.145723, 42.745893], [-0.157789, 42.760699], [-0.163629, 42.777984], [-0.161407, 42.795348], [-0.17939, 42.789741], [-0.208355, 42.783875], [-0.235149, 42.786227], [-0.247034, 42.80483], [-0.305135, 42.83081], [-0.307418, 42.831831], [-0.322792, 42.842502], [-0.328244, 42.83258], [-0.335169, 42.824958], [-0.342998, 42.822736], [-0.351679, 42.829247], [-0.399738, 42.801316], [-0.423923, 42.790671], [-0.454464, 42.788914], [-0.508414, 42.807492], [-0.53389, 42.808008], [-0.535647, 42.784211], [-0.544432, 42.782015], [-0.561175, 42.77354], [-0.56903, 42.772636], [-0.578694, 42.777338], [-0.578539, 42.783307], [-0.577144, 42.789792], [-0.582931, 42.795839], [-0.587324, 42.796846], [-0.60355, 42.796846], [-0.610165, 42.799094], [-0.609958, 42.802841], [-0.608046, 42.807181], [-0.609493, 42.811445], [-0.648302, 42.849789], [-0.666079, 42.860744], [-0.700392, 42.876428], [-0.71052, 42.877668], [-0.720287, 42.876609], [-0.730106, 42.877513], [-0.740286, 42.884799], [-0.745867, 42.89392], [-0.744782, 42.899295], [-0.741423, 42.903894], [-0.740906, 42.910896], [-0.745032, 42.918727], [-0.759665, 42.946501], [-0.786433, 42.953271], [-0.863534, 42.943065], [-0.943219, 42.947896], [-0.98146, 42.957043], [-1.01629, 42.976241], [-1.028485, 42.986705], [-1.045074, 42.990219], [-1.079697, 42.993398], [-1.08719, 42.997997], [-1.103726, 43.005748], [-1.112408, 43.008254], [-1.149925, 43.005722], [-1.182533, 43.025282], [-1.216898, 43.03926], [-1.274879, 43.046831], [-1.293689, 43.055203], [-1.310587, 43.069491], [-1.315083, 43.082875], [-1.30697, 43.095975], [-1.286041, 43.109179], [-1.308623, 43.113571], [-1.331051, 43.107344], [-1.348259, 43.093081], [-1.355184, 43.073031], [-1.357613, 43.046831], [-1.366139, 43.033318], [-1.383141, 43.029209], [-1.410529, 43.030915], [-1.435024, 43.035721], [-1.457141, 43.045074], [-1.47528, 43.060138], [-1.487837, 43.081816], [-1.479621, 43.090265], [-1.438435, 43.122795], [-1.425774, 43.135275], [-1.410529, 43.166901], [-1.399677, 43.206744], [-1.403501, 43.243331], [-1.432233, 43.265009], [-1.444222, 43.265112], [-1.455281, 43.262218], [-1.466392, 43.260771], [-1.508094, 43.276765], [-1.539204, 43.283561], [-1.559047, 43.284077], [-1.573982, 43.277437], [-1.581888, 43.260358], [-1.587573, 43.251599], [-1.598477, 43.247], [-1.611086, 43.245811], [-1.621886, 43.247], [-1.634082, 43.251108], [-1.639043, 43.255681], [-1.646329, 43.272786], [-1.647983, 43.281545], [-1.645192, 43.287643], [-1.645037, 43.292372], [-1.654907, 43.297539], [-1.673872, 43.304154], [-1.683019, 43.304929], [-1.703328, 43.298624], [-1.724825, 43.296531], [-1.736556, 43.29232], [-1.747356, 43.291002], [-1.74973, 43.294793], [-1.752421, 43.299089], [-1.75578, 43.318546], [-1.768234, 43.330922], [-1.796914, 43.341128], [-1.797172, 43.353324], [-1.796449, 43.374382], [-1.794075, 43.386015], [-1.791371, 43.384589], [-1.790761, 43.384263], [-1.775502, 43.376166], [-1.767974, 43.383612], [-1.749623, 43.389228], [-1.661, 43.399685], [-1.637807, 43.423774], [-1.615468, 43.432563], [-1.59675, 43.442532], [-1.588043, 43.451158], [-1.566396, 43.482164], [-1.562082, 43.493394], [-1.553334, 43.50137], [-1.513987, 43.538642], [-1.506337, 43.550116], [-1.476877, 43.580064], [-1.470041, 43.611518], [-1.445953, 43.668443], [-1.404937, 43.832343], [-1.381174, 43.889594], [-1.346099, 44.019192], [-1.281565, 44.302191], [-1.25414, 44.44245], [-1.247304, 44.504543], [-1.249745, 44.519232], [-1.25829, 44.547553], [-1.257232, 44.556057], [-1.230784, 44.583564], [-1.226877, 44.589911], [-1.224192, 44.601996], [-1.206288, 44.647895], [-1.186513, 44.665473], [-1.161448, 44.666164], [-1.100209, 44.655341], [-1.065012, 44.659125], [-1.044749, 44.66942], [-1.044423, 44.684638], [-1.069163, 44.703192], [-1.055491, 44.703192], [-1.065297, 44.717475], [-1.140859, 44.768134], [-1.151723, 44.77143], [-1.156402, 44.773424], [-1.160634, 44.776516], [-1.165354, 44.778713], [-1.172231, 44.778266], [-1.176503, 44.775214], [-1.178456, 44.770901], [-1.179758, 44.766913], [-1.182118, 44.765204], [-1.188588, 44.755845], [-1.233632, 44.706855], [-1.244944, 44.662746], [-1.253814, 44.638658], [-1.260365, 44.627427], [-1.199452, 45.120836], [-1.157867, 45.27912], [-1.139963, 45.490058], [-1.133697, 45.504828], [-1.099599, 45.553534], [-1.085276, 45.569037], [-1.069163, 45.57331], [-1.058583, 45.569648], [-1.056223, 45.565131], [-1.056752, 45.557603], [-1.057362, 45.546332], [-1.06017, 45.543036], [-1.062327, 45.537746], [-1.062327, 45.532416], [-1.059234, 45.527045], [-1.048695, 45.515041], [-1.039947, 45.50727], [-0.972971, 45.470526], [-0.930776, 45.453803], [-0.915273, 45.450426], [-0.794179, 45.355414], [-0.766184, 45.326077], [-0.754506, 45.295885], [-0.751943, 45.275946], [-0.738678, 45.238715], [-0.720041, 45.145941], [-0.715972, 45.134508], [-0.6822, 45.076483], [-0.648183, 45.044908], [-0.609853, 45.018459], [-0.577789, 45.005072], [-0.568959, 44.997992], [-0.560699, 44.985419], [-0.559193, 44.976142], [-0.562082, 44.96015], [-0.560862, 44.939276], [-0.556508, 44.918524], [-0.548166, 44.902289], [-0.534657, 44.894965], [-0.538645, 44.908759], [-0.542388, 44.937201], [-0.548451, 44.94953], [-0.538971, 44.976508], [-0.550364, 44.998196], [-0.572581, 45.014309], [-0.596181, 45.024644], [-0.565297, 45.023586], [-0.539418, 45.019517], [-0.516428, 45.011379], [-0.493764, 44.997992], [-0.518951, 45.029446], [-0.558746, 45.043443], [-0.602162, 45.053453], [-0.637766, 45.073065], [-0.655995, 45.099107], [-0.668691, 45.130805], [-0.706654, 45.322414], [-0.719716, 45.36107], [-0.753041, 45.424058], [-0.773101, 45.452094], [-0.795481, 45.477118], [-0.841786, 45.514553], [-0.98351, 45.586982], [-0.986887, 45.591254], [-0.990875, 45.610053], [-0.997222, 45.614325], [-1.030263, 45.62287], [-1.083811, 45.660386], [-1.113922, 45.668931], [-1.132802, 45.671698], [-1.149322, 45.6789], [-1.163442, 45.688951], [-1.175608, 45.700263], [-1.194203, 45.710191], [-1.22936, 45.704779], [-1.247304, 45.709906], [-1.230133, 45.779608], [-1.230295, 45.792426], [-1.163808, 45.806708], [-1.144276, 45.806098], [-1.080556, 45.753404], [-1.069163, 45.748114], [-1.05724, 45.74022], [-0.987172, 45.717353], [-1.009633, 45.735175], [-1.099477, 45.786038], [-1.125356, 45.807685], [-1.130686, 45.816718], [-1.132151, 45.828315], [-1.136586, 45.843248], [-1.143219, 45.857733], [-1.151723, 45.86815], [-1.140614, 45.872301], [-1.133656, 45.878241], [-1.128529, 45.884223], [-1.123769, 45.888658], [-1.112538, 45.895657], [-1.097035, 45.902289], [-1.087758, 45.903225], [-1.079742, 45.902004], [-1.073354, 45.904364], [-1.069163, 45.915961], [-1.070424, 45.926337], [-1.076324, 45.936713], [-1.083485, 45.94538], [-1.089752, 45.950751], [-1.084218, 45.953925], [-1.074208, 45.961575], [-1.069163, 45.964342], [-1.085561, 45.971991], [-1.096588, 45.985419], [-1.110748, 46.018378], [-1.089752, 46.008205], [-1.072987, 46.007473], [-1.059722, 46.015774], [-1.048695, 46.03266], [-1.048695, 46.038804], [-1.052887, 46.04328], [-1.058583, 46.047919], [-1.065175, 46.051581], [-1.084218, 46.056545], [-1.087758, 46.064683], [-1.088735, 46.074774], [-1.096018, 46.088365], [-1.095693, 46.097724], [-1.097035, 46.101549], [-1.100738, 46.103095], [-1.113596, 46.106147], [-1.117014, 46.107815], [-1.122955, 46.112494], [-1.129018, 46.11579], [-1.128896, 46.120063], [-1.117014, 46.128241], [-1.14037, 46.14057], [-1.14802, 46.141913], [-1.152089, 46.143866], [-1.151845, 46.148424], [-1.150543, 46.153266], [-1.151723, 46.156195], [-1.157094, 46.156968], [-1.172231, 46.156195], [-1.182607, 46.158393], [-1.19164, 46.157945], [-1.200185, 46.159125], [-1.209706, 46.166164], [-1.210805, 46.174547], [-1.204416, 46.184312], [-1.194488, 46.192776], [-1.18517, 46.19717], [-1.190541, 46.216295], [-1.179596, 46.229478], [-1.110748, 46.259223], [-1.102651, 46.271959], [-1.103505, 46.280015], [-1.108022, 46.28852], [-1.110748, 46.30268], [-1.132476, 46.324123], [-1.177235, 46.326158], [-1.214345, 46.310696], [-1.213206, 46.27912], [-1.240102, 46.284247], [-1.259185, 46.300442], [-1.277415, 46.319525], [-1.293365, 46.322659], [-1.303456, 46.323879], [-1.334218, 46.336737], [-1.356842, 46.350328], [-1.370229, 46.354193], [-1.423329, 46.342475], [-1.44872, 46.343411], [-1.459584, 46.364732], [-1.465484, 46.38996], [-1.481435, 46.408189], [-1.504465, 46.419338], [-1.53189, 46.423082], [-1.598785, 46.425035], [-1.62564, 46.431138], [-1.617177, 46.443549], [-1.633453, 46.454291], [-1.686757, 46.460883], [-1.720286, 46.481269], [-1.748606, 46.486558], [-1.761138, 46.492011], [-1.768422, 46.50023], [-1.779652, 46.522121], [-1.789174, 46.532945], [-1.788889, 46.520453], [-1.78307, 46.504136], [-1.781728, 46.495429], [-1.786, 46.490953], [-1.7954, 46.494534], [-1.804799, 46.503607], [-1.827056, 46.576972], [-1.822662, 46.594387], [-1.838694, 46.599066], [-1.846588, 46.610256], [-1.851226, 46.623725], [-1.857411, 46.635321], [-1.872426, 46.647406], [-1.887807, 46.656562], [-1.89977, 46.666246], [-1.909901, 46.691799], [-1.923166, 46.699164], [-1.940012, 46.70307], [-1.956451, 46.704291], [-1.964996, 46.710395], [-1.994618, 46.752021], [-2.050282, 46.79206], [-2.081288, 46.807359], [-2.107167, 46.813463], [-2.118764, 46.819973], [-2.126088, 46.835598], [-2.130035, 46.854682], [-2.131256, 46.871812], [-2.128774, 46.893459], [-2.121978, 46.903713], [-2.096344, 46.91649], [-2.102162, 46.93065], [-2.087473, 46.94123], [-2.049224, 46.957465], [-2.037017, 46.972561], [-2.020172, 47.008612], [-2.00829, 47.026353], [-1.990712, 47.035386], [-1.992584, 47.052314], [-2.003774, 47.070014], [-2.014556, 47.08161], [-2.030019, 47.092108], [-2.090159, 47.11518], [-2.205474, 47.129096], [-2.241119, 47.142483], [-2.227854, 47.148627], [-2.21703, 47.155504], [-2.205393, 47.1612], [-2.172841, 47.164374], [-2.165191, 47.167873], [-2.162099, 47.176011], [-2.159088, 47.190863], [-2.158681, 47.204495], [-2.169301, 47.22016], [-2.172109, 47.235256], [-2.170888, 47.246324], [-2.166982, 47.259223], [-2.160553, 47.271186], [-2.151682, 47.27969], [-2.127675, 47.286811], [-2.035634, 47.29328], [-2.028717, 47.296942], [-2.021962, 47.299262], [-2.014556, 47.300116], [-2.006581, 47.29328], [-1.999135, 47.28856], [-1.947865, 47.279364], [-1.932485, 47.27969], [-1.939361, 47.286444], [-1.927805, 47.286322], [-1.917063, 47.284166], [-1.907338, 47.279934], [-1.898427, 47.273424], [-1.918853, 47.273424], [-1.918853, 47.266018], [-1.877838, 47.24551], [-1.836252, 47.239936], [-1.82608, 47.235256], [-1.803944, 47.21898], [-1.780995, 47.211982], [-1.72704, 47.210761], [-1.747222, 47.219916], [-1.788238, 47.225572], [-1.805653, 47.235256], [-1.835927, 47.259752], [-1.871165, 47.27969], [-1.905629, 47.293931], [-1.925689, 47.298489], [-1.94929, 47.300116], [-1.95816, 47.302395], [-1.972157, 47.312161], [-2.010121, 47.319729], [-2.148101, 47.313218], [-2.179555, 47.300116], [-2.186594, 47.292711], [-2.190582, 47.2862], [-2.195953, 47.279934], [-2.206288, 47.273424], [-2.236073, 47.267483], [-2.259429, 47.251614], [-2.278391, 47.246405], [-2.298085, 47.246649], [-2.31607, 47.251654], [-2.330963, 47.26081], [-2.355336, 47.280097], [-2.371409, 47.286444], [-2.388092, 47.287909], [-2.39745, 47.287584], [-2.404897, 47.286444], [-2.412831, 47.281724], [-2.416575, 47.27497], [-2.418121, 47.268866], [-2.419179, 47.266018], [-2.448394, 47.266588], [-2.541982, 47.300116], [-2.541982, 47.306952], [-2.519032, 47.304633], [-2.476064, 47.290676], [-2.453359, 47.29328], [-2.436187, 47.307034], [-2.445383, 47.32038], [-2.465443, 47.333808], [-2.480621, 47.347886], [-2.487945, 47.345404], [-2.491282, 47.343899], [-2.494252, 47.341742], [-2.489369, 47.334418], [-2.488922, 47.33039], [-2.494252, 47.320624], [-2.501698, 47.320624], [-2.503326, 47.349595], [-2.514801, 47.364936], [-2.556386, 47.383246], [-2.476796, 47.415676], [-2.466135, 47.415229], [-2.4558, 47.412177], [-2.439036, 47.40998], [-2.441029, 47.404446], [-2.442209, 47.404364], [-2.446401, 47.402533], [-2.439036, 47.396308], [-2.429433, 47.403876], [-2.395009, 47.416978], [-2.391835, 47.423651], [-2.407135, 47.425727], [-2.431752, 47.426174], [-2.44815, 47.430609], [-2.439036, 47.44477], [-2.455312, 47.452216], [-2.476186, 47.453762], [-2.488922, 47.459174], [-2.480621, 47.478217], [-2.49474, 47.491197], [-2.483632, 47.497952], [-2.421213, 47.50023], [-2.384674, 47.507148], [-2.363922, 47.506171], [-2.380116, 47.509223], [-2.407053, 47.506049], [-2.425364, 47.506171], [-2.501698, 47.526679], [-2.517486, 47.528388], [-2.530507, 47.527248], [-2.563222, 47.519843], [-2.600697, 47.519843], [-2.609853, 47.517727], [-2.61559, 47.514146], [-2.621693, 47.513414], [-2.631988, 47.519843], [-2.616933, 47.521715], [-2.599355, 47.52912], [-2.584462, 47.540473], [-2.576812, 47.553941], [-2.592275, 47.543647], [-2.606435, 47.54206], [-2.621205, 47.543036], [-2.638254, 47.540269], [-2.630116, 47.53913], [-2.623931, 47.537177], [-2.619944, 47.533393], [-2.617787, 47.526679], [-2.643056, 47.526435], [-2.654775, 47.528306], [-2.665517, 47.533515], [-2.667104, 47.509589], [-2.680735, 47.504218], [-2.714019, 47.512397], [-2.730702, 47.511623], [-2.782786, 47.499416], [-2.802154, 47.498114], [-2.817128, 47.499213], [-2.83019, 47.503607], [-2.843658, 47.512397], [-2.845693, 47.516181], [-2.861073, 47.535834], [-2.864817, 47.536851], [-2.868967, 47.542182], [-2.878529, 47.545315], [-2.889882, 47.546617], [-2.892934, 47.547675], [-2.89151, 47.549058], [-2.892079, 47.553941], [-2.90925, 47.558417], [-2.892568, 47.566596], [-2.865305, 47.566636], [-2.850575, 47.546536], [-2.843658, 47.546536], [-2.838124, 47.551825], [-2.832428, 47.554023], [-2.825429, 47.552476], [-2.816396, 47.546536], [-2.815297, 47.552965], [-2.80956, 47.567613], [-2.794016, 47.555121], [-2.768666, 47.549547], [-2.741444, 47.551337], [-2.720204, 47.560777], [-2.727651, 47.567613], [-2.688629, 47.604397], [-2.68399, 47.622992], [-2.706532, 47.642727], [-2.706532, 47.636542], [-2.696929, 47.629788], [-2.695627, 47.623358], [-2.701568, 47.618354], [-2.714019, 47.616034], [-2.699778, 47.609198], [-2.704254, 47.604438], [-2.708608, 47.602281], [-2.720204, 47.601752], [-2.725331, 47.607367], [-2.77538, 47.629096], [-2.754465, 47.627021], [-2.734486, 47.62226], [-2.746327, 47.633857], [-2.758209, 47.639065], [-2.789133, 47.642727], [-2.77538, 47.636542], [-2.796051, 47.629869], [-2.847727, 47.626166], [-2.857981, 47.619127], [-2.86677, 47.607164], [-2.886383, 47.60102], [-2.919423, 47.595526], [-2.919423, 47.601752], [-2.912668, 47.601752], [-2.912668, 47.609198], [-2.925689, 47.607652], [-2.928822, 47.606024], [-2.933095, 47.601752], [-2.939931, 47.601752], [-2.943756, 47.613959], [-2.944814, 47.624091], [-2.94164, 47.631822], [-2.933095, 47.636542], [-2.947499, 47.636908], [-2.957997, 47.642157], [-2.964589, 47.651435], [-2.967193, 47.663804], [-2.97468, 47.663804], [-2.973297, 47.655992], [-2.968577, 47.6435], [-2.967193, 47.636542], [-2.967193, 47.612616], [-2.963612, 47.602607], [-2.954701, 47.591539], [-2.943512, 47.581488], [-2.933095, 47.574449], [-2.935618, 47.567572], [-2.937245, 47.564683], [-2.939931, 47.560777], [-2.942616, 47.564399], [-2.952952, 47.574449], [-2.961293, 47.570543], [-2.970286, 47.576972], [-2.980946, 47.587348], [-2.994496, 47.595526], [-2.988596, 47.582261], [-2.994211, 47.576077], [-3.003407, 47.578681], [-3.008168, 47.591783], [-3.01179, 47.607164], [-3.018219, 47.605658], [-3.021718, 47.59455], [-3.015696, 47.581244], [-3.029937, 47.581936], [-3.035797, 47.583319], [-3.042388, 47.58808], [-3.073842, 47.576483], [-3.089752, 47.575507], [-3.103749, 47.581244], [-3.09732, 47.584052], [-3.090728, 47.58808], [-3.100453, 47.594184], [-3.11205, 47.599189], [-3.12328, 47.598782], [-3.131703, 47.58808], [-3.127187, 47.586615], [-3.122955, 47.583238], [-3.118031, 47.581244], [-3.128896, 47.547593], [-3.12328, 47.518988], [-3.10676, 47.495795], [-3.084543, 47.478217], [-3.098134, 47.478705], [-3.11913, 47.482611], [-3.125478, 47.478217], [-3.131703, 47.478217], [-3.143788, 47.507025], [-3.145375, 47.516099], [-3.143219, 47.527045], [-3.13386, 47.543931], [-3.131703, 47.55744], [-3.134185, 47.580756], [-3.141184, 47.598049], [-3.15217, 47.611233], [-3.166493, 47.62226], [-3.176015, 47.62637], [-3.187245, 47.629584], [-3.196685, 47.63349], [-3.200592, 47.639594], [-3.198394, 47.652574], [-3.18635, 47.680609], [-3.111195, 47.704169], [-3.115061, 47.709418], [-3.117177, 47.715033], [-3.118031, 47.722154], [-3.118031, 47.732123], [-3.122792, 47.729926], [-3.134511, 47.726793], [-3.13915, 47.724677], [-3.13976, 47.745795], [-3.13915, 47.75259], [-3.145375, 47.75259], [-3.153188, 47.742011], [-3.16393, 47.743883], [-3.177358, 47.748521], [-3.193186, 47.746405], [-3.179189, 47.742743], [-3.169667, 47.735419], [-3.163319, 47.724758], [-3.159088, 47.711005], [-3.164052, 47.710273], [-3.165028, 47.70954], [-3.165028, 47.707913], [-3.166493, 47.704169], [-3.178375, 47.710028], [-3.185374, 47.706366], [-3.193227, 47.699937], [-3.207387, 47.697333], [-3.203521, 47.694322], [-3.193186, 47.683743], [-3.207143, 47.679145], [-3.211903, 47.669827], [-3.215077, 47.66059], [-3.224192, 47.656399], [-3.231597, 47.660346], [-3.262074, 47.683743], [-3.287587, 47.688666], [-3.331532, 47.696723], [-3.358266, 47.697333], [-3.340199, 47.702297], [-3.322418, 47.700995], [-3.282623, 47.691148], [-3.282623, 47.697333], [-3.298451, 47.703843], [-3.316274, 47.708075], [-3.358266, 47.711005], [-3.358266, 47.718451], [-3.349355, 47.719062], [-3.345123, 47.721259], [-3.343984, 47.726264], [-3.343984, 47.735541], [-3.340566, 47.739488], [-3.323557, 47.737738], [-3.317291, 47.738959], [-3.304433, 47.761135], [-3.2954, 47.773017], [-3.282623, 47.779934], [-3.282623, 47.78734], [-3.304351, 47.770087], [-3.331776, 47.752509], [-3.362172, 47.740424], [-3.383168, 47.737047], [-3.375478, 47.734036], [-3.369252, 47.729804], [-3.364491, 47.724677], [-3.364491, 47.718451], [-3.446441, 47.704576], [-3.460683, 47.707587], [-3.464996, 47.713039], [-3.494862, 47.738959], [-3.509185, 47.759426], [-3.520253, 47.768134], [-3.524485, 47.772447], [-3.52831, 47.779934], [-3.539296, 47.773749], [-3.555653, 47.773993], [-3.590972, 47.779934], [-3.616851, 47.77912], [-3.625152, 47.779934], [-3.633046, 47.783026], [-3.644399, 47.791734], [-3.649037, 47.793606], [-3.68692, 47.792304], [-3.706166, 47.796942], [-3.714589, 47.810614], [-3.723215, 47.813381], [-3.77538, 47.793606], [-3.789906, 47.803209], [-3.811187, 47.802924], [-3.833567, 47.79975], [-3.851715, 47.801011], [-3.853098, 47.804348], [-3.872222, 47.828315], [-3.879221, 47.833564], [-3.886464, 47.83747], [-3.889963, 47.843451], [-3.885854, 47.855048], [-3.894521, 47.855292], [-3.900787, 47.857123], [-3.913197, 47.862454], [-3.916331, 47.873358], [-3.935129, 47.887885], [-3.961822, 47.89997], [-3.988271, 47.903469], [-3.979237, 47.883002], [-3.98648, 47.867906], [-4.008901, 47.851264], [-4.029205, 47.855048], [-4.019154, 47.854478], [-4.01122, 47.855943], [-4.005442, 47.8605], [-4.001943, 47.869289], [-4.014068, 47.866278], [-4.024037, 47.865953], [-4.031565, 47.863715], [-4.036692, 47.855048], [-4.064931, 47.870795], [-4.078236, 47.874416], [-4.09439, 47.875474], [-4.106557, 47.880113], [-4.119293, 47.891913], [-4.12914, 47.90762], [-4.132192, 47.923896], [-4.14273, 47.912014], [-4.13683, 47.896918], [-4.123362, 47.883246], [-4.111195, 47.875474], [-4.111195, 47.869289], [-4.123769, 47.868598], [-4.133616, 47.866197], [-4.142649, 47.861762], [-4.15274, 47.855048], [-4.17162, 47.877021], [-4.185618, 47.874416], [-4.188466, 47.862128], [-4.173899, 47.855048], [-4.176666, 47.851264], [-4.180043, 47.848212], [-4.180043, 47.841986], [-4.15274, 47.841986], [-4.15274, 47.834459], [-4.185211, 47.813381], [-4.200551, 47.807196], [-4.225168, 47.802436], [-4.371816, 47.807196], [-4.371246, 47.814765], [-4.373443, 47.828681], [-4.371816, 47.834459], [-4.365468, 47.837104], [-4.356068, 47.837063], [-4.347646, 47.838324], [-4.343861, 47.84512], [-4.34732, 47.862942], [-4.362213, 47.888577], [-4.371978, 47.915839], [-4.386952, 47.934068], [-4.434641, 47.975653], [-4.523264, 48.022691], [-4.533274, 48.026313], [-4.546702, 48.020738], [-4.55899, 48.010688], [-4.572011, 48.005927], [-4.601959, 48.02558], [-4.619211, 48.027655], [-4.652984, 48.026313], [-4.728139, 48.040595], [-4.721506, 48.044135], [-4.716461, 48.050238], [-4.71227, 48.056586], [-4.706207, 48.06391], [-4.705556, 48.06745], [-4.704254, 48.071234], [-4.700795, 48.074774], [-4.697418, 48.074897], [-4.689524, 48.068834], [-4.683705, 48.067328], [-4.361928, 48.115709], [-4.304758, 48.104071], [-4.289906, 48.108222], [-4.28539, 48.115383], [-4.275706, 48.143622], [-4.280181, 48.154934], [-4.294342, 48.16706], [-4.297353, 48.174058], [-4.302358, 48.196357], [-4.315826, 48.205512], [-4.358225, 48.211859], [-4.366119, 48.215155], [-4.372426, 48.220038], [-4.376861, 48.225979], [-4.379262, 48.232367], [-4.404368, 48.226142], [-4.457631, 48.248969], [-4.485463, 48.242621], [-4.499989, 48.224921], [-4.513987, 48.202094], [-4.531646, 48.183092], [-4.557485, 48.177191], [-4.548736, 48.198432], [-4.543772, 48.205064], [-4.555043, 48.216539], [-4.561187, 48.225043], [-4.563629, 48.232367], [-4.558665, 48.244208], [-4.550933, 48.248603], [-4.54719, 48.25259], [-4.554067, 48.262763], [-4.566274, 48.264879], [-4.626332, 48.266547], [-4.623687, 48.277045], [-4.626332, 48.287055], [-4.615387, 48.291083], [-4.607086, 48.290595], [-4.598785, 48.288398], [-4.58788, 48.287055], [-4.575185, 48.290025], [-4.572906, 48.29682], [-4.57551, 48.30386], [-4.57726, 48.307522], [-4.559478, 48.33869], [-4.546702, 48.346829], [-4.530141, 48.34162], [-4.543202, 48.304674], [-4.515533, 48.295844], [-4.426503, 48.300035], [-4.416371, 48.296617], [-4.409657, 48.292304], [-4.401967, 48.28856], [-4.388987, 48.287055], [-4.376861, 48.287787], [-4.329701, 48.297024], [-4.262603, 48.300035], [-4.268951, 48.295844], [-4.275217, 48.294013], [-4.289906, 48.29385], [-4.269358, 48.288398], [-4.187489, 48.300035], [-4.187489, 48.307522], [-4.218821, 48.306057], [-4.23054, 48.309882], [-4.234731, 48.321723], [-4.243967, 48.31391], [-4.257721, 48.311347], [-4.270172, 48.314683], [-4.275706, 48.324856], [-4.281972, 48.323676], [-4.324696, 48.321723], [-4.316314, 48.330797], [-4.312082, 48.333075], [-4.303619, 48.335395], [-4.303131, 48.339586], [-4.298492, 48.343817], [-4.288686, 48.348538], [-4.269399, 48.362738], [-4.286285, 48.362535], [-4.30899, 48.351549], [-4.324696, 48.348456], [-4.324696, 48.355292], [-4.317291, 48.355292], [-4.317291, 48.362738], [-4.324696, 48.362738], [-4.327789, 48.357856], [-4.334055, 48.352729], [-4.337717, 48.348456], [-4.35261, 48.352729], [-4.384185, 48.338121], [-4.406606, 48.335395], [-4.403798, 48.339179], [-4.402821, 48.339586], [-4.399159, 48.34162], [-4.406606, 48.348456], [-4.415028, 48.342922], [-4.426503, 48.338853], [-4.439931, 48.336371], [-4.453725, 48.335395], [-4.453725, 48.34162], [-4.396596, 48.387763], [-4.385569, 48.393744], [-4.289906, 48.431586], [-4.307729, 48.428046], [-4.339019, 48.416083], [-4.358957, 48.411119], [-4.426503, 48.403713], [-4.457509, 48.394843], [-4.520619, 48.368313], [-4.569569, 48.360297], [-4.599355, 48.350165], [-4.618886, 48.348456], [-4.636342, 48.351142], [-4.671132, 48.360582], [-4.690541, 48.362738], [-4.694081, 48.359442], [-4.694081, 48.3522], [-4.695668, 48.344957], [-4.704498, 48.34162], [-4.754994, 48.341986], [-4.768381, 48.345404], [-4.77717, 48.355618], [-4.783355, 48.37641], [-4.76476, 48.377631], [-4.766347, 48.390448], [-4.783355, 48.417385], [-4.784901, 48.436184], [-4.779856, 48.454901], [-4.768056, 48.468655], [-4.749257, 48.472602], [-4.749257, 48.478827], [-4.774648, 48.491278], [-4.764556, 48.520209], [-4.739898, 48.550727], [-4.721995, 48.568183], [-4.711578, 48.563666], [-4.700795, 48.560736], [-4.708241, 48.568183], [-4.692291, 48.575507], [-4.673451, 48.579576], [-4.642486, 48.581855], [-4.623036, 48.578192], [-4.589833, 48.565741], [-4.57726, 48.568183], [-4.600494, 48.589342], [-4.607737, 48.603013], [-4.594635, 48.609117], [-4.548818, 48.601223], [-4.530141, 48.601711], [-4.557485, 48.609117], [-4.554433, 48.613227], [-4.552602, 48.616523], [-4.554799, 48.619696], [-4.563629, 48.62344], [-4.563629, 48.629625], [-4.485463, 48.629625], [-4.46288, 48.63231], [-4.429799, 48.642808], [-4.406606, 48.643256], [-4.4204, 48.648871], [-4.426503, 48.650092], [-4.426503, 48.657538], [-4.398061, 48.660956], [-4.370229, 48.67182], [-4.343251, 48.67886], [-4.317291, 48.678046], [-4.299143, 48.663642], [-4.306508, 48.641547], [-4.283111, 48.643256], [-4.252594, 48.655463], [-4.242055, 48.657538], [-4.229807, 48.655951], [-4.207143, 48.64997], [-4.193756, 48.650092], [-4.193756, 48.657538], [-4.213002, 48.6612], [-4.207753, 48.671373], [-4.190582, 48.683051], [-4.173899, 48.691107], [-4.154652, 48.696234], [-4.131459, 48.699164], [-4.108713, 48.698147], [-4.090688, 48.691107], [-4.084788, 48.69717], [-4.079254, 48.696926], [-4.07433, 48.692288], [-4.070221, 48.684882], [-4.064036, 48.684882], [-4.057362, 48.689602], [-4.053293, 48.695543], [-4.052642, 48.70307], [-4.056549, 48.712144], [-4.042714, 48.713935], [-4.030507, 48.717027], [-4.009348, 48.725816], [-3.973988, 48.732815], [-3.967763, 48.72956], [-3.970286, 48.720038], [-3.973866, 48.712795], [-3.972727, 48.707709], [-3.961008, 48.704739], [-3.961008, 48.698554], [-3.967763, 48.698554], [-3.967763, 48.691107], [-3.957753, 48.686835], [-3.951039, 48.679389], [-3.949534, 48.669338], [-3.954742, 48.657538], [-3.926584, 48.676174], [-3.911936, 48.68122], [-3.891998, 48.678046], [-3.901967, 48.672024], [-3.906321, 48.6706], [-3.906321, 48.664374], [-3.894195, 48.653551], [-3.864654, 48.641018], [-3.851715, 48.629625], [-3.844309, 48.636461], [-3.851715, 48.643256], [-3.844309, 48.650092], [-3.848948, 48.656317], [-3.852447, 48.664537], [-3.8579, 48.684882], [-3.851715, 48.684882], [-3.8485, 48.679023], [-3.845448, 48.676011], [-3.837473, 48.6706], [-3.840077, 48.688056], [-3.837148, 48.707261], [-3.829254, 48.718451], [-3.816965, 48.712144], [-3.812652, 48.716742], [-3.810455, 48.721503], [-3.809804, 48.726955], [-3.810129, 48.733222], [-3.797109, 48.721177], [-3.778432, 48.717353], [-3.731923, 48.71898], [-3.720855, 48.71601], [-3.697865, 48.702338], [-3.686635, 48.698554], [-3.673818, 48.698228], [-3.638173, 48.704739], [-3.638539, 48.687812], [-3.614003, 48.682685], [-3.584788, 48.682807], [-3.570546, 48.687974], [-3.580474, 48.711086], [-3.584543, 48.726386], [-3.580474, 48.733222], [-3.52831, 48.739488], [-3.542836, 48.745673], [-3.577382, 48.774237], [-3.581532, 48.790595], [-3.571401, 48.799058], [-3.542592, 48.807807], [-3.520863, 48.833645], [-3.515289, 48.841946], [-3.509185, 48.841946], [-3.499827, 48.836982], [-3.468129, 48.835679], [-3.433583, 48.822211], [-3.419749, 48.821438], [-3.425404, 48.818427], [-3.42809, 48.815741], [-3.429921, 48.812445], [-3.433339, 48.807807], [-3.409901, 48.806545], [-3.397613, 48.807318], [-3.388743, 48.811184], [-3.378651, 48.819322], [-3.371816, 48.822496], [-3.287465, 48.843451], [-3.275787, 48.849351], [-3.268951, 48.849351], [-3.259511, 48.847724], [-3.229726, 48.87226], [-3.213612, 48.869818], [-3.207143, 48.855414], [-3.207753, 48.835924], [-3.214955, 48.817857], [-3.227895, 48.807807], [-3.226796, 48.80329], [-3.225575, 48.800482], [-3.22053, 48.794135], [-3.216868, 48.806789], [-3.20873, 48.816352], [-3.178822, 48.84101], [-3.154205, 48.854926], [-3.145375, 48.862372], [-3.134999, 48.859198], [-3.116444, 48.874091], [-3.103749, 48.876654], [-3.091461, 48.871283], [-3.08434, 48.862209], [-3.08373, 48.851711], [-3.090728, 48.841946], [-3.090728, 48.835679], [-3.077056, 48.828274], [-3.084625, 48.820136], [-3.097524, 48.794135], [-3.104075, 48.7862], [-3.125478, 48.767401], [-3.125478, 48.759955], [-3.118031, 48.759955], [-3.085032, 48.804999], [-3.0655, 48.823961], [-3.049184, 48.821438], [-3.039296, 48.826972], [-3.028717, 48.828803], [-3.018219, 48.826972], [-3.008168, 48.821438], [-3.015696, 48.814602], [-3.01179, 48.813666], [-3.009389, 48.813707], [-3.008372, 48.812486], [-3.008168, 48.807807], [-3.017812, 48.805854], [-3.025502, 48.802924], [-3.042388, 48.794135], [-3.042388, 48.787909], [-3.029286, 48.780463], [-3.003651, 48.773871], [-2.952952, 48.772284], [-2.933095, 48.767401], [-2.934438, 48.759101], [-2.934397, 48.753079], [-2.933095, 48.746324], [-2.942738, 48.740912], [-2.946685, 48.739488], [-2.946685, 48.733222], [-2.932037, 48.726955], [-2.913971, 48.716498], [-2.898671, 48.704779], [-2.892079, 48.69477], [-2.826975, 48.657538], [-2.817047, 48.627672], [-2.812978, 48.619696], [-2.811431, 48.614569], [-2.814361, 48.609931], [-2.816396, 48.604926], [-2.812978, 48.598578], [-2.808013, 48.595608], [-2.795033, 48.591254], [-2.771067, 48.579169], [-2.714019, 48.560736], [-2.716949, 48.551703], [-2.721018, 48.544623], [-2.726674, 48.538967], [-2.734486, 48.534003], [-2.722727, 48.533637], [-2.713124, 48.530097], [-2.704701, 48.524156], [-2.696278, 48.516669], [-2.682362, 48.509019], [-2.679677, 48.518378], [-2.680247, 48.532782], [-2.676137, 48.540229], [-2.636342, 48.538804], [-2.620025, 48.543606], [-2.600697, 48.557603], [-2.577056, 48.582465], [-2.569407, 48.58869], [-2.558827, 48.594143], [-2.541086, 48.59809], [-2.473622, 48.625963], [-2.459543, 48.636461], [-2.459543, 48.643256], [-2.468007, 48.643948], [-2.487457, 48.650092], [-2.44286, 48.659084], [-2.421051, 48.656968], [-2.412262, 48.643256], [-2.38622, 48.650092], [-2.356068, 48.663275], [-2.329986, 48.680365], [-2.31607, 48.698554], [-2.312489, 48.686957], [-2.305328, 48.679633], [-2.295237, 48.676581], [-2.281972, 48.678046], [-2.281972, 48.6706], [-2.289418, 48.666571], [-2.293772, 48.661363], [-2.297475, 48.655707], [-2.302398, 48.650092], [-2.330312, 48.629625], [-2.312652, 48.620185], [-2.294016, 48.628607], [-2.27359, 48.642646], [-2.250966, 48.650092], [-2.246205, 48.644721], [-2.240712, 48.621324], [-2.237294, 48.615912], [-2.225942, 48.612372], [-2.219228, 48.603664], [-2.215688, 48.592434], [-2.213694, 48.581855], [-2.202789, 48.585883], [-2.195546, 48.593451], [-2.192128, 48.603746], [-2.192616, 48.615912], [-2.188385, 48.601304], [-2.182973, 48.588772], [-2.174062, 48.582953], [-2.159088, 48.58869], [-2.159088, 48.595445], [-2.163197, 48.596503], [-2.172109, 48.601711], [-2.161041, 48.613023], [-2.149322, 48.618883], [-2.137034, 48.617987], [-2.124338, 48.609117], [-2.131256, 48.615302], [-2.136627, 48.622138], [-2.144846, 48.636461], [-2.100209, 48.646918], [-2.052358, 48.650092], [-2.049794, 48.645575], [-2.028717, 48.619696], [-2.027089, 48.608954], [-2.022043, 48.598944], [-2.013254, 48.59162], [-2.000885, 48.58869], [-2.005116, 48.578843], [-2.00829, 48.575019], [-1.982493, 48.548977], [-1.976389, 48.535631], [-1.980295, 48.513577], [-1.970448, 48.520697], [-1.939361, 48.534003], [-1.967275, 48.547065], [-1.961903, 48.554918], [-1.976633, 48.572699], [-1.980295, 48.58869], [-1.9735, 48.58869], [-1.96939, 48.584174], [-1.965159, 48.581204], [-1.952952, 48.575019], [-1.960357, 48.586615], [-1.96939, 48.59276], [-1.979807, 48.59512], [-1.991119, 48.595445], [-2.000478, 48.601304], [-2.019032, 48.631049], [-2.028717, 48.643256], [-2.025543, 48.651313], [-2.018137, 48.660346], [-2.006581, 48.667629], [-1.991119, 48.6706], [-1.987701, 48.673774], [-1.987701, 48.680854], [-1.985911, 48.687893], [-1.976959, 48.691107], [-1.939361, 48.691107], [-1.945627, 48.698554], [-1.843739, 48.712144], [-1.846669, 48.707831], [-1.846913, 48.703437], [-1.843577, 48.698147], [-1.836334, 48.691107], [-1.861195, 48.664211], [-1.860951, 48.640855], [-1.838206, 48.623765], [-1.79601, 48.615912], [-1.722808, 48.615302], [-1.643951, 48.62344], [-1.595693, 48.640937], [-1.58967, 48.641791], [-1.579701, 48.643256], [-1.500559, 48.636461], [-1.393137, 48.652411], [-1.356557, 48.643256], [-1.372304, 48.66059], [-1.394602, 48.66828], [-1.432851, 48.6706], [-1.433013, 48.66828], [-1.437734, 48.664455], [-1.443267, 48.662828], [-1.445953, 48.667467], [-1.447092, 48.673896], [-1.45051, 48.679511], [-1.4558, 48.683417], [-1.490224, 48.690131], [-1.502675, 48.695502], [-1.507965, 48.701606], [-1.516469, 48.725165], [-1.553619, 48.747138], [-1.562082, 48.770819], [-1.562571, 48.798489], [-1.566762, 48.82217], [-1.578847, 48.837836], [-1.602935, 48.841946], [-1.602935, 48.849351], [-1.589101, 48.853583], [-1.578521, 48.862616], [-1.571848, 48.874213], [-1.56371, 48.922105], [-1.557037, 48.932318], [-1.548411, 48.923814], [-1.542795, 48.935248], [-1.541982, 48.944078], [-1.547027, 48.949693], [-1.55899, 48.951809], [-1.563059, 48.957587], [-1.552235, 49.015448], [-1.545766, 49.030341], [-1.532338, 49.035142], [-1.507965, 49.027533], [-1.507965, 49.033677], [-1.527252, 49.039781], [-1.549713, 49.039781], [-1.56843, 49.03266], [-1.576324, 49.017279], [-1.579457, 49.01317], [-1.586537, 49.018988], [-1.593577, 49.028998], [-1.59675, 49.037421], [-1.595937, 49.061265], [-1.593739, 49.071967], [-1.589345, 49.082099], [-1.603424, 49.08397], [-1.608754, 49.091498], [-1.607737, 49.102729], [-1.602935, 49.115627], [-1.595937, 49.128485], [-1.589019, 49.134589], [-1.569488, 49.143541], [-1.581776, 49.149848], [-1.584218, 49.148424], [-1.589345, 49.143541], [-1.597768, 49.159369], [-1.604482, 49.178209], [-1.608795, 49.197821], [-1.610422, 49.215888], [-1.602651, 49.225409], [-1.584462, 49.226264], [-1.548411, 49.219306], [-1.548411, 49.225491], [-1.569569, 49.229682], [-1.595286, 49.23786], [-1.616851, 49.238227], [-1.624664, 49.219306], [-1.640533, 49.231513], [-1.657094, 49.268378], [-1.671864, 49.280097], [-1.665395, 49.284613], [-1.662587, 49.286038], [-1.658193, 49.287543], [-1.68692, 49.302436], [-1.699086, 49.313544], [-1.706654, 49.329169], [-1.686187, 49.329169], [-1.686187, 49.335354], [-1.699127, 49.355862], [-1.706654, 49.355862], [-1.714752, 49.338528], [-1.733266, 49.346259], [-1.755727, 49.362454], [-1.775502, 49.370103], [-1.772857, 49.377021], [-1.771108, 49.37995], [-1.767974, 49.383734], [-1.78189, 49.381537], [-1.795074, 49.377631], [-1.806793, 49.376858], [-1.816477, 49.383734], [-1.819569, 49.396796], [-1.815785, 49.430854], [-1.816477, 49.445217], [-1.819407, 49.452053], [-1.823598, 49.458482], [-1.838206, 49.475816], [-1.839508, 49.480658], [-1.84024, 49.485826], [-1.843739, 49.493598], [-1.853586, 49.504299], [-1.879465, 49.52497], [-1.884674, 49.530911], [-1.878407, 49.544867], [-1.850168, 49.561713], [-1.843739, 49.571845], [-1.839223, 49.603176], [-1.839508, 49.619778], [-1.846913, 49.633938], [-1.855051, 49.645087], [-1.860585, 49.654771], [-1.869496, 49.661689], [-1.901601, 49.665839], [-1.945627, 49.677965], [-1.937652, 49.701565], [-1.939565, 49.716457], [-1.935211, 49.724107], [-1.908355, 49.726386], [-1.898997, 49.72427], [-1.87914, 49.71483], [-1.867299, 49.712714], [-1.839426, 49.715399], [-1.829457, 49.712714], [-1.824615, 49.708441], [-1.820953, 49.696357], [-1.816477, 49.691636], [-1.811838, 49.690741], [-1.800893, 49.692084], [-1.79601, 49.691636], [-1.773997, 49.686713], [-1.707753, 49.680162], [-1.633046, 49.66352], [-1.617177, 49.664293], [-1.616689, 49.662014], [-1.616363, 49.65705], [-1.613922, 49.652248], [-1.606679, 49.650051], [-1.59732, 49.652289], [-1.58373, 49.662055], [-1.572865, 49.664293], [-1.561187, 49.663031], [-1.540395, 49.657782], [-1.528432, 49.657457], [-1.511464, 49.662543], [-1.49592, 49.672187], [-1.470123, 49.695054], [-1.455719, 49.702216], [-1.409495, 49.711575], [-1.391265, 49.712714], [-1.271148, 49.698432], [-1.263051, 49.695502], [-1.259104, 49.6883], [-1.25414, 49.67178], [-1.232249, 49.641425], [-1.227773, 49.624091], [-1.253326, 49.61225], [-1.257558, 49.602851], [-1.259999, 49.593451], [-1.264027, 49.58926], [-1.286204, 49.588935], [-1.294993, 49.586819], [-1.301422, 49.581773], [-1.306264, 49.558092], [-1.293609, 49.538398], [-1.276519, 49.520738], [-1.261586, 49.49315], [-1.185292, 49.430365], [-1.175689, 49.415229], [-1.172231, 49.393378], [-1.174224, 49.382392], [-1.1787, 49.374579], [-1.183258, 49.369452], [-1.18517, 49.3664], [-1.181996, 49.356187], [-1.173818, 49.357001], [-1.163075, 49.361518], [-1.151723, 49.362698], [-1.141021, 49.356676], [-1.133453, 49.349514], [-1.122874, 49.345445], [-1.103424, 49.349026], [-1.103424, 49.355862], [-1.113759, 49.36579], [-1.106353, 49.379462], [-1.089589, 49.391547], [-1.072255, 49.396796], [-0.940419, 49.392279], [-0.822133, 49.362698], [-0.650787, 49.355862], [-0.607981, 49.347398], [-0.583363, 49.345893], [-0.546946, 49.358954], [-0.522532, 49.355292], [-0.479482, 49.34276], [-0.411122, 49.34276], [-0.393625, 49.338039], [-0.363433, 49.325019], [-0.3131, 49.317328], [-0.219472, 49.280097], [-0.194081, 49.295233], [-0.033844, 49.320054], [0.012869, 49.334621], [0.040294, 49.350409], [0.06308, 49.354478], [0.071951, 49.35928], [0.095958, 49.383734], [0.162364, 49.415188], [0.286876, 49.433621], [0.411306, 49.452053], [0.457286, 49.467434], [0.476573, 49.478664], [0.493175, 49.493598], [0.42213, 49.464423], [0.33961, 49.456732], [0.256847, 49.464057], [0.185313, 49.479967], [0.164806, 49.479967], [0.147309, 49.480943], [0.12436, 49.485785], [0.104421, 49.493598], [0.095958, 49.503241], [0.092784, 49.509263], [0.078624, 49.51553], [0.075369, 49.524075], [0.076589, 49.53498], [0.079682, 49.542182], [0.13087, 49.603502], [0.170909, 49.691636], [0.185883, 49.703192], [0.23585, 49.729315], [0.246755, 49.729438], [0.256847, 49.735907], [0.387462, 49.775051], [0.397634, 49.784369], [0.522797, 49.832953], [0.557384, 49.839789], [0.59669, 49.857245], [0.674815, 49.8758], [0.760916, 49.875067], [1.172618, 49.961005], [1.196951, 49.973578], [1.221202, 49.97899], [1.260997, 50.007514], [1.391287, 50.075181], [1.444102, 50.117255], [1.455821, 50.123603], [1.464529, 50.132148], [1.486827, 50.185045], [1.521007, 50.214667], [1.555349, 50.217719], [1.654307, 50.186591], [1.664073, 50.187079], [1.672537, 50.192532], [1.672537, 50.199368], [1.661957, 50.19892], [1.655284, 50.200507], [1.650076, 50.204779], [1.644542, 50.212388], [1.66505, 50.212388], [1.66505, 50.219794], [1.645681, 50.220038], [1.625499, 50.224311], [1.610037, 50.232245], [1.603526, 50.243476], [1.593923, 50.256293], [1.551117, 50.26968], [1.541515, 50.277899], [1.543142, 50.310004], [1.551524, 50.349066], [1.572032, 50.375678], [1.594981, 50.372667], [1.610362, 50.370673], [1.610362, 50.376899], [1.555186, 50.404771], [1.555186, 50.411566], [1.573497, 50.44538], [1.574229, 50.492377], [1.579275, 50.533149], [1.610362, 50.548163], [1.583344, 50.574693], [1.577891, 50.588609], [1.573578, 50.635565], [1.563162, 50.67829], [1.562673, 50.698961], [1.567638, 50.716742], [1.588715, 50.756293], [1.600108, 50.770982], [1.605642, 50.790025], [1.599294, 50.812934], [1.583181, 50.849799], [1.580821, 50.863715], [1.580577, 50.868801], [1.604828, 50.881049], [1.613455, 50.883368], [1.634288, 50.884589], [1.653331, 50.889106], [1.670177, 50.900092], [1.699067, 50.925605], [1.729828, 50.943915], [1.921397, 50.996772], [1.939301, 50.994452], [1.973481, 51.007148], [2.134044, 51.019965], [2.305512, 51.055406], [2.316091, 51.059027], [2.324474, 51.059882], [2.384451, 51.055325], [2.466075, 51.068793], [2.506684, 51.080756], [2.521495, 51.087388], [2.5218, 51.087541]], [[1.983372, 42.441261], [1.986163, 42.441261], [1.996084, 42.442837], [1.999495, 42.443896], [1.988436, 42.458185], [1.978308, 42.47498], [1.967972, 42.485702], [1.956604, 42.481775], [1.945648, 42.463817], [1.947509, 42.451234], [1.960634, 42.443715], [1.983372, 42.441261]]], [[[9.456554, 42.647406], [9.482107, 42.620103], [9.476899, 42.620103], [9.476817, 42.619086], [9.456554, 42.647406]]], [[[8.565766, 42.208564], [8.574067, 42.219916], [8.565766, 42.225735], [8.552419, 42.22899], [8.545258, 42.232856], [8.54949, 42.242255], [8.559906, 42.24433], [8.586274, 42.243354], [8.593761, 42.246283], [8.601329, 42.250678], [8.61085, 42.254625], [8.651134, 42.260403], [8.664724, 42.264879], [8.675059, 42.270657], [8.680837, 42.272773], [8.685232, 42.271918], [8.687755, 42.272935], [8.688731, 42.280951], [8.674001, 42.289496], [8.672048, 42.291164], [8.634776, 42.304836], [8.632335, 42.308661], [8.629649, 42.315253], [8.625173, 42.319159], [8.611095, 42.310045], [8.605317, 42.310452], [8.60141, 42.314765], [8.599864, 42.321926], [8.604747, 42.325588], [8.634776, 42.338935], [8.612804, 42.352444], [8.591563, 42.351142], [8.552094, 42.338935], [8.559581, 42.346381], [8.553477, 42.354885], [8.549653, 42.36579], [8.549083, 42.377102], [8.552094, 42.386705], [8.560802, 42.381659], [8.570486, 42.381781], [8.5796, 42.385932], [8.586274, 42.392971], [8.598643, 42.3876], [8.602387, 42.391913], [8.603526, 42.400336], [8.60727, 42.407213], [8.612071, 42.411811], [8.614024, 42.416246], [8.618663, 42.419582], [8.65089, 42.423285], [8.659516, 42.429877], [8.661632, 42.439765], [8.661388, 42.45189], [8.672374, 42.464423], [8.676768, 42.47248], [8.672048, 42.476142], [8.659679, 42.477118], [8.657074, 42.480048], [8.659353, 42.484361], [8.667491, 42.509711], [8.680431, 42.521064], [8.697602, 42.527004], [8.716563, 42.530707], [8.710785, 42.540107], [8.716319, 42.561998], [8.709158, 42.571723], [8.709158, 42.579169], [8.71697, 42.576117], [8.719737, 42.575995], [8.720876, 42.574123], [8.723481, 42.565497], [8.740001, 42.572333], [8.750662, 42.568793], [8.759613, 42.561754], [8.771251, 42.558051], [8.786957, 42.561998], [8.798839, 42.571763], [8.807465, 42.58511], [8.812836, 42.599595], [8.805431, 42.606431], [8.843028, 42.608059], [8.906505, 42.632473], [9.018321, 42.650133], [9.049978, 42.662177], [9.052989, 42.681586], [9.107107, 42.725898], [9.117849, 42.732001], [9.141449, 42.735012], [9.165212, 42.735175], [9.176036, 42.732815], [9.185069, 42.733385], [9.236827, 42.722561], [9.257823, 42.713935], [9.264659, 42.708889], [9.270844, 42.702216], [9.276134, 42.694159], [9.28533, 42.67475], [9.292166, 42.67475], [9.327891, 42.720038], [9.34254, 42.749091], [9.333018, 42.770941], [9.340994, 42.790107], [9.33546, 42.807603], [9.321788, 42.82392], [9.305675, 42.83926], [9.333018, 42.867133], [9.332856, 42.8758], [9.326345, 42.885321], [9.326182, 42.893785], [9.330251, 42.903551], [9.336925, 42.910386], [9.360199, 42.928616], [9.356781, 42.933539], [9.355724, 42.93651], [9.356944, 42.94066], [9.360199, 42.949123], [9.349946, 42.957221], [9.343435, 42.97309], [9.341807, 42.990668], [9.34669, 43.00373], [9.363048, 43.011542], [9.404307, 43.011664], [9.422374, 43.017401], [9.435557, 43.00373], [9.444509, 42.997992], [9.464041, 42.990058], [9.464041, 42.982611], [9.455577, 42.974555], [9.453868, 42.963813], [9.458751, 42.952338], [9.470063, 42.942288], [9.465505, 42.923529], [9.484386, 42.832424], [9.482758, 42.802314], [9.450369, 42.708889], [9.451427, 42.696723], [9.449392, 42.682603], [9.450369, 42.653632], [9.449067, 42.651068], [9.446056, 42.648586], [9.44337, 42.64525], [9.442882, 42.64057], [9.445323, 42.637885], [9.449962, 42.635728], [9.4546, 42.634589], [9.456554, 42.634426], [9.459239, 42.625434], [9.461681, 42.619818], [9.461436, 42.614569], [9.456554, 42.606431], [9.46461, 42.60163], [9.468028, 42.594957], [9.470714, 42.587226], [9.476899, 42.579169], [9.484874, 42.574449], [9.511892, 42.565497], [9.509125, 42.579983], [9.504731, 42.586615], [9.489594, 42.612616], [9.518565, 42.580959], [9.528087, 42.563544], [9.532237, 42.544379], [9.53004, 42.486314], [9.533376, 42.456244], [9.545909, 42.435126], [9.539887, 42.422065], [9.535411, 42.408189], [9.532725, 42.392524], [9.532237, 42.373725], [9.536957, 42.353176], [9.555431, 42.314276], [9.559581, 42.294582], [9.552257, 42.170152], [9.559581, 42.146552], [9.556895, 42.138251], [9.554942, 42.120836], [9.552745, 42.113023], [9.545584, 42.10399], [9.518565, 42.08511], [9.507823, 42.072211], [9.492442, 42.047756], [9.423839, 41.973538], [9.408702, 41.962226], [9.403168, 41.952948], [9.402843, 41.917426], [9.394298, 41.847968], [9.403005, 41.779731], [9.401622, 41.706448], [9.398611, 41.701483], [9.391124, 41.699042], [9.381196, 41.692694], [9.372244, 41.683905], [9.367035, 41.674221], [9.380707, 41.674221], [9.37794, 41.65644], [9.373057, 41.645168], [9.363617, 41.640041], [9.353201, 41.640815], [9.345225, 41.640326], [9.342133, 41.63467], [9.34669, 41.619574], [9.333263, 41.624457], [9.318207, 41.627143], [9.303722, 41.627834], [9.292166, 41.62641], [9.293956, 41.617621], [9.284434, 41.607652], [9.278575, 41.598375], [9.292166, 41.59162], [9.325043, 41.601955], [9.345063, 41.604478], [9.354177, 41.595404], [9.350597, 41.581204], [9.341075, 41.569281], [9.326671, 41.561103], [9.309093, 41.558173], [9.299653, 41.55329], [9.292166, 41.542914], [9.281993, 41.533271], [9.264659, 41.530829], [9.268728, 41.523749], [9.269867, 41.516791], [9.268728, 41.509955], [9.264659, 41.502875], [9.276215, 41.499416], [9.279145, 41.491645], [9.27475, 41.482856], [9.264659, 41.476142], [9.270844, 41.468736], [9.255219, 41.463609], [9.228038, 41.450019], [9.210704, 41.448228], [9.210704, 41.440863], [9.220063, 41.435045], [9.223318, 41.427314], [9.219981, 41.419623], [9.210704, 41.41352], [9.210704, 41.407294], [9.222016, 41.410956], [9.237966, 41.422268], [9.250336, 41.427802], [9.246593, 41.412909], [9.23878, 41.395901], [9.230154, 41.380927], [9.223155, 41.372504], [9.206716, 41.365912], [9.193858, 41.369127], [9.169119, 41.386176], [9.153331, 41.391343], [9.122244, 41.394965], [9.096446, 41.40351], [9.10727, 41.429267], [9.112153, 41.432563], [9.121349, 41.434638], [9.105154, 41.445502], [9.080903, 41.453192], [9.06658, 41.4619], [9.079845, 41.476142], [9.079845, 41.482367], [9.068207, 41.479478], [9.038748, 41.4619], [9.031993, 41.468736], [9.03419, 41.470893], [9.035411, 41.471625], [9.036632, 41.472846], [9.038748, 41.476142], [9.028087, 41.473822], [9.024099, 41.472113], [9.018321, 41.468736], [9.011485, 41.476142], [9.000987, 41.483059], [8.975597, 41.489081], [8.95102, 41.491889], [8.93572, 41.489203], [8.924815, 41.49494], [8.916759, 41.501654], [8.906912, 41.50731], [8.883637, 41.511176], [8.881114, 41.514838], [8.879161, 41.519355], [8.873709, 41.523383], [8.864268, 41.525336], [8.856293, 41.525336], [8.848399, 41.526109], [8.83961, 41.530829], [8.853282, 41.537665], [8.853282, 41.54385], [8.840587, 41.547268], [8.833344, 41.550727], [8.823904, 41.549954], [8.809906, 41.55268], [8.797211, 41.557074], [8.791759, 41.561225], [8.796397, 41.580552], [8.793224, 41.587307], [8.778087, 41.59162], [8.785411, 41.604682], [8.792003, 41.625149], [8.801768, 41.639065], [8.819021, 41.632636], [8.872569, 41.651068], [8.881114, 41.657131], [8.885753, 41.670885], [8.896983, 41.677924], [8.910655, 41.683824], [8.922699, 41.694648], [8.899181, 41.695461], [8.836436, 41.70893], [8.812348, 41.709296], [8.788829, 41.712551], [8.776134, 41.722398], [8.784923, 41.742499], [8.760102, 41.742662], [8.719086, 41.730699], [8.695567, 41.729438], [8.69809, 41.733059], [8.702973, 41.742499], [8.688731, 41.741767], [8.677989, 41.744086], [8.667979, 41.747504], [8.655121, 41.749905], [8.668224, 41.754869], [8.6963, 41.758205], [8.709158, 41.763577], [8.71754, 41.77204], [8.722016, 41.782416], [8.720225, 41.791693], [8.709158, 41.797065], [8.709158, 41.804511], [8.731944, 41.804592], [8.752289, 41.809801], [8.784923, 41.824408], [8.78004, 41.83393], [8.772309, 41.840399], [8.76238, 41.844143], [8.750824, 41.845526], [8.783702, 41.853583], [8.791759, 41.859117], [8.789317, 41.861314], [8.785818, 41.867987], [8.781749, 41.873684], [8.778087, 41.872789], [8.79005, 41.886949], [8.791759, 41.887112], [8.794607, 41.892157], [8.803396, 41.900539], [8.805431, 41.906928], [8.803071, 41.907457], [8.791759, 41.913764], [8.785981, 41.922838], [8.781423, 41.928778], [8.775076, 41.932318], [8.764415, 41.934272], [8.744395, 41.932807], [8.710297, 41.918769], [8.688731, 41.913764], [8.647634, 41.911811], [8.629893, 41.908637], [8.614268, 41.900784], [8.60727, 41.913764], [8.618663, 41.930487], [8.614431, 41.944078], [8.586274, 41.96898], [8.635509, 41.972642], [8.65504, 41.978705], [8.668793, 41.996324], [8.656098, 42.002875], [8.664561, 42.014472], [8.684337, 42.02558], [8.706065, 42.030463], [8.711274, 42.033271], [8.738048, 42.043931], [8.743419, 42.044135], [8.744965, 42.056586], [8.739106, 42.063422], [8.723481, 42.072089], [8.706228, 42.100491], [8.699229, 42.10932], [8.688813, 42.111151], [8.660899, 42.105455], [8.655121, 42.10932], [8.647716, 42.122016], [8.629568, 42.130072], [8.6067, 42.133734], [8.586274, 42.13349], [8.591075, 42.14289], [8.593761, 42.146552], [8.586274, 42.151435], [8.578136, 42.154202], [8.569102, 42.154975], [8.559581, 42.153998], [8.569672, 42.155585], [8.577891, 42.158759], [8.593761, 42.16706], [8.593761, 42.174506], [8.565766, 42.174506], [8.565766, 42.181301], [8.577647, 42.184882], [8.581798, 42.194525], [8.57781, 42.204413], [8.565766, 42.208564]]], [[[-1.21939, 45.943915], [-1.224355, 45.935045], [-1.213938, 45.928046], [-1.18517, 45.915961], [-1.177724, 45.906928], [-1.176096, 45.898749], [-1.184193, 45.85635], [-1.194569, 45.830064], [-1.209218, 45.814154], [-1.226877, 45.81977], [-1.2412, 45.85456], [-1.24942, 45.867743], [-1.260365, 45.881822], [-1.319, 45.928127], [-1.340159, 45.938666], [-1.361724, 45.956732], [-1.378326, 45.975979], [-1.373891, 45.984931], [-1.371653, 45.995307], [-1.382924, 46.0185], [-1.404937, 46.053168], [-1.373891, 46.050238], [-1.339915, 46.037828], [-1.308705, 46.02025], [-1.285146, 46.001654], [-1.273834, 45.997626], [-1.26122, 46.000678], [-1.247629, 46.001776], [-1.233632, 45.991685], [-1.229563, 45.979234], [-1.231191, 45.967922], [-1.230458, 45.958197], [-1.21939, 45.950751], [-1.21939, 45.943915]]], [[[-1.281402, 46.156195], [-1.286285, 46.160102], [-1.290679, 46.161322], [-1.33609, 46.167222], [-1.432851, 46.210842], [-1.488922, 46.203355], [-1.504262, 46.207668], [-1.54483, 46.239895], [-1.555816, 46.245551], [-1.555816, 46.251776], [-1.498118, 46.261908], [-1.480092, 46.259223], [-1.472727, 46.255276], [-1.467885, 46.249905], [-1.467437, 46.243964], [-1.473866, 46.238105], [-1.497711, 46.245185], [-1.507965, 46.245551], [-1.490549, 46.224433], [-1.464182, 46.224921], [-1.435455, 46.233832], [-1.411122, 46.238105], [-1.411122, 46.231269], [-1.425364, 46.231269], [-1.425364, 46.223822], [-1.408762, 46.218248], [-1.308095, 46.206936], [-1.284739, 46.196438], [-1.265736, 46.180976], [-1.25414, 46.162421], [-1.263417, 46.161851], [-1.270863, 46.160224], [-1.281402, 46.156195]]], [[[-2.337229, 46.731594], [-2.298207, 46.72016], [-2.279693, 46.710273], [-2.268951, 46.697414], [-2.291371, 46.703599], [-2.371409, 46.704291], [-2.382924, 46.722642], [-2.375152, 46.731635], [-2.356801, 46.733791], [-2.337229, 46.731594]]], [[[-2.200103, 46.985419], [-2.189809, 46.97724], [-2.155751, 46.964911], [-2.144846, 46.957465], [-2.140045, 46.943427], [-2.137685, 46.923163], [-2.142568, 46.909857], [-2.159088, 46.91649], [-2.173695, 46.939154], [-2.194814, 46.961859], [-2.220204, 46.973863], [-2.247304, 46.964301], [-2.263173, 46.979804], [-2.278676, 47.018134], [-2.295644, 47.033189], [-2.238596, 47.035346], [-2.220448, 47.033189], [-2.200022, 47.024359], [-2.197418, 47.013007], [-2.201324, 46.999742], [-2.200103, 46.985419]]], [[[-3.114654, 47.331488], [-3.102691, 47.327338], [-3.072743, 47.328315], [-3.062815, 47.320624], [-3.067006, 47.301947], [-3.093617, 47.296617], [-3.171702, 47.301581], [-3.223459, 47.312161], [-3.240956, 47.320624], [-3.23762, 47.336371], [-3.245351, 47.352851], [-3.256174, 47.368801], [-3.262074, 47.383246], [-3.253651, 47.388861], [-3.249623, 47.395209], [-3.242991, 47.395331], [-3.23412, 47.389553], [-3.221506, 47.387519], [-3.176503, 47.371487], [-3.151601, 47.35814], [-3.148793, 47.355373], [-3.114654, 47.331488]]], [[[-5.050282, 48.478827], [-5.048166, 48.476508], [-5.046254, 48.473822], [-5.042958, 48.471991], [-5.03661, 48.472602], [-5.03661, 48.465155], [-5.087961, 48.447211], [-5.10554, 48.444648], [-5.10554, 48.451483], [-5.102162, 48.45185], [-5.095123, 48.451117], [-5.091868, 48.451483], [-5.097768, 48.46133], [-5.107411, 48.463365], [-5.132802, 48.458319], [-5.132802, 48.465155], [-5.091786, 48.48078], [-5.069, 48.485053], [-5.050282, 48.478827]]], [[[6.235037, 43.022406], [6.241885, 43.02565], [6.251004, 43.017297], [6.252209, 43.002632], [6.230235, 42.995347], [6.216482, 42.990383], [6.202485, 42.987128], [6.190115, 42.99018], [6.166189, 42.999661], [6.164724, 43.005072], [6.175141, 43.008979], [6.202973, 43.008002], [6.211599, 43.011623], [6.215017, 43.014716], [6.218272, 43.015448], [6.221039, 43.01496], [6.233393, 43.015582], [6.235037, 43.022406]]]]}}, {"type": "Feature", "properties": {"featurecla": "Admin-0 map unit", "scalerank": 0, "LABELRANK": 9, "SOVEREIGNT": "Belgium", "SOV_A3": "BEL", "ADM0_DIF": 0, "LEVEL": 3, "TYPE": "Geo unit", "TLC": "1", "ADMIN": "Belgium", "ADM0_A3": "BEL", "GEOU_DIF": 1, "GEOUNIT": "Flemish Region", "GU_A3": "BFR", "SU_DIF": 0, "SUBUNIT": "Flemish Region", "SU_A3": "BFR", "BRK_DIFF": 0, "NAME": "Flemish", "NAME_LONG": "Flemish Region", "BRK_A3": "BFR", "BRK_NAME": "Flemish", "BRK_GROUP": "Belgium", "ABBREV": "Flem.", "POSTAL": "FL", "FORMAL_EN": "Vlaams Gewest", "FORMAL_FR": null, "NAME_CIAWF": null, "NOTE_ADM0": null, "NOTE_BRK": null, "NAME_SORT": "Flemish Region", "NAME_ALT": null, "MAPCOLOR7": 3, "MAPCOLOR8": 2, "MAPCOLOR9": 1, "MAPCOLOR13": 8, "POP_EST": 6629143, "POP_RANK": 13, "POP_YEAR": 2020, "GDP_MD": 307728, "GDP_YEAR": 2016, "ECONOMY": "2. Developed region: nonG7", "INCOME_GRP": "1. High income: OECD", "FIPS_10": "-99", "ISO_A2": "-99", "ISO_A2_EH": "BE", "ISO_A3": "-99", "ISO_A3_EH": "BEL", "ISO_N3": "-99", "ISO_N3_EH": "056", "UN_A3": "-099", "WB_A2": "-99", "WB_A3": "-99", "WOE_ID": 55864895, "WOE_ID_EH": 55864895, "WOE_NOTE": "WOE colloquial group of Admin-1 states provinces: 7153308, 7153301, 7153304, 22525998, and 7153305.", "ADM0_ISO": "BEL", "ADM0_DIFF": "1", "ADM0_TLC": "BFR", "ADM0_A3_US": "BEL", "ADM0_A3_FR": "BEL", "ADM0_A3_RU": "BEL", "ADM0_A3_ES": "BEL", "ADM0_A3_CN": "BEL", "ADM0_A3_TW": "BEL", "ADM0_A3_IN": "BEL", "ADM0_A3_NP": "BEL", "ADM0_A3_PK": "BEL", "ADM0_A3_DE": "BEL", "ADM0_A3_GB": "BEL", "ADM0_A3_BR": "BEL", "ADM0_A3_IL": "BEL", "ADM0_A3_PS": "BEL", "ADM0_A3_SA": "BEL", "ADM0_A3_EG": "BEL", "ADM0_A3_MA": "BEL", "ADM0_A3_PT": "BEL", "ADM0_A3_AR": "BEL", "ADM0_A3_JP": "BEL", "ADM0_A3_KO": "BEL", "ADM0_A3_VN": "BEL", "ADM0_A3_TR": "BEL", "ADM0_A3_ID": "BEL", "ADM0_A3_PL": "BEL", "ADM0_A3_GR": "BEL", "ADM0_A3_IT": "BEL", "ADM0_A3_NL": "BEL", "ADM0_A3_SE": "BEL", "ADM0_A3_BD": "BEL", "ADM0_A3_UA": "BEL", "ADM0_A3_UN": -99, "ADM0_A3_WB": -99, "CONTINENT": "Europe", "REGION_UN": "Europe", "SUBREGION": "Western Europe", "REGION_WB": "Europe & Central Asia", "NAME_LEN": 7, "LONG_LEN": 14, "ABBREV_LEN": 5, "TINY": -99, "HOMEPART": 1, "MIN_ZOOM": 0, "MIN_LABEL": 6.7, "MAX_LABEL": 11, "LABEL_X": 4.768377, "LABEL_Y": 51.108115, "NE_ID": 1159320395, "WIKIDATAID": "Q1118", "NAME_AR": "\u0628\u0631\u0627\u0628\u0627\u0646\u062a \u0641\u0644\u0627\u0645\u0627\u0646\u062f", "NAME_BN": "\u09ab\u09cd\u09b2\u09c7\u09ae\u09bf\u09b6 \u09ac\u09cd\u09b0\u09cd\u09af\u09be\u09ac\u09c7\u09a8\u09cd\u099f", "NAME_DE": "Fl\u00e4misch-Brabant", "NAME_EN": "Flemish Brabant", "NAME_ES": "Brabante Flamenco", "NAME_FA": "\u0628\u0631\u0627\u0628\u0627\u0646\u062a \u0641\u0644\u0627\u0646\u062f\u0631", "NAME_FR": "Brabant flamand", "NAME_EL": "\u03a6\u03bb\u03b1\u03bc\u03b1\u03bd\u03b4\u03b9\u03ba\u03ae \u0392\u03c1\u03b1\u03b2\u03ac\u03bd\u03c4\u03b7", "NAME_HE": "\u05d1\u05e8\u05d1\u05e0\u05d8 \u05d4\u05e4\u05dc\u05de\u05d9\u05ea", "NAME_HI": "\u092b\u094d\u0932\u0947\u092e\u093f\u0936 \u092c\u094d\u0930\u092c\u0947\u0902\u091f", "NAME_HU": "Flamand-Brabant", "NAME_ID": "Flemish Brabant", "NAME_IT": "provincia del Brabante Fiammingo", "NAME_JA": "\u30d5\u30e9\u30fc\u30e0\u30b9\uff1d\u30d6\u30e9\u30d0\u30f3\u30c8\u5dde", "NAME_KO": "\ud50c\ub78c\uc2a4\ube0c\ub77c\ubc18\ud2b8\uc8fc", "NAME_NL": "Vlaams-Brabant", "NAME_PL": "Brabancja Flamandzka", "NAME_PT": "Brabante Flamengo", "NAME_RU": "\u0424\u043b\u0430\u043c\u0430\u043d\u0434\u0441\u043a\u0438\u0439 \u0411\u0440\u0430\u0431\u0430\u043d\u0442", "NAME_SV": "Flaml\u00e4ndska Brabant", "NAME_TR": "Flaman Brabant", "NAME_UK": "\u0424\u043b\u0430\u043c\u0430\u043d\u0434\u0441\u044c\u043a\u0438\u0439 \u0411\u0440\u0430\u0431\u0430\u043d\u0442", "NAME_UR": "\u0641\u0644\u06cc\u0645\u0634 \u0628\u0631\u0627\u0628\u0646\u0679", "NAME_VI": "Vlaams-Brabant", "NAME_ZH": "\u5f17\u62c9\u8292-\u5e03\u62c9\u73ed\u7279\u7701", "NAME_ZHT": "\u4f5b\u840a\u660e-\u5e03\u62c9\u90a6\u7701", "FCLASS_ISO": "Unrecognized", "TLC_DIFF": "1", "FCLASS_TLC": "Admin-1 region", "FCLASS_US": null, "FCLASS_FR": null, "FCLASS_RU": null, "FCLASS_ES": null, "FCLASS_CN": null, "FCLASS_TW": null, "FCLASS_IN": null, "FCLASS_NP": null, "FCLASS_PK": null, "FCLASS_DE": null, "FCLASS_GB": null, "FCLASS_BR": null, "FCLASS_IL": null, "FCLASS_PS": null, "FCLASS_SA": null, "FCLASS_EG": null, "FCLASS_MA": null, "FCLASS_PT": null, "FCLASS_AR": null, "FCLASS_JP": null, "FCLASS_KO": null, "FCLASS_VN": null, "FCLASS_TR": null, "FCLASS_ID": null, "FCLASS_PL": null, "FCLASS_GR": null, "FCLASS_IT": null, "FCLASS_NL": null, "FCLASS_SE": null, "FCLASS_BD": null, "FCLASS_UA": null}, "bbox": [2.5218, 50.688726, 5.910158, 51.496238], "geometry": {"type": "MultiPolygon", "coordinates": [[[[2.5218, 51.087541], [2.542003, 51.096869], [2.579926, 51.104804], [2.715668, 51.169501], [2.923595, 51.246487], [3.124848, 51.329657], [3.348969, 51.375149], [3.349415, 51.375223], [3.358068, 51.336713], [3.353934, 51.311908], [3.353211, 51.288602], [3.36737, 51.263487], [3.391658, 51.24677], [3.398798, 51.244698], [3.421941, 51.237985], [3.453877, 51.235633], [3.501212, 51.240284], [3.504106, 51.249741], [3.501522, 51.262402], [3.503383, 51.273952], [3.514338, 51.281031], [3.529014, 51.283331], [3.545034, 51.283925], [3.584825, 51.289532], [3.609526, 51.290436], [3.635054, 51.287827], [3.757321, 51.262324], [3.776234, 51.254521], [3.781402, 51.241421], [3.779748, 51.230311], [3.781402, 51.219872], [3.796285, 51.208762], [3.808687, 51.205325], [3.927026, 51.206255], [3.949454, 51.210777], [3.995032, 51.23323], [4.118952, 51.272401], [4.168562, 51.29687], [4.207939, 51.330589], [4.21352, 51.340537], [4.220962, 51.363817], [4.221491, 51.368001], [4.222179, 51.367743], [4.241059, 51.356594], [4.249034, 51.346666], [4.256114, 51.328437], [4.272634, 51.315823], [4.290782, 51.305894], [4.302989, 51.296088], [4.306651, 51.28974], [4.308116, 51.283637], [4.305431, 51.276597], [4.298676, 51.269599], [4.296723, 51.267564], [4.30836, 51.271226], [4.316417, 51.276842], [4.330821, 51.296088], [4.29713, 51.305162], [4.289317, 51.309149], [4.285411, 51.31802], [4.286143, 51.339667], [4.283051, 51.350084], [4.275645, 51.3581], [4.261068, 51.369379], [4.281124, 51.368947], [4.290105, 51.368752], [4.326278, 51.356427], [4.345605, 51.352293], [4.392217, 51.350407], [4.411234, 51.356737], [4.416195, 51.373971], [4.410097, 51.38379], [4.38767, 51.400533], [4.379918, 51.409525], [4.380642, 51.419653], [4.387153, 51.427456], [4.38922, 51.434588], [4.377128, 51.442882], [4.429424, 51.461976], [4.483064, 51.474327], [4.512623, 51.477376], [4.525232, 51.475929], [4.533191, 51.467583], [4.531847, 51.450866], [4.523372, 51.438412], [4.521512, 51.428645], [4.540632, 51.420067], [4.553861, 51.419291], [4.582697, 51.422599], [4.614633, 51.41756], [4.630136, 51.418206], [4.643571, 51.42141], [4.653907, 51.426216], [4.731215, 51.485618], [4.764184, 51.496238], [4.778654, 51.495359], [4.796844, 51.491018], [4.813587, 51.48412], [4.823922, 51.475645], [4.826093, 51.460555], [4.819891, 51.446215], [4.815447, 51.431074], [4.822682, 51.413685], [4.779067, 51.426423], [4.767802, 51.425389], [4.762117, 51.413375], [4.783304, 51.407638], [4.853274, 51.40614], [4.871671, 51.403039], [4.910325, 51.391903], [4.931926, 51.395624], [4.957144, 51.410997], [4.980192, 51.430531], [4.995798, 51.446706], [5.002723, 51.459005], [5.006133, 51.468307], [5.012128, 51.474327], [5.027527, 51.476807], [5.030318, 51.47443], [5.06029, 51.461976], [5.079927, 51.438541], [5.076413, 51.421901], [5.065251, 51.405907], [5.061737, 51.384255], [5.068145, 51.37454], [5.102561, 51.350665], [5.107832, 51.341984], [5.118064, 51.319918], [5.122922, 51.313381], [5.140182, 51.307386], [5.178836, 51.309505], [5.197336, 51.308342], [5.214906, 51.294338], [5.215423, 51.258733], [5.232993, 51.255916], [5.239456, 51.25693], [5.270717, 51.261833], [5.389056, 51.258707], [5.409933, 51.263539], [5.451894, 51.282116], [5.471635, 51.288085], [5.493235, 51.286535], [5.516696, 51.277233], [5.535197, 51.26204], [5.542328, 51.242661], [5.545532, 51.219924], [5.551407, 51.216767], [5.568373, 51.207651], [5.62501, 51.196902], [5.638549, 51.190907], [5.648161, 51.183957], [5.659013, 51.179074], [5.67617, 51.179177], [5.718028, 51.184603], [5.730844, 51.18375], [5.747173, 51.177601], [5.768051, 51.159462], [5.781383, 51.152409], [5.812079, 51.157318], [5.829132, 51.156465], [5.83802, 51.143727], [5.840501, 51.138921], [5.826445, 51.130162], [5.823241, 51.118741], [5.845979, 51.103393], [5.83678, 51.099492], [5.826652, 51.096908], [5.815903, 51.095875], [5.804948, 51.096624], [5.807428, 51.089389], [5.808978, 51.08634], [5.811769, 51.082309], [5.804327, 51.068589], [5.79885, 51.061484], [5.791305, 51.054998], [5.779626, 51.061303], [5.771461, 51.058125], [5.766397, 51.048436], [5.76402, 51.035181], [5.777559, 51.023553], [5.761746, 50.999162], [5.722369, 50.959423], [5.744693, 50.963247], [5.754305, 50.963092], [5.76402, 50.959423], [5.752548, 50.947227], [5.735288, 50.923973], [5.722369, 50.911674], [5.717614, 50.909245], [5.706039, 50.90661], [5.694463, 50.903664], [5.622323, 50.852659], [5.624493, 50.830284], [5.64072, 50.815039], [5.657432, 50.807641], [5.608484, 50.776421], [5.521926, 50.76004], [5.523838, 50.743762], [5.496811, 50.728853], [5.480843, 50.726399], [5.461155, 50.739964], [5.453248, 50.722264], [5.430976, 50.720869], [5.404095, 50.727498], [5.391753, 50.747121], [5.378214, 50.750841], [5.332119, 50.740971], [5.312275, 50.729706], [5.307366, 50.718389], [5.275585, 50.729447], [5.243381, 50.716879], [5.236155, 50.728233], [5.228921, 50.71875], [5.16939, 50.723556], [5.180439, 50.707164], [5.167736, 50.697253], [5.101103, 50.709756], [5.074718, 50.706917], [5.059526, 50.711567], [5.043041, 50.725107], [5.043547, 50.742835], [5.019103, 50.751932], [4.981442, 50.770944], [4.93235, 50.746294], [4.917209, 50.744795], [4.904548, 50.751565], [4.908049, 50.769573], [4.832614, 50.764639], [4.836888, 50.775492], [4.812926, 50.776886], [4.791532, 50.799469], [4.749622, 50.808667], [4.722854, 50.80257], [4.714163, 50.789822], [4.710243, 50.797298], [4.692675, 50.790994], [4.640481, 50.799572], [4.636347, 50.773993], [4.654627, 50.758398], [4.63521, 50.744072], [4.601824, 50.74295], [4.596551, 50.764687], [4.57294, 50.748361], [4.52917, 50.741824], [4.526948, 50.729447], [4.495116, 50.741075], [4.490206, 50.746087], [4.494532, 50.757612], [4.480026, 50.758955], [4.458012, 50.754562], [4.421735, 50.736553], [4.373676, 50.731825], [4.367888, 50.716735], [4.349026, 50.717614], [4.329906, 50.734305], [4.32262, 50.729034], [4.33325, 50.719049], [4.311406, 50.718802], [4.30877, 50.703558], [4.301846, 50.698287], [4.287221, 50.695238], [4.259574, 50.701077], [4.239989, 50.692034], [4.207433, 50.709087], [4.180251, 50.708725], [4.158599, 50.727845], [4.149038, 50.730378], [4.139117, 50.727949], [4.13183, 50.716942], [4.107491, 50.7172], [4.099739, 50.707123], [4.072712, 50.712911], [4.058501, 50.696013], [4.051473, 50.702834], [4.028012, 50.695031], [4.008995, 50.698984], [3.988842, 50.688726], [3.928225, 50.689812], [3.906934, 50.694669], [3.892771, 50.70641], [3.887969, 50.717562], [3.894988, 50.734164], [3.884403, 50.751384], [3.828024, 50.743503], [3.814692, 50.751901], [3.774635, 50.74897], [3.757795, 50.780322], [3.714543, 50.768644], [3.704001, 50.782106], [3.675321, 50.771925], [3.634651, 50.721851], [3.606643, 50.734202], [3.540545, 50.73494], [3.533979, 50.766421], [3.494143, 50.758877], [3.457608, 50.768515], [3.412753, 50.747405], [3.367432, 50.717303], [3.363453, 50.709655], [3.353635, 50.711645], [3.347795, 50.711929], [3.323146, 50.723453], [3.324582, 50.737157], [3.303302, 50.756423], [3.260824, 50.75234], [3.219689, 50.767275], [3.175068, 50.752715], [3.162811, 50.749939], [3.146195, 50.768892], [3.129245, 50.779072], [3.103304, 50.784085], [3.023817, 50.768262], [3.022962, 50.771618], [3.014424, 50.80513], [2.998824, 50.811613], [2.940637, 50.796678], [2.939707, 50.792234], [2.960205, 50.776796], [2.922447, 50.766965], [2.918106, 50.757714], [2.889632, 50.754149], [2.875421, 50.762469], [2.868807, 50.761228], [2.842193, 50.750841], [2.862502, 50.709552], [2.866726, 50.700091], [2.786734, 50.723365], [2.768234, 50.733235], [2.762963, 50.739385], [2.749527, 50.75959], [2.743842, 50.766205], [2.706635, 50.788787], [2.700021, 50.79628], [2.69692, 50.80305], [2.691856, 50.808838], [2.67873, 50.81323], [2.669222, 50.813902], [2.650618, 50.812248], [2.642453, 50.812455], [2.627777, 50.814419], [2.620439, 50.816486], [2.615168, 50.82217], [2.60659, 50.834831], [2.602042, 50.838087], [2.58995, 50.842014], [2.586746, 50.845425], [2.58778, 50.850024], [2.595531, 50.861134], [2.596668, 50.867646], [2.576928, 50.911519], [2.582715, 50.920666], [2.605763, 50.935238], [2.611654, 50.941233], [2.60845, 50.961128], [2.592741, 50.976114], [2.55698, 51.001177], [2.547059, 51.020479], [2.537033, 51.06461], [2.5218, 51.087541]], [[4.479746, 50.795423], [4.446488, 50.810993], [4.454911, 50.819778], [4.476099, 50.821535], [4.460231, 50.853214], [4.42003, 50.869491], [4.435688, 50.879671], [4.436194, 50.889293], [4.420495, 50.906336], [4.403286, 50.914811], [4.377345, 50.898584], [4.334609, 50.903132], [4.297918, 50.891453], [4.278953, 50.867785], [4.289174, 50.856428], [4.282829, 50.839622], [4.257456, 50.836934], [4.24557, 50.821638], [4.283035, 50.808409], [4.301226, 50.814404], [4.327632, 50.778979], [4.355279, 50.767145], [4.377242, 50.764639], [4.398429, 50.767791], [4.479746, 50.795423]]], [[[5.891288, 50.751246], [5.910158, 50.73597], [5.886917, 50.71335], [5.878184, 50.710999], [5.854154, 50.718854], [5.818291, 50.715598], [5.775968, 50.751203], [5.750284, 50.746862], [5.735298, 50.756371], [5.732777, 50.758851], [5.743556, 50.769099], [5.752444, 50.773439], [5.76247, 50.771011], [5.782933, 50.756696], [5.793165, 50.752149], [5.879878, 50.753544], [5.891288, 50.751246]]]]}}, {"type": "Feature", "properties": {"featurecla": "Admin-0 map unit", "scalerank": 0, "LABELRANK": 9, "SOVEREIGNT": "Belgium", "SOV_A3": "BEL", "ADM0_DIF": 0, "LEVEL": 3, "TYPE": "Geo unit", "TLC": "1", "ADMIN": "Belgium", "ADM0_A3": "BEL", "GEOU_DIF": 1, "GEOUNIT": "Walloon Region", "GU_A3": "BWR", "SU_DIF": 0, "SUBUNIT": "Walloon Region", "SU_A3": "BWR", "BRK_DIFF": 0, "NAME": "Walloon", "NAME_LONG": "Walloon Region", "BRK_A3": "BWR", "BRK_NAME": "Walloon", "BRK_GROUP": "Belgium", "ABBREV": "Wal.", "POSTAL": "WA", "FORMAL_EN": "Waals Gewest", "FORMAL_FR": null, "NAME_CIAWF": null, "NOTE_ADM0": null, "NOTE_BRK": null, "NAME_SORT": "Walloon Region", "NAME_ALT": null, "MAPCOLOR7": 3, "MAPCOLOR8": 2, "MAPCOLOR9": 1, "MAPCOLOR13": 8, "POP_EST": 3633795, "POP_RANK": 12, "POP_YEAR": 2019, "GDP_MD": 168683, "GDP_YEAR": 2016, "ECONOMY": "2. Developed region: nonG7", "INCOME_GRP": "1. High income: OECD", "FIPS_10": "-99", "ISO_A2": "-99", "ISO_A2_EH": "BE", "ISO_A3": "-99", "ISO_A3_EH": "BEL", "ISO_N3": "-99", "ISO_N3_EH": "056", "UN_A3": "-099", "WB_A2": "-99", "WB_A3": "-99", "WOE_ID": 55864897, "WOE_ID_EH": 55864897, "WOE_NOTE": "WOE colloquial group of Admin-1 states provinces: 7153299, 22525997, 7153303, 7153300, and 7153302.", "ADM0_ISO": "BEL", "ADM0_DIFF": "1", "ADM0_TLC": "BWR", "ADM0_A3_US": "BEL", "ADM0_A3_FR": "BEL", "ADM0_A3_RU": "BEL", "ADM0_A3_ES": "BEL", "ADM0_A3_CN": "BEL", "ADM0_A3_TW": "BEL", "ADM0_A3_IN": "BEL", "ADM0_A3_NP": "BEL", "ADM0_A3_PK": "BEL", "ADM0_A3_DE": "BEL", "ADM0_A3_GB": "BEL", "ADM0_A3_BR": "BEL", "ADM0_A3_IL": "BEL", "ADM0_A3_PS": "BEL", "ADM0_A3_SA": "BEL", "ADM0_A3_EG": "BEL", "ADM0_A3_MA": "BEL", "ADM0_A3_PT": "BEL", "ADM0_A3_AR": "BEL", "ADM0_A3_JP": "BEL", "ADM0_A3_KO": "BEL", "ADM0_A3_VN": "BEL", "ADM0_A3_TR": "BEL", "ADM0_A3_ID": "BEL", "ADM0_A3_PL": "BEL", "ADM0_A3_GR": "BEL", "ADM0_A3_IT": "BEL", "ADM0_A3_NL": "BEL", "ADM0_A3_SE": "BEL", "ADM0_A3_BD": "BEL", "ADM0_A3_UA": "BEL", "ADM0_A3_UN": -99, "ADM0_A3_WB": -99, "CONTINENT": "Europe", "REGION_UN": "Europe", "SUBREGION": "Western Europe", "REGION_WB": "Europe & Central Asia", "NAME_LEN": 7, "LONG_LEN": 14, "ABBREV_LEN": 4, "TINY": -99, "HOMEPART": 1, "MIN_ZOOM": 0, "MIN_LABEL": 6.7, "MAX_LABEL": 11, "LABEL_X": 5.368446, "LABEL_Y": 50.255764, "NE_ID": 1159320397, "WIKIDATAID": "Q1122", "NAME_AR": "\u0628\u0631\u0627\u0628\u0627\u0646\u062a \u0648\u0627\u0644\u0648\u0646", "NAME_BN": "\u0993\u09af\u09bc\u09be\u09b2\u09cd\u09b2\u09c1\u09a8 \u09ac\u09cd\u09b0\u09be\u09ac\u09be\u09a8\u09cd\u099f", "NAME_DE": "Provinz Wallonisch-Brabant", "NAME_EN": "Walloon Brabant", "NAME_ES": "Provincia del Brabante Val\u00f3n", "NAME_FA": "\u0627\u0633\u062a\u0627\u0646 \u0627\u0648\u0626\u0644\u0648\u0646 \u0628\u0631\u0628\u0627\u0646", "NAME_FR": "Brabant wallon", "NAME_EL": "\u0392\u03b1\u03bb\u03bb\u03c9\u03bd\u03b9\u03ba\u03ae \u0392\u03c1\u03b1\u03b2\u03ac\u03bd\u03c4\u03b7", "NAME_HE": "\u05d1\u05e8\u05d1\u05e0\u05d8 \u05d4\u05d5\u05d5\u05dc\u05d5\u05e0\u05d9\u05ea", "NAME_HI": "\u0935\u093e\u0932\u0942\u0928 \u092c\u094d\u0930\u092c\u0948\u0902\u091f", "NAME_HU": "Vallon-Brabant", "NAME_ID": "Brabant Walonia", "NAME_IT": "provincia del Brabante Vallone", "NAME_JA": "\u30d6\u30e9\u30d0\u30f3\u30fb\u30ef\u30ed\u30f3\u5dde", "NAME_KO": "\ube0c\ub77c\ubc29\uc648\ub871\uc8fc", "NAME_NL": "Waals-Brabant", "NAME_PL": "Prowincja Brabancja Walo\u0144ska", "NAME_PT": "Brabante Val\u00e3o", "NAME_RU": "\u0412\u0430\u043b\u043b\u043e\u043d\u0441\u043a\u0438\u0439 \u0411\u0440\u0430\u0431\u0430\u043d\u0442", "NAME_SV": "Vallonska Brabant", "NAME_TR": "Valon Brabant", "NAME_UK": "\u0412\u0430\u043b\u043b\u043e\u043d\u0441\u044c\u043a\u0438\u0439 \u0411\u0440\u0430\u0431\u0430\u043d\u0442", "NAME_UR": "\u0648\u0627\u0644\u0648\u0646 \u0628\u0631\u0627\u0628\u0646\u0679", "NAME_VI": "Walloon Brabant", "NAME_ZH": "\u74e6\u9686-\u5e03\u62c9\u73ed\u7279\u7701", "NAME_ZHT": "\u74e6\u9686-\u5e03\u62c9\u73ed\u7279\u7701", "FCLASS_ISO": "Unrecognized", "TLC_DIFF": "1", "FCLASS_TLC": "Admin-1 region", "FCLASS_US": null, "FCLASS_FR": null, "FCLASS_RU": null, "FCLASS_ES": null, "FCLASS_CN": null, "FCLASS_TW": null, "FCLASS_IN": null, "FCLASS_NP": null, "FCLASS_PK": null, "FCLASS_DE": null, "FCLASS_GB": null, "FCLASS_BR": null, "FCLASS_IL": null, "FCLASS_PS": null, "FCLASS_SA": null, "FCLASS_EG": null, "FCLASS_MA": null, "FCLASS_PT": null, "FCLASS_AR": null, "FCLASS_JP": null, "FCLASS_KO": null, "FCLASS_VN": null, "FCLASS_TR": null, "FCLASS_ID": null, "FCLASS_PL": null, "FCLASS_GR": null, "FCLASS_IT": null, "FCLASS_NL": null, "FCLASS_SE": null, "FCLASS_BD": null, "FCLASS_UA": null}, "bbox": [2.842193, 49.495223, 6.374525, 50.811613], "geometry": {"type": "MultiPolygon", "coordinates": [[[[2.866726, 50.700091], [2.862502, 50.709552], [2.842193, 50.750841], [2.868807, 50.761228], [2.875421, 50.762469], [2.889632, 50.754149], [2.918106, 50.757714], [2.922447, 50.766965], [2.960205, 50.776796], [2.939707, 50.792234], [2.940637, 50.796678], [2.998824, 50.811613], [3.014424, 50.80513], [3.022962, 50.771618], [3.023817, 50.768262], [2.971425, 50.757833], [2.948378, 50.748686], [2.930188, 50.736232], [2.900112, 50.703108], [2.886883, 50.696648], [2.871276, 50.698767], [2.866726, 50.700091]]], [[[3.162811, 50.749939], [3.175068, 50.752715], [3.219689, 50.767275], [3.260824, 50.75234], [3.303302, 50.756423], [3.324582, 50.737157], [3.323146, 50.723453], [3.347795, 50.711929], [3.353635, 50.711645], [3.363453, 50.709655], [3.367432, 50.717303], [3.412753, 50.747405], [3.457608, 50.768515], [3.494143, 50.758877], [3.533979, 50.766421], [3.540545, 50.73494], [3.606643, 50.734202], [3.634651, 50.721851], [3.675321, 50.771925], [3.704001, 50.782106], [3.714543, 50.768644], [3.757795, 50.780322], [3.774635, 50.74897], [3.814692, 50.751901], [3.828024, 50.743503], [3.884403, 50.751384], [3.894988, 50.734164], [3.887969, 50.717562], [3.892771, 50.70641], [3.906934, 50.694669], [3.928225, 50.689812], [3.988842, 50.688726], [4.008995, 50.698984], [4.028012, 50.695031], [4.051473, 50.702834], [4.058501, 50.696013], [4.072712, 50.712911], [4.099739, 50.707123], [4.107491, 50.7172], [4.13183, 50.716942], [4.139117, 50.727949], [4.149038, 50.730378], [4.158599, 50.727845], [4.180251, 50.708725], [4.207433, 50.709087], [4.239989, 50.692034], [4.259574, 50.701077], [4.287221, 50.695238], [4.301846, 50.698287], [4.30877, 50.703558], [4.311406, 50.718802], [4.33325, 50.719049], [4.32262, 50.729034], [4.329906, 50.734305], [4.349026, 50.717614], [4.367888, 50.716735], [4.373676, 50.731825], [4.421735, 50.736553], [4.458012, 50.754562], [4.480026, 50.758955], [4.494532, 50.757612], [4.490206, 50.746087], [4.495116, 50.741075], [4.526948, 50.729447], [4.52917, 50.741824], [4.57294, 50.748361], [4.596551, 50.764687], [4.601824, 50.74295], [4.63521, 50.744072], [4.654627, 50.758398], [4.636347, 50.773993], [4.640481, 50.799572], [4.692675, 50.790994], [4.710243, 50.797298], [4.714163, 50.789822], [4.722854, 50.80257], [4.749622, 50.808667], [4.791532, 50.799469], [4.812926, 50.776886], [4.836888, 50.775492], [4.832614, 50.764639], [4.908049, 50.769573], [4.904548, 50.751565], [4.917209, 50.744795], [4.93235, 50.746294], [4.981442, 50.770944], [5.019103, 50.751932], [5.043547, 50.742835], [5.043041, 50.725107], [5.059526, 50.711567], [5.074718, 50.706917], [5.101103, 50.709756], [5.167736, 50.697253], [5.180439, 50.707164], [5.16939, 50.723556], [5.228921, 50.71875], [5.236155, 50.728233], [5.243381, 50.716879], [5.275585, 50.729447], [5.307366, 50.718389], [5.312275, 50.729706], [5.332119, 50.740971], [5.378214, 50.750841], [5.391753, 50.747121], [5.404095, 50.727498], [5.430976, 50.720869], [5.453248, 50.722264], [5.461155, 50.739964], [5.480843, 50.726399], [5.496811, 50.728853], [5.523838, 50.743762], [5.521926, 50.76004], [5.608484, 50.776421], [5.657432, 50.807641], [5.663251, 50.805065], [5.684852, 50.798503], [5.700458, 50.795557], [5.698701, 50.783775], [5.688366, 50.76083], [5.706556, 50.754216], [5.717408, 50.752821], [5.727846, 50.754164], [5.732777, 50.758851], [5.735298, 50.756371], [5.750284, 50.746862], [5.775968, 50.751203], [5.818291, 50.715598], [5.854154, 50.718854], [5.878184, 50.710999], [5.886917, 50.71335], [5.910158, 50.73597], [5.891288, 50.751246], [5.902203, 50.749048], [5.974756, 50.74755], [5.99491, 50.749927], [5.993256, 50.748066], [5.992636, 50.746258], [5.99274, 50.744449], [5.994187, 50.742589], [6.010826, 50.737059], [6.011343, 50.727447], [6.007623, 50.716905], [6.01155, 50.708534], [6.024779, 50.707552], [6.064363, 50.714477], [6.081003, 50.713495], [6.100227, 50.701299], [6.161102, 50.642181], [6.147769, 50.636755], [6.159448, 50.622389], [6.180015, 50.615516], [6.249055, 50.614431], [6.251329, 50.608437], [6.244301, 50.599548], [6.232932, 50.590763], [6.232932, 50.587146], [6.210608, 50.578671], [6.179085, 50.561979], [6.160688, 50.543583], [6.177328, 50.530198], [6.169473, 50.522499], [6.170817, 50.517951], [6.178878, 50.515781], [6.190557, 50.515212], [6.182599, 50.506582], [6.19066, 50.501828], [6.199239, 50.490408], [6.207197, 50.486325], [6.217119, 50.486015], [6.250915, 50.492681], [6.253086, 50.494077], [6.255566, 50.494593], [6.25784, 50.494077], [6.260114, 50.492681], [6.27541, 50.48803], [6.318715, 50.481674], [6.336905, 50.481003], [6.325743, 50.474026], [6.323262, 50.466016], [6.326156, 50.457025], [6.331634, 50.446896], [6.340212, 50.437853], [6.347343, 50.436974], [6.351167, 50.433564], [6.350444, 50.416872], [6.343313, 50.393308], [6.336388, 50.379923], [6.337732, 50.368089], [6.372458, 50.329436], [6.3734, 50.32308], [6.374525, 50.315483], [6.362019, 50.306956], [6.335458, 50.303856], [6.322022, 50.305406], [6.310653, 50.308248], [6.299491, 50.308868], [6.285952, 50.303856], [6.27603, 50.296104], [6.269415, 50.286492], [6.267348, 50.276416], [6.271792, 50.267424], [6.253396, 50.256778], [6.210401, 50.249027], [6.189627, 50.242722], [6.179808, 50.233007], [6.157174, 50.222724], [6.146839, 50.214042], [6.160171, 50.204534], [6.165752, 50.193165], [6.165132, 50.181899], [6.159138, 50.172443], [6.151696, 50.169342], [6.131749, 50.168308], [6.123171, 50.164898], [6.121311, 50.16159], [6.118003, 50.150377], [6.115833, 50.145467], [6.125962, 50.140196], [6.129476, 50.134047], [6.126582, 50.127329], [6.117487, 50.120456], [6.102604, 50.124745], [6.10033, 50.132652], [6.101467, 50.142108], [6.097126, 50.151307], [6.084207, 50.159317], [6.076456, 50.158645], [6.070048, 50.154201], [6.061366, 50.150738], [6.038628, 50.148413], [6.027363, 50.149447], [6.022967, 50.15082], [6.014134, 50.153581], [6.008036, 50.160919], [6.004729, 50.170479], [5.998321, 50.174975], [5.982921, 50.167068], [5.96163, 50.165621], [5.953156, 50.156371], [5.949021, 50.142677], [5.941063, 50.128311], [5.92618, 50.118337], [5.888973, 50.106607], [5.872437, 50.096892], [5.86882, 50.090535], [5.866856, 50.074309], [5.864375, 50.067488], [5.858278, 50.061803], [5.843705, 50.053638], [5.83771, 50.047437], [5.838847, 50.035862], [5.838847, 50.026457], [5.836367, 50.01855], [5.829132, 50.013589], [5.808875, 50.007801], [5.802674, 50.002479], [5.801537, 49.988681], [5.808565, 49.9831], [5.812596, 49.977571], [5.80164, 49.963825], [5.793372, 49.958812], [5.778593, 49.95659], [5.771565, 49.953541], [5.76371, 49.946823], [5.759989, 49.941604], [5.757612, 49.93654], [5.753581, 49.930183], [5.718958, 49.891374], [5.714927, 49.881866], [5.726709, 49.878197], [5.748827, 49.867293], [5.758129, 49.858198], [5.731877, 49.859955], [5.73198, 49.854167], [5.730533, 49.85117], [5.728673, 49.848845], [5.726916, 49.845227], [5.736528, 49.83944], [5.724642, 49.834272], [5.720198, 49.824712], [5.721645, 49.812775], [5.727743, 49.800217], [5.738285, 49.788848], [5.748414, 49.785644], [5.759162, 49.784456], [5.771875, 49.779392], [5.778489, 49.773035], [5.802054, 49.742856], [5.803604, 49.738154], [5.805774, 49.724201], [5.805361, 49.721876], [5.811769, 49.718517], [5.825721, 49.715778], [5.831716, 49.713607], [5.837297, 49.712936], [5.843705, 49.714331], [5.850216, 49.714021], [5.856004, 49.708078], [5.856403, 49.705807], [5.857347, 49.70043], [5.853627, 49.696296], [5.848769, 49.69273], [5.847219, 49.687201], [5.846702, 49.68069], [5.843705, 49.677486], [5.842258, 49.67392], [5.845772, 49.666582], [5.852593, 49.663223], [5.872644, 49.661724], [5.879878, 49.657745], [5.885459, 49.643534], [5.879878, 49.634853], [5.869957, 49.628858], [5.861998, 49.62276], [5.849183, 49.599713], [5.841224, 49.589687], [5.829959, 49.582763], [5.846909, 49.576717], [5.8374, 49.56111], [5.814456, 49.545142], [5.790685, 49.537753], [5.779006, 49.539613], [5.757095, 49.548398], [5.746346, 49.549431], [5.735598, 49.545711], [5.722679, 49.5346], [5.710276, 49.531086], [5.688676, 49.533515], [5.667178, 49.54044], [5.644647, 49.543799], [5.619739, 49.53553], [5.607854, 49.524937], [5.60558, 49.517754], [5.602273, 49.513723], [5.587493, 49.512431], [5.578915, 49.51393], [5.547599, 49.523438], [5.528789, 49.517961], [5.503674, 49.505093], [5.477732, 49.495223], [5.456132, 49.498944], [5.44993, 49.507832], [5.450964, 49.516772], [5.454168, 49.526177], [5.454375, 49.536616], [5.450241, 49.545762], [5.402078, 49.602451], [5.391166, 49.608817], [5.383475, 49.613304], [5.352469, 49.620693], [5.3411, 49.625137], [5.334899, 49.625809], [5.331178, 49.623122], [5.326941, 49.617644], [5.32167, 49.61258], [5.314538, 49.611133], [5.297898, 49.613252], [5.293041, 49.617179], [5.290664, 49.626378], [5.293764, 49.640537], [5.301826, 49.643896], [5.306373, 49.647513], [5.299449, 49.662499], [5.280122, 49.677899], [5.259244, 49.691335], [5.237644, 49.690973], [5.192478, 49.682808], [5.169431, 49.687201], [5.151241, 49.695986], [5.136358, 49.705339], [5.093776, 49.745337], [5.081891, 49.752727], [5.046234, 49.759393], [5.026287, 49.766731], [4.98908, 49.790554], [4.970993, 49.797065], [4.968371, 49.796981], [4.950013, 49.796393], [4.906604, 49.786471], [4.884177, 49.784146], [4.858029, 49.786575], [4.849037, 49.794171], [4.849244, 49.831585], [4.846763, 49.837528], [4.836945, 49.848018], [4.834878, 49.85303], [4.836738, 49.859128], [4.845626, 49.865846], [4.848934, 49.871066], [4.854308, 49.883313], [4.859372, 49.891684], [4.861956, 49.900314], [4.860199, 49.913337], [4.844593, 49.931734], [4.797257, 49.944291], [4.783925, 49.958295], [4.788265, 49.974263], [4.826713, 50.036017], [4.827643, 50.046714], [4.826093, 50.055034], [4.827229, 50.064077], [4.84604, 50.09069], [4.852137, 50.091621], [4.862886, 50.084076], [4.86516, 50.101594], [4.870534, 50.122265], [4.871878, 50.139783], [4.862679, 50.147586], [4.831364, 50.1434], [4.820098, 50.146449], [4.815551, 50.161332], [4.788575, 50.153374], [4.681915, 50.083921], [4.676128, 50.076066], [4.67344, 50.066196], [4.675818, 50.060201], [4.679538, 50.055189], [4.680572, 50.048316], [4.672924, 50.01638], [4.665896, 50.000515], [4.656697, 49.989095], [4.645845, 49.984495], [4.604194, 49.980206], [4.464771, 49.935609], [4.435109, 49.93225], [4.427651, 49.933572], [4.277599, 49.960156], [4.215953, 49.954408], [4.201118, 49.953024], [4.187682, 49.955505], [4.131665, 49.974987], [4.132365, 49.974946], [4.139623, 49.974522], [4.138383, 49.989198], [4.132905, 50.004494], [4.128151, 50.005786], [4.132285, 50.017568], [4.137349, 50.025061], [4.144584, 50.030797], [4.162877, 50.041805], [4.186028, 50.05245], [4.210006, 50.06015], [4.210316, 50.066713], [4.203392, 50.074671], [4.197397, 50.084076], [4.180551, 50.127226], [4.170629, 50.130481], [4.15988, 50.129396], [4.139933, 50.123557], [4.125774, 50.128156], [4.128151, 50.146243], [4.147374, 50.186343], [4.152749, 50.204534], [4.157296, 50.212698], [4.167942, 50.222465], [4.191506, 50.234299], [4.201325, 50.241534], [4.203702, 50.251973], [4.197604, 50.258484], [4.185201, 50.26546], [4.171766, 50.270886], [4.162774, 50.272953], [4.150268, 50.269543], [4.149751, 50.263135], [4.150992, 50.256262], [4.143654, 50.251611], [4.125257, 50.25714], [4.097868, 50.294812], [4.077198, 50.306646], [4.055907, 50.314553], [4.022731, 50.338117], [4.0033, 50.34406], [3.982113, 50.342613], [3.918551, 50.325456], [3.895917, 50.325301], [3.878037, 50.330779], [3.86088, 50.338479], [3.84021, 50.345197], [3.798662, 50.348452], [3.755047, 50.346334], [3.741508, 50.34313], [3.733446, 50.337239], [3.715463, 50.317653], [3.711122, 50.309333], [3.708435, 50.306336], [3.703887, 50.304321], [3.702234, 50.305251], [3.700787, 50.304683], [3.696859, 50.298223], [3.661719, 50.319307], [3.652934, 50.360183], [3.652831, 50.406847], [3.644356, 50.445501], [3.62813, 50.464363], [3.608286, 50.476507], [3.586375, 50.483483], [3.563741, 50.486532], [3.499145, 50.48679], [3.486743, 50.492681], [3.496458, 50.503792], [3.498008, 50.511853], [3.491497, 50.517073], [3.477131, 50.519863], [3.462868, 50.51914], [3.452636, 50.514851], [3.442714, 50.508494], [3.429175, 50.501828], [3.385354, 50.491648], [3.361066, 50.489787], [3.343599, 50.49294], [3.299881, 50.507461], [3.286755, 50.514075], [3.271045, 50.526943], [3.265878, 50.538312], [3.264327, 50.570196], [3.237869, 50.626472], [3.229808, 50.65541], [3.24376, 50.672102], [3.232391, 50.695925], [3.224433, 50.705175], [3.210997, 50.707965], [3.196941, 50.709206], [3.188983, 50.715097], [3.176684, 50.734114], [3.162811, 50.749939]]]]}}, {"type": "Feature", "properties": {"featurecla": "Admin-0 map unit", "scalerank": 0, "LABELRANK": 3, "SOVEREIGNT": "Ireland", "SOV_A3": "IRL", "ADM0_DIF": 0, "LEVEL": 2, "TYPE": "Sovereign country", "TLC": "1", "ADMIN": "Ireland", "ADM0_A3": "IRL", "GEOU_DIF": 0, "GEOUNIT": "Ireland", "GU_A3": "IRL", "SU_DIF": 0, "SUBUNIT": "Ireland", "SU_A3": "IRL", "BRK_DIFF": 0, "NAME": "Ireland", "NAME_LONG": "Ireland", "BRK_A3": "IRL", "BRK_NAME": "Ireland", "BRK_GROUP": null, "ABBREV": "Ire.", "POSTAL": "IRL", "FORMAL_EN": "Ireland", "FORMAL_FR": null, "NAME_CIAWF": "Ireland", "NOTE_ADM0": null, "NOTE_BRK": null, "NAME_SORT": "Ireland", "NAME_ALT": null, "MAPCOLOR7": 2, "MAPCOLOR8": 3, "MAPCOLOR9": 2, "MAPCOLOR13": 2, "POP_EST": 4941444, "POP_RANK": 12, "POP_YEAR": 2019, "GDP_MD": 388698, "GDP_YEAR": 2019, "ECONOMY": "2. Developed region: nonG7", "INCOME_GRP": "1. High income: OECD", "FIPS_10": "EI", "ISO_A2": "IE", "ISO_A2_EH": "IE", "ISO_A3": "IRL", "ISO_A3_EH": "IRL", "ISO_N3": "372", "ISO_N3_EH": "372", "UN_A3": "372", "WB_A2": "IE", "WB_A3": "IRL", "WOE_ID": 23424803, "WOE_ID_EH": 23424803, "WOE_NOTE": "Exact WOE match as country", "ADM0_ISO": "IRL", "ADM0_DIFF": null, "ADM0_TLC": "IRL", "ADM0_A3_US": "IRL", "ADM0_A3_FR": "IRL", "ADM0_A3_RU": "IRL", "ADM0_A3_ES": "IRL", "ADM0_A3_CN": "IRL", "ADM0_A3_TW": "IRL", "ADM0_A3_IN": "IRL", "ADM0_A3_NP": "IRL", "ADM0_A3_PK": "IRL", "ADM0_A3_DE": "IRL", "ADM0_A3_GB": "IRL", "ADM0_A3_BR": "IRL", "ADM0_A3_IL": "IRL", "ADM0_A3_PS": "IRL", "ADM0_A3_SA": "IRL", "ADM0_A3_EG": "IRL", "ADM0_A3_MA": "IRL", "ADM0_A3_PT": "IRL", "ADM0_A3_AR": "IRL", "ADM0_A3_JP": "IRL", "ADM0_A3_KO": "IRL", "ADM0_A3_VN": "IRL", "ADM0_A3_TR": "IRL", "ADM0_A3_ID": "IRL", "ADM0_A3_PL": "IRL", "ADM0_A3_GR": "IRL", "ADM0_A3_IT": "IRL", "ADM0_A3_NL": "IRL", "ADM0_A3_SE": "IRL", "ADM0_A3_BD": "IRL", "ADM0_A3_UA": "IRL", "ADM0_A3_UN": -99, "ADM0_A3_WB": -99, "CONTINENT": "Europe", "REGION_UN": "Europe", "SUBREGION": "Northern Europe", "REGION_WB": "Europe & Central Asia", "NAME_LEN": 7, "LONG_LEN": 7, "ABBREV_LEN": 4, "TINY": -99, "HOMEPART": 1, "MIN_ZOOM": 0, "MIN_LABEL": 3, "MAX_LABEL": 8, "LABEL_X": -7.798588, "LABEL_Y": 53.078726, "NE_ID": 1159320877, "WIKIDATAID": "Q27", "NAME_AR": "\u062c\u0645\u0647\u0648\u0631\u064a\u0629 \u0623\u064a\u0631\u0644\u0646\u062f\u0627", "NAME_BN": "\u09aa\u09cd\u09b0\u099c\u09be\u09a4\u09a8\u09cd\u09a4\u09cd\u09b0\u09c0 \u0986\u09af\u09bc\u09be\u09b0\u09b2\u09cd\u09af\u09be\u09a8\u09cd\u09a1", "NAME_DE": "Irland", "NAME_EN": "Ireland", "NAME_ES": "Irlanda", "NAME_FA": "\u0627\u06cc\u0631\u0644\u0646\u062f", "NAME_FR": "Irlande", "NAME_EL": "\u0394\u03b7\u03bc\u03bf\u03ba\u03c1\u03b1\u03c4\u03af\u03b1 \u03c4\u03b7\u03c2 \u0399\u03c1\u03bb\u03b1\u03bd\u03b4\u03af\u03b1\u03c2", "NAME_HE": "\u05d0\u05d9\u05e8\u05dc\u05e0\u05d3", "NAME_HI": "\u0906\u092f\u0930\u0932\u0948\u0923\u094d\u0921", "NAME_HU": "\u00cdrorsz\u00e1g", "NAME_ID": "Republik Irlandia", "NAME_IT": "Irlanda", "NAME_JA": "\u30a2\u30a4\u30eb\u30e9\u30f3\u30c9", "NAME_KO": "\uc544\uc77c\ub79c\ub4dc", "NAME_NL": "Ierland", "NAME_PL": "Irlandia", "NAME_PT": "Rep\u00fablica da Irlanda", "NAME_RU": "\u0418\u0440\u043b\u0430\u043d\u0434\u0438\u044f", "NAME_SV": "Irland", "NAME_TR": "\u0130rlanda", "NAME_UK": "\u0406\u0440\u043b\u0430\u043d\u0434\u0456\u044f", "NAME_UR": "\u062c\u0645\u06c1\u0648\u0631\u06cc\u06c1 \u0622\u0626\u0631\u0644\u06cc\u0646\u0688", "NAME_VI": "C\u1ed9ng h\u00f2a Ireland", "NAME_ZH": "\u7231\u5c14\u5170", "NAME_ZHT": "\u611b\u723e\u862d", "FCLASS_ISO": "Admin-0 country", "TLC_DIFF": null, "FCLASS_TLC": "Admin-0 country", "FCLASS_US": null, "FCLASS_FR": null, "FCLASS_RU": null, "FCLASS_ES": null, "FCLASS_CN": null, "FCLASS_TW": null, "FCLASS_IN": null, "FCLASS_NP": null, "FCLASS_PK": null, "FCLASS_DE": null, "FCLASS_GB": null, "FCLASS_BR": null, "FCLASS_IL": null, "FCLASS_PS": null, "FCLASS_SA": null, "FCLASS_EG": null, "FCLASS_MA": null, "FCLASS_PT": null, "FCLASS_AR": null, "FCLASS_JP": null, "FCLASS_KO": null, "FCLASS_VN": null, "FCLASS_TR": null, "FCLASS_ID": null, "FCLASS_PL": null, "FCLASS_GR": null, "FCLASS_IT": null, "FCLASS_NL": null, "FCLASS_SE": null, "FCLASS_BD": null, "FCLASS_UA": null}, "bbox": [-10.478179, 51.445705, -5.99352, 55.386379], "geometry": {"type": "MultiPolygon", "coordinates": [[[[-7.2471, 55.069322], [-7.266503, 55.065167], [-7.275288, 55.058863], [-7.282987, 55.051835], [-7.291152, 55.046615], [-7.355024, 55.040931], [-7.366962, 55.035557], [-7.376987, 55.02889], [-7.405254, 55.003569], [-7.40112, 54.994836], [-7.403755, 54.99313], [-7.409078, 54.992045], [-7.413109, 54.984965], [-7.407424, 54.959437], [-7.408665, 54.951117], [-7.415755, 54.944372], [-7.417139, 54.943056], [-7.436983, 54.938301], [-7.445251, 54.932152], [-7.448972, 54.920318], [-7.444735, 54.894893], [-7.444735, 54.884455], [-7.45507, 54.863009], [-7.470831, 54.845284], [-7.543385, 54.793091], [-7.549741, 54.779603], [-7.551705, 54.754695], [-7.548398, 54.747202], [-7.543023, 54.743791], [-7.543075, 54.741673], [-7.556149, 54.738365], [-7.566639, 54.738675], [-7.585398, 54.744722], [-7.61537, 54.739347], [-7.649683, 54.744877], [-7.667512, 54.738779], [-7.70229, 54.718883], [-7.736603, 54.707463], [-7.770503, 54.706016], [-7.803576, 54.716145], [-7.832153, 54.730614], [-7.845899, 54.731027], [-7.880109, 54.711029], [-7.929666, 54.696714], [-7.913233, 54.688653], [-7.907135, 54.686689], [-7.914835, 54.671651], [-7.906619, 54.661316], [-7.890082, 54.655063], [-7.872771, 54.652221], [-7.864347, 54.649069], [-7.85427, 54.636408], [-7.846416, 54.631447], [-7.838044, 54.63124], [-7.822541, 54.638113], [-7.814996, 54.639457], [-7.801199, 54.634806], [-7.769159, 54.618011], [-7.753553, 54.614497], [-7.736758, 54.619251], [-7.721204, 54.625866], [-7.710558, 54.624264], [-7.707951, 54.604763], [-7.707871, 54.604162], [-7.749264, 54.596152], [-7.848844, 54.54091], [-7.887137, 54.532125], [-7.926411, 54.533055], [-8.002194, 54.543442], [-8.023278, 54.529696], [-8.043561, 54.512229], [-8.05586, 54.497553], [-8.060976, 54.493316], [-8.072448, 54.487063], [-8.097046, 54.478588], [-8.15017, 54.46939], [-8.168467, 54.463477], [-8.173837, 54.461741], [-8.161177, 54.454817], [-8.158128, 54.447117], [-8.156035, 54.439055], [-8.146346, 54.430736], [-8.122419, 54.415233], [-8.079941, 54.380196], [-8.05648, 54.365882], [-8.03134, 54.358027], [-8.002194, 54.357923], [-7.981033, 54.326556], [-7.96801, 54.31219], [-7.950802, 54.300873], [-7.942075, 54.298873], [-7.93411, 54.297049], [-7.894966, 54.293586], [-7.880264, 54.287023], [-7.873649, 54.271055], [-7.86967, 54.226872], [-7.856441, 54.211421], [-7.836959, 54.204341], [-7.782078, 54.2], [-7.722599, 54.202326], [-7.70477, 54.200362], [-7.632682, 54.168529], [-7.625706, 54.162173], [-7.624052, 54.153336], [-7.620796, 54.144965], [-7.609014, 54.139901], [-7.502302, 54.125121], [-7.480753, 54.127653], [-7.439619, 54.146929], [-7.414659, 54.145688], [-7.425769, 54.136955], [-7.422255, 54.135456], [-7.41223, 54.136438], [-7.403962, 54.135043], [-7.396624, 54.126258], [-7.39466, 54.121917], [-7.390216, 54.121194], [-7.375488, 54.123312], [-7.326964, 54.113597], [-7.316489, 54.11428], [-7.310324, 54.114683], [-7.333165, 54.142743], [-7.333165, 54.149409], [-7.325982, 54.154577], [-7.295545, 54.165119], [-7.292134, 54.162638], [-7.295028, 54.155404], [-7.296423, 54.146515], [-7.29632, 54.134991], [-7.297353, 54.125896], [-7.293788, 54.122021], [-7.280042, 54.126155], [-7.27074, 54.132253], [-7.263505, 54.140986], [-7.26087, 54.151166], [-7.265366, 54.16114], [-7.24578, 54.166979], [-7.247021, 54.17225], [-7.256322, 54.176901], [-7.261128, 54.18088], [-7.255496, 54.190854], [-7.249088, 54.197416], [-7.240871, 54.202326], [-7.229502, 54.207545], [-7.174725, 54.216072], [-7.153331, 54.224237], [-7.159739, 54.24067], [-7.14589, 54.25209], [-7.181495, 54.269763], [-7.1755, 54.283664], [-7.209038, 54.293431], [-7.211467, 54.30418], [-7.206661, 54.304903], [-7.199168, 54.303457], [-7.193691, 54.307539], [-7.192399, 54.307384], [-7.184647, 54.316634], [-7.185009, 54.317254], [-7.187644, 54.318804], [-7.191468, 54.323869], [-7.193949, 54.329967], [-7.19245, 54.334721], [-7.18947, 54.335692], [-7.185629, 54.336943], [-7.168059, 54.335031], [-7.159894, 54.335186], [-7.127028, 54.349759], [-7.078504, 54.394717], [-7.049255, 54.411512], [-7.017836, 54.413166], [-6.984091, 54.403089], [-6.922028, 54.372703], [-6.915051, 54.365933], [-6.905956, 54.349035], [-6.897895, 54.346193], [-6.885957, 54.345624], [-6.879705, 54.341594], [-6.870015, 54.326001], [-6.858414, 54.307332], [-6.856657, 54.292811], [-6.864667, 54.282734], [-6.882185, 54.277257], [-6.846683, 54.266456], [-6.837743, 54.260513], [-6.833196, 54.25209], [-6.829733, 54.242375], [-6.823946, 54.23235], [-6.807358, 54.21633], [-6.787824, 54.202998], [-6.766481, 54.192352], [-6.744777, 54.184187], [-6.73284, 54.183567], [-6.724779, 54.188631], [-6.717234, 54.195143], [-6.706537, 54.198915], [-6.694651, 54.197985], [-6.683954, 54.194368], [-6.663025, 54.183826], [-6.648448, 54.173665], [-6.640339, 54.168013], [-6.634552, 54.150133], [-6.643957, 54.131839], [-6.666436, 54.114786], [-6.655791, 54.103314], [-6.657082, 54.091945], [-6.672534, 54.068432], [-6.657289, 54.061146], [-6.630624, 54.041819], [-6.616465, 54.037271], [-6.610987, 54.039235], [-6.605217, 54.044475], [-6.60029, 54.04895], [-6.595071, 54.052412], [-6.587164, 54.053343], [-6.571868, 54.049519], [-6.564013, 54.04895], [-6.47854, 54.067709], [-6.450894, 54.068432], [-6.450222, 54.066675], [-6.446243, 54.062438], [-6.4403, 54.057993], [-6.433892, 54.055306], [-6.426761, 54.05541], [-6.401026, 54.060887], [-6.377513, 54.063264], [-6.371157, 54.066778], [-6.366919, 54.075098], [-6.367643, 54.083418], [-6.369348, 54.091118], [-6.368108, 54.097319], [-6.354827, 54.110652], [-6.346662, 54.109877], [-6.338962, 54.102952], [-6.327128, 54.097888], [-6.313796, 54.099696], [-6.299585, 54.104037], [-6.28465, 54.105226], [-6.269887, 54.097927], [-6.207021, 54.061713], [-6.191396, 54.056952], [-6.184316, 54.053778], [-6.169911, 54.039618], [-6.163808, 54.036444], [-6.142486, 54.035224], [-6.13386, 54.033352], [-6.126536, 54.030219], [-6.107289, 54.013617], [-6.110992, 54.001288], [-6.143544, 53.97842], [-6.160756, 53.974433], [-6.185536, 53.979722], [-6.209096, 53.988593], [-6.222768, 53.995429], [-6.23705, 53.993842], [-6.307037, 54.011868], [-6.359853, 54.016018], [-6.359853, 54.00849], [-6.347808, 54.003607], [-6.353871, 53.994208], [-6.366282, 53.981024], [-6.372955, 53.964423], [-6.378285, 53.934882], [-6.378977, 53.916897], [-6.372955, 53.899319], [-6.350819, 53.881415], [-6.317291, 53.87108], [-6.243235, 53.865139], [-6.243235, 53.857652], [-6.254018, 53.839911], [-6.254994, 53.822211], [-6.244985, 53.806871], [-6.222768, 53.796291], [-6.243276, 53.782538], [-6.248443, 53.755764], [-6.245798, 53.729641], [-6.241322, 53.685614], [-6.23644, 53.670844], [-6.229888, 53.656562], [-6.222768, 53.646064], [-6.213043, 53.64057], [-6.197987, 53.634467], [-6.187082, 53.630072], [-6.169789, 53.605658], [-6.142486, 53.594468], [-6.112457, 53.585761], [-6.092397, 53.577135], [-6.084462, 53.56802], [-6.077301, 53.554633], [-6.074941, 53.53974], [-6.081532, 53.525946], [-6.0985, 53.509711], [-6.103139, 53.50316], [-6.105458, 53.495185], [-6.112782, 53.486721], [-6.12442, 53.468573], [-6.133372, 53.461086], [-6.140859, 53.471137], [-6.158355, 53.472846], [-6.178619, 53.468655], [-6.194814, 53.461086], [-6.130605, 53.442613], [-6.125803, 53.431586], [-6.122222, 53.419867], [-6.112904, 53.412665], [-6.116444, 53.409491], [-6.122955, 53.402167], [-6.126536, 53.398993], [-6.11026, 53.394029], [-6.069081, 53.392524], [-6.050852, 53.385403], [-6.062001, 53.367377], [-6.074615, 53.366889], [-6.088206, 53.373969], [-6.102366, 53.378485], [-6.106435, 53.380805], [-6.118886, 53.39057], [-6.122792, 53.392768], [-6.132314, 53.391588], [-6.14977, 53.386542], [-6.156972, 53.385403], [-6.215321, 53.358059], [-6.21817, 53.347154], [-6.211334, 53.33869], [-6.187978, 53.32392], [-6.168365, 53.306342], [-6.155181, 53.299384], [-6.127105, 53.295396], [-6.116607, 53.290269], [-6.10912, 53.28913], [-6.096995, 53.285549], [-6.096995, 53.277574], [-6.102162, 53.269355], [-6.105458, 53.265204], [-6.106557, 53.24315], [-6.104888, 53.229438], [-6.099233, 53.214667], [-6.088938, 53.204088], [-6.088694, 53.203803], [-6.076975, 53.195217], [-6.071034, 53.184272], [-6.078114, 53.166205], [-6.064687, 53.154364], [-6.030385, 53.111029], [-6.032094, 53.107245], [-6.032704, 53.106635], [-6.033681, 53.106676], [-6.037099, 53.104804], [-6.03246, 53.088446], [-6.033803, 53.064154], [-6.039418, 53.040351], [-6.047434, 53.025336], [-6.051625, 53.009263], [-6.038482, 52.993801], [-5.996571, 52.964911], [-5.99352, 52.957424], [-6.006459, 52.954006], [-6.01183, 52.949652], [-6.02184, 52.930894], [-6.026967, 52.926663], [-6.037953, 52.919664], [-6.071929, 52.872016], [-6.064443, 52.864569], [-6.107289, 52.839789], [-6.119049, 52.830471], [-6.130116, 52.815985], [-6.153879, 52.768378], [-6.147857, 52.746161], [-6.151031, 52.741563], [-6.168446, 52.716783], [-6.215321, 52.665961], [-6.22057, 52.647284], [-6.219472, 52.63231], [-6.209096, 52.603909], [-6.206451, 52.588528], [-6.209096, 52.545844], [-6.222239, 52.528388], [-6.282948, 52.467108], [-6.301015, 52.453681], [-6.317738, 52.447943], [-6.333241, 52.434638], [-6.356191, 52.409003], [-6.365549, 52.3935], [-6.3662, 52.37523], [-6.364369, 52.357815], [-6.366119, 52.344428], [-6.373036, 52.351996], [-6.380971, 52.356757], [-6.390045, 52.358832], [-6.448069, 52.355902], [-6.468861, 52.360012], [-6.462961, 52.377997], [-6.472035, 52.375922], [-6.480702, 52.372992], [-6.488759, 52.369127], [-6.49649, 52.364325], [-6.49649, 52.3581], [-6.481435, 52.354641], [-6.467519, 52.346869], [-6.456125, 52.335842], [-6.448638, 52.322699], [-6.454986, 52.312242], [-6.423736, 52.307929], [-6.41454, 52.29975], [-6.409169, 52.289252], [-6.396881, 52.298082], [-6.372955, 52.322699], [-6.372955, 52.316474], [-6.38976, 52.2956], [-6.369781, 52.27261], [-6.318349, 52.24079], [-6.347035, 52.197252], [-6.359853, 52.186184], [-6.369862, 52.179999], [-6.377065, 52.178209], [-6.386586, 52.179348], [-6.399485, 52.185492], [-6.397328, 52.19066], [-6.390004, 52.195299], [-6.380971, 52.207587], [-6.382314, 52.211982], [-6.394032, 52.212836], [-6.400054, 52.210924], [-6.408762, 52.203192], [-6.420888, 52.196723], [-6.422678, 52.19477], [-6.425608, 52.193793], [-6.469106, 52.19359], [-6.469106, 52.199774], [-6.448638, 52.199774], [-6.46231, 52.20718], [-6.472564, 52.206977], [-6.489654, 52.199774], [-6.537465, 52.19359], [-6.579742, 52.178209], [-6.597157, 52.179592], [-6.623118, 52.196723], [-6.641428, 52.202786], [-6.715566, 52.21662], [-6.786285, 52.210028], [-6.805572, 52.212836], [-6.805572, 52.220364], [-6.790435, 52.224433], [-6.77599, 52.233222], [-6.765859, 52.245754], [-6.764027, 52.261298], [-6.77599, 52.250881], [-6.792958, 52.240424], [-6.812652, 52.235297], [-6.832265, 52.24079], [-6.839101, 52.234565], [-6.838002, 52.226549], [-6.836537, 52.223334], [-6.836415, 52.220201], [-6.839101, 52.212836], [-6.828277, 52.217597], [-6.824778, 52.220364], [-6.818593, 52.220364], [-6.821848, 52.205715], [-6.824941, 52.199937], [-6.832265, 52.19359], [-6.825429, 52.193183], [-6.818593, 52.19359], [-6.818593, 52.186184], [-6.821929, 52.185777], [-6.828928, 52.186265], [-6.832265, 52.186184], [-6.824778, 52.179348], [-6.897084, 52.152045], [-6.907216, 52.145575], [-6.918568, 52.133002], [-6.932118, 52.124661], [-6.948964, 52.130927], [-6.939768, 52.143215], [-6.927887, 52.149807], [-6.915191, 52.154853], [-6.90392, 52.162299], [-6.903717, 52.172187], [-6.92101, 52.212836], [-6.926747, 52.219713], [-6.936676, 52.229071], [-6.948313, 52.23725], [-6.958852, 52.24079], [-6.970123, 52.247382], [-6.984731, 52.278632], [-6.997385, 52.289211], [-6.994496, 52.277533], [-6.991851, 52.266791], [-6.99059, 52.261664], [-6.989898, 52.251654], [-6.986806, 52.246894], [-6.97289, 52.230211], [-6.969472, 52.220364], [-6.982289, 52.195624], [-6.97997, 52.18594], [-6.955149, 52.186184], [-6.955149, 52.179348], [-6.971018, 52.171291], [-6.999867, 52.146715], [-7.017201, 52.138373], [-7.039459, 52.135199], [-7.084584, 52.134345], [-7.106028, 52.130927], [-7.100087, 52.142157], [-7.071848, 52.165717], [-7.093902, 52.17178], [-7.106353, 52.173], [-7.120229, 52.171942], [-7.120229, 52.165717], [-7.114491, 52.162787], [-7.111684, 52.159735], [-7.109527, 52.156317], [-7.106028, 52.152045], [-7.116444, 52.153144], [-7.129303, 52.157782], [-7.137318, 52.158881], [-7.149648, 52.156317], [-7.156361, 52.150458], [-7.161, 52.143622], [-7.16747, 52.138373], [-7.187367, 52.132758], [-7.205963, 52.132758], [-7.243764, 52.138373], [-7.435455, 52.125678], [-7.504303, 52.102688], [-7.541412, 52.097398], [-7.546213, 52.094916], [-7.549957, 52.089748], [-7.555287, 52.084906], [-7.565297, 52.083726], [-7.572255, 52.087592], [-7.576487, 52.094631], [-7.579416, 52.101264], [-7.582631, 52.104234], [-7.599965, 52.10102], [-7.619008, 52.092231], [-7.631093, 52.079047], [-7.627349, 52.06269], [-7.617584, 52.070217], [-7.602162, 52.071682], [-7.583892, 52.06859], [-7.554107, 52.060248], [-7.546783, 52.059272], [-7.545155, 52.054999], [-7.551015, 52.042792], [-7.582631, 52.02851], [-7.586415, 51.998114], [-7.589915, 51.991156], [-7.598256, 51.989081], [-7.608266, 51.987942], [-7.616526, 51.983832], [-7.635406, 51.976752], [-7.688466, 51.980373], [-7.709299, 51.973863], [-7.717641, 51.959906], [-7.717397, 51.949612], [-7.723297, 51.944566], [-7.829335, 51.953437], [-7.832428, 51.957587], [-7.834055, 51.966742], [-7.83849, 51.975898], [-7.849843, 51.980129], [-7.851796, 51.977118], [-7.853017, 51.975165], [-7.854156, 51.951361], [-7.856679, 51.942857], [-7.869862, 51.929511], [-7.884267, 51.919094], [-7.901194, 51.912665], [-7.922231, 51.911811], [-7.892649, 51.894843], [-7.880605, 51.891995], [-7.891469, 51.881903], [-7.914174, 51.8758], [-7.955719, 51.870185], [-8.008168, 51.85578], [-8.023061, 51.843573], [-8.00414, 51.829901], [-8.020579, 51.82392], [-8.096099, 51.814114], [-8.134185, 51.804755], [-8.197174, 51.80093], [-8.224762, 51.802558], [-8.236195, 51.802069], [-8.246205, 51.80272], [-8.250559, 51.806301], [-8.247955, 51.813422], [-8.2412, 51.818549], [-8.232411, 51.822008], [-8.223256, 51.823676], [-8.225494, 51.827297], [-8.230092, 51.836737], [-8.215647, 51.838446], [-8.20165, 51.841986], [-8.188222, 51.847968], [-8.175404, 51.857164], [-8.18163, 51.85932], [-8.186838, 51.861762], [-8.193105, 51.863674], [-8.202789, 51.864], [-8.195302, 51.877021], [-8.1905, 51.88109], [-8.18224, 51.884508], [-8.187082, 51.893134], [-8.193756, 51.895413], [-8.201527, 51.892157], [-8.210194, 51.884508], [-8.223256, 51.890082], [-8.24356, 51.89289], [-8.284657, 51.891995], [-8.284657, 51.898139], [-8.293202, 51.903306], [-8.310374, 51.900824], [-8.328847, 51.895413], [-8.347401, 51.891995], [-8.388499, 51.893459], [-8.408844, 51.891791], [-8.429351, 51.884508], [-8.396067, 51.876776], [-8.354156, 51.872992], [-8.329254, 51.861314], [-8.347401, 51.829901], [-8.309885, 51.832099], [-8.298329, 51.829901], [-8.298329, 51.823676], [-8.305165, 51.823676], [-8.305165, 51.81623], [-8.296295, 51.811591], [-8.292104, 51.810004], [-8.306508, 51.807847], [-8.313059, 51.805609], [-8.319488, 51.802558], [-8.284657, 51.802558], [-8.301991, 51.785875], [-8.305165, 51.782131], [-8.303782, 51.776597], [-8.299631, 51.771715], [-8.297353, 51.766018], [-8.301747, 51.758205], [-8.334788, 51.735256], [-8.345693, 51.724677], [-8.372548, 51.715522], [-8.410024, 51.709784], [-8.422434, 51.704047], [-8.435536, 51.692694], [-8.441762, 51.703925], [-8.4558, 51.712307], [-8.471913, 51.716254], [-8.483957, 51.713813], [-8.469228, 51.70661], [-8.464182, 51.695014], [-8.468984, 51.684068], [-8.483957, 51.678412], [-8.491119, 51.698676], [-8.512441, 51.706041], [-8.55842, 51.706366], [-8.55842, 51.700141], [-8.548329, 51.696357], [-8.527984, 51.695014], [-8.517486, 51.692694], [-8.508168, 51.699205], [-8.502105, 51.700344], [-8.497548, 51.692694], [-8.499623, 51.686957], [-8.5065, 51.68244], [-8.514882, 51.679511], [-8.521148, 51.678412], [-8.536488, 51.654731], [-8.539174, 51.648383], [-8.538197, 51.637397], [-8.533559, 51.622301], [-8.531728, 51.610785], [-8.544423, 51.617906], [-8.558705, 51.638007], [-8.572662, 51.644965], [-8.589101, 51.645901], [-8.638173, 51.637437], [-8.757639, 51.644965], [-8.743276, 51.635199], [-8.726552, 51.631334], [-8.690012, 51.631293], [-8.690012, 51.623847], [-8.696604, 51.620998], [-8.702952, 51.617011], [-8.682525, 51.610785], [-8.693471, 51.604682], [-8.699778, 51.597235], [-8.700795, 51.588121], [-8.696156, 51.576646], [-8.733998, 51.579779], [-8.742787, 51.575629], [-8.750071, 51.579413], [-8.757069, 51.586005], [-8.765126, 51.590277], [-8.801991, 51.590277], [-8.812571, 51.591946], [-8.820221, 51.594631], [-8.82665, 51.59516], [-8.833363, 51.590277], [-8.853871, 51.595933], [-8.868031, 51.584459], [-8.878529, 51.567206], [-8.88801, 51.555569], [-8.923329, 51.548163], [-8.928944, 51.545966], [-8.933176, 51.535346], [-8.942047, 51.537746], [-8.950551, 51.545071], [-8.953196, 51.549384], [-8.95995, 51.551418], [-8.979888, 51.560696], [-8.991119, 51.562974], [-9.002797, 51.562161], [-9.01769, 51.55683], [-9.072865, 51.549384], [-9.085683, 51.552191], [-9.108144, 51.560858], [-9.120758, 51.562974], [-9.120758, 51.555569], [-9.116322, 51.554104], [-9.107737, 51.549384], [-9.115712, 51.537909], [-9.128163, 51.529283], [-9.1433, 51.523871], [-9.158599, 51.52204], [-9.18456, 51.52619], [-9.192535, 51.524604], [-9.189605, 51.514594], [-9.189605, 51.508368], [-9.203969, 51.508002], [-9.210846, 51.501695], [-9.215728, 51.493476], [-9.223785, 51.487291], [-9.234731, 51.486477], [-9.243764, 51.489325], [-9.253041, 51.491156], [-9.26476, 51.487291], [-9.26537, 51.494127], [-9.267486, 51.498847], [-9.27009, 51.502997], [-9.272125, 51.508368], [-9.299469, 51.497504], [-9.301747, 51.488715], [-9.307444, 51.487291], [-9.315297, 51.487616], [-9.32372, 51.483832], [-9.335317, 51.476996], [-9.349233, 51.474026], [-9.381418, 51.473619], [-9.369944, 51.478583], [-9.360707, 51.483832], [-9.353139, 51.490871], [-9.346669, 51.500922], [-9.361155, 51.494574], [-9.372914, 51.491278], [-9.376861, 51.494615], [-9.367787, 51.508368], [-9.357086, 51.517157], [-9.332387, 51.527655], [-9.319936, 51.535061], [-9.322906, 51.53734], [-9.324127, 51.538031], [-9.325063, 51.53913], [-9.327463, 51.542548], [-9.335805, 51.537258], [-9.367787, 51.525092], [-9.371693, 51.519355], [-9.381093, 51.512397], [-9.401845, 51.500922], [-9.413889, 51.511135], [-9.412587, 51.520697], [-9.405873, 51.531724], [-9.401845, 51.545966], [-9.408844, 51.552191], [-9.425038, 51.557563], [-9.443267, 51.559516], [-9.456532, 51.555569], [-9.447987, 51.543647], [-9.476552, 51.535061], [-9.547475, 51.525295], [-9.551381, 51.521226], [-9.552805, 51.511461], [-9.556304, 51.508124], [-9.573883, 51.508979], [-9.580719, 51.508368], [-9.599965, 51.496894], [-9.611318, 51.493842], [-9.628407, 51.494086], [-9.629628, 51.504055], [-9.641835, 51.515204], [-9.655914, 51.520168], [-9.662668, 51.511461], [-9.717193, 51.480414], [-9.710805, 51.475979], [-9.708079, 51.474555], [-9.703521, 51.473619], [-9.77184, 51.453111], [-9.768951, 51.464301], [-9.777943, 51.462226], [-9.80663, 51.445705], [-9.813385, 51.453111], [-9.820221, 51.445705], [-9.818918, 51.458482], [-9.817006, 51.463121], [-9.813385, 51.467434], [-9.813385, 51.473619], [-9.822174, 51.475409], [-9.826324, 51.477729], [-9.833892, 51.487291], [-9.812001, 51.491523], [-9.793813, 51.499661], [-9.758168, 51.52204], [-9.740061, 51.529771], [-9.704986, 51.535712], [-9.683095, 51.542548], [-9.665395, 51.551581], [-9.621653, 51.582831], [-9.602773, 51.591986], [-9.566762, 51.602281], [-9.545888, 51.610785], [-9.59203, 51.613715], [-9.785024, 51.552476], [-9.847524, 51.549384], [-9.805287, 51.566718], [-9.796051, 51.569241], [-9.786366, 51.573472], [-9.779286, 51.582831], [-9.770334, 51.592231], [-9.731191, 51.600898], [-9.607981, 51.642401], [-9.594553, 51.655504], [-9.561879, 51.658149], [-9.524729, 51.670315], [-9.487904, 51.675727], [-9.458608, 51.683987], [-9.456532, 51.700141], [-9.451772, 51.704983], [-9.447418, 51.710883], [-9.442942, 51.713813], [-9.442942, 51.720038], [-9.457265, 51.724595], [-9.472808, 51.718817], [-9.489817, 51.714545], [-9.512807, 51.725898], [-9.521474, 51.725531], [-9.525461, 51.726874], [-9.526438, 51.73078], [-9.524526, 51.743394], [-9.525461, 51.747301], [-9.531728, 51.751532], [-9.540273, 51.755927], [-9.55012, 51.759508], [-9.560211, 51.761623], [-9.555898, 51.748684], [-9.557281, 51.739447], [-9.55663, 51.730902], [-9.545888, 51.720038], [-9.56607, 51.716702], [-9.579661, 51.710598], [-9.60733, 51.692694], [-9.62682, 51.685045], [-9.648061, 51.680813], [-9.71349, 51.676459], [-9.747955, 51.667426], [-9.874135, 51.656195], [-9.915354, 51.644599], [-9.930084, 51.637437], [-9.931874, 51.634711], [-9.932118, 51.631049], [-9.932932, 51.627265], [-9.93635, 51.623847], [-9.941884, 51.621324], [-10.00475, 51.608547], [-10.028798, 51.596503], [-10.040273, 51.597642], [-10.059926, 51.602769], [-10.070058, 51.603949], [-10.116119, 51.600287], [-10.138661, 51.593899], [-10.156077, 51.582831], [-10.162831, 51.590277], [-10.155263, 51.593817], [-10.153228, 51.599311], [-10.152699, 51.605414], [-10.149241, 51.610785], [-10.1433, 51.613593], [-10.075063, 51.625393], [-10.059804, 51.631293], [-10.059804, 51.635688], [-10.061025, 51.636664], [-10.063466, 51.636461], [-10.06664, 51.637437], [-10.062652, 51.649848], [-10.070668, 51.65705], [-10.085317, 51.659898], [-10.100819, 51.659247], [-10.088124, 51.671617], [-10.066396, 51.674384], [-10.025746, 51.672268], [-10.003774, 51.678046], [-9.956858, 51.706366], [-9.956858, 51.713813], [-9.997792, 51.713813], [-9.980702, 51.731879], [-9.949371, 51.747016], [-9.914906, 51.757554], [-9.888539, 51.761623], [-9.891672, 51.757025], [-9.897043, 51.746731], [-9.902252, 51.741156], [-9.884511, 51.743394], [-9.867909, 51.748603], [-9.856516, 51.758612], [-9.8544, 51.775295], [-9.841298, 51.769721], [-9.823801, 51.767808], [-9.785512, 51.7685], [-9.785512, 51.775295], [-9.793365, 51.77619], [-9.813385, 51.782131], [-9.813385, 51.788275], [-9.799875, 51.793769], [-9.774322, 51.812201], [-9.754506, 51.819078], [-9.742909, 51.832465], [-9.73766, 51.836737], [-9.729848, 51.838039], [-9.703521, 51.836737], [-9.671051, 51.843004], [-9.612538, 51.863511], [-9.580719, 51.870185], [-9.580719, 51.877672], [-9.653147, 51.871772], [-9.758046, 51.846991], [-9.77717, 51.839748], [-9.785512, 51.833319], [-9.791737, 51.826809], [-9.824696, 51.82685], [-9.840077, 51.823676], [-9.833892, 51.81623], [-9.86384, 51.804267], [-9.874867, 51.802558], [-9.872711, 51.807318], [-9.869944, 51.818671], [-9.868031, 51.823676], [-9.882192, 51.823676], [-9.890492, 51.819566], [-9.896108, 51.814114], [-9.902252, 51.810004], [-9.914215, 51.807318], [-9.938303, 51.804999], [-9.949941, 51.802558], [-9.993642, 51.780951], [-10.016754, 51.774644], [-10.039377, 51.782131], [-10.059438, 51.768704], [-10.084543, 51.755927], [-10.111195, 51.746039], [-10.13561, 51.741156], [-10.12975, 51.75434], [-10.224355, 51.782131], [-10.186147, 51.789618], [-10.177073, 51.813666], [-10.194203, 51.839097], [-10.234609, 51.85102], [-10.246083, 51.845608], [-10.27123, 51.821682], [-10.282623, 51.81623], [-10.294749, 51.812405], [-10.325754, 51.794176], [-10.341054, 51.788275], [-10.346588, 51.801093], [-10.334706, 51.830268], [-10.341054, 51.843573], [-10.355702, 51.845608], [-10.375885, 51.844428], [-10.388905, 51.846177], [-10.381947, 51.857164], [-10.382476, 51.861965], [-10.384836, 51.863349], [-10.387359, 51.86343], [-10.388783, 51.864], [-10.386708, 51.867743], [-10.384633, 51.870185], [-10.382802, 51.87287], [-10.381947, 51.877672], [-10.385365, 51.877997], [-10.392242, 51.877509], [-10.395619, 51.877672], [-10.395619, 51.884508], [-10.36266, 51.887193], [-10.279612, 51.905585], [-10.262196, 51.905585], [-10.25414, 51.908677], [-10.250885, 51.915513], [-10.251576, 51.922349], [-10.255035, 51.925482], [-10.269195, 51.930813], [-10.277821, 51.941962], [-10.287994, 51.95185], [-10.306874, 51.953437], [-10.306874, 51.959621], [-10.295318, 51.96426], [-10.270579, 51.969713], [-10.258453, 51.973863], [-10.266225, 51.988471], [-10.245432, 51.995063], [-10.217356, 51.998928], [-10.191803, 52.009833], [-10.128163, 52.02851], [-10.033274, 52.041083], [-9.992665, 52.055894], [-9.971059, 52.089911], [-9.963612, 52.089911], [-9.963735, 52.071967], [-9.954335, 52.064154], [-9.940338, 52.062323], [-9.926381, 52.06269], [-9.929596, 52.071926], [-9.908437, 52.130927], [-9.877512, 52.119534], [-9.846181, 52.118557], [-9.77184, 52.124701], [-9.77892, 52.128567], [-9.787506, 52.135403], [-9.792958, 52.138373], [-9.758168, 52.152045], [-9.956858, 52.145209], [-9.943756, 52.124701], [-9.950063, 52.113227], [-9.954661, 52.108791], [-9.960601, 52.124945], [-9.970326, 52.131659], [-9.98351, 52.135891], [-9.997792, 52.138373], [-10.028066, 52.139635], [-10.162424, 52.11872], [-10.186269, 52.109442], [-10.197133, 52.115424], [-10.207021, 52.125067], [-10.217519, 52.130927], [-10.227895, 52.128404], [-10.234609, 52.122382], [-10.242055, 52.119778], [-10.26773, 52.13581], [-10.27892, 52.136379], [-10.306874, 52.130927], [-10.306874, 52.124701], [-10.296986, 52.124742], [-10.288564, 52.123236], [-10.272084, 52.117906], [-10.272084, 52.111721], [-10.297434, 52.114407], [-10.344879, 52.124661], [-10.368316, 52.124701], [-10.367421, 52.117987], [-10.364369, 52.114895], [-10.354075, 52.111721], [-10.375722, 52.111274], [-10.415273, 52.099677], [-10.436594, 52.097398], [-10.460764, 52.103013], [-10.467519, 52.115139], [-10.469309, 52.132025], [-10.478179, 52.152045], [-10.469472, 52.155097], [-10.450917, 52.165717], [-10.450917, 52.171942], [-10.461293, 52.179999], [-10.449696, 52.18891], [-10.428212, 52.196357], [-10.409291, 52.199774], [-10.416656, 52.186184], [-10.394602, 52.174791], [-10.382069, 52.171942], [-10.37206, 52.175605], [-10.369252, 52.183661], [-10.37267, 52.190619], [-10.373158, 52.197821], [-10.36148, 52.206692], [-10.371571, 52.211575], [-10.375803, 52.212836], [-10.366567, 52.228217], [-10.354726, 52.232245], [-10.339752, 52.231879], [-10.320546, 52.234565], [-10.30899, 52.241889], [-10.286977, 52.263617], [-10.275787, 52.268134], [-10.171864, 52.286811], [-10.156077, 52.278632], [-10.168202, 52.240668], [-10.166249, 52.234565], [-10.100819, 52.24079], [-10.071441, 52.251288], [-10.044911, 52.269273], [-10.036041, 52.290351], [-10.059804, 52.309638], [-10.02477, 52.310126], [-10.013539, 52.306342], [-10.0183, 52.296047], [-10.01358, 52.28148], [-10.012807, 52.265855], [-10.008778, 52.253363], [-9.994374, 52.248236], [-9.978139, 52.246405], [-9.947499, 52.237616], [-9.913686, 52.233059], [-9.872222, 52.232652], [-9.858062, 52.237698], [-9.837229, 52.254299], [-9.825592, 52.258246], [-9.813385, 52.255072], [-9.820221, 52.251939], [-9.826487, 52.248236], [-9.810048, 52.242133], [-9.73766, 52.248236], [-9.753407, 52.258287], [-9.767649, 52.260972], [-9.799184, 52.261298], [-9.831776, 52.27265], [-9.846791, 52.27497], [-9.861887, 52.268134], [-9.869374, 52.273139], [-9.874908, 52.279242], [-9.878774, 52.286811], [-9.881093, 52.296047], [-9.868967, 52.288764], [-9.859609, 52.284735], [-9.849233, 52.284735], [-9.833892, 52.289211], [-9.846791, 52.293891], [-9.853342, 52.295396], [-9.861887, 52.296047], [-9.861887, 52.303453], [-9.851918, 52.303656], [-9.826487, 52.309638], [-9.837636, 52.326402], [-9.834462, 52.37523], [-9.850982, 52.385443], [-9.903717, 52.391547], [-9.931752, 52.399848], [-9.949941, 52.412095], [-9.934967, 52.421536], [-9.915883, 52.425605], [-9.848378, 52.428412], [-9.748931, 52.456732], [-9.735585, 52.463609], [-9.720611, 52.47724], [-9.703521, 52.483547], [-9.677398, 52.48314], [-9.651357, 52.478949], [-9.634633, 52.473578], [-9.638783, 52.487128], [-9.650502, 52.493842], [-9.666371, 52.495795], [-9.683095, 52.494615], [-9.677317, 52.499701], [-9.675201, 52.504828], [-9.677113, 52.510077], [-9.683095, 52.515123], [-9.683095, 52.521959], [-9.674916, 52.528022], [-9.673207, 52.533881], [-9.675649, 52.545844], [-9.671946, 52.552924], [-9.648305, 52.57038], [-9.642812, 52.567328], [-9.636464, 52.570136], [-9.628529, 52.574774], [-9.617909, 52.577216], [-9.576975, 52.57038], [-9.497467, 52.57038], [-9.489613, 52.568183], [-9.480336, 52.563788], [-9.470326, 52.561835], [-9.460276, 52.566636], [-9.452952, 52.573188], [-9.446523, 52.576239], [-9.438385, 52.577135], [-9.362538, 52.575426], [-9.358713, 52.575344], [-9.350413, 52.573798], [-9.335846, 52.57803], [-9.272125, 52.577216], [-9.23648, 52.58161], [-9.220286, 52.585598], [-9.206695, 52.594306], [-9.192372, 52.600491], [-9.070627, 52.624172], [-9.052398, 52.631822], [-9.044179, 52.620836], [-9.02595, 52.618354], [-9.005605, 52.620836], [-8.991119, 52.624986], [-8.98526, 52.630683], [-8.978993, 52.639879], [-8.971018, 52.648505], [-8.95995, 52.652289], [-8.784983, 52.665961], [-8.751169, 52.67296], [-8.769358, 52.673163], [-8.834462, 52.689154], [-8.867502, 52.693305], [-8.932688, 52.687079], [-8.949696, 52.68891], [-8.960846, 52.693671], [-8.962066, 52.700019], [-8.949371, 52.706936], [-8.949371, 52.713772], [-8.953521, 52.722398], [-8.952056, 52.73432], [-8.954498, 52.744696], [-8.969879, 52.748481], [-8.961415, 52.756537], [-8.950307, 52.769517], [-8.942616, 52.775214], [-8.968902, 52.770819], [-9.000234, 52.760443], [-9.02359, 52.747138], [-9.025787, 52.73428], [-9.058217, 52.696763], [-9.146799, 52.623765], [-9.165761, 52.61758], [-9.254791, 52.611396], [-9.259918, 52.608588], [-9.275787, 52.595201], [-9.285797, 52.590806], [-9.298085, 52.589748], [-9.310699, 52.590644], [-9.322743, 52.593451], [-9.333079, 52.597724], [-9.317128, 52.606431], [-9.295237, 52.615302], [-9.278676, 52.625718], [-9.278961, 52.639309], [-9.310618, 52.627265], [-9.383656, 52.613105], [-9.434478, 52.612006], [-9.456166, 52.614447], [-9.475453, 52.619574], [-9.483795, 52.628404], [-9.490712, 52.634101], [-9.524892, 52.63703], [-9.538442, 52.645453], [-9.533274, 52.660956], [-9.544179, 52.666653], [-9.580719, 52.665961], [-9.580719, 52.659125], [-9.57136, 52.657131], [-9.563385, 52.653062], [-9.556996, 52.64704], [-9.552805, 52.639309], [-9.628407, 52.61758], [-9.672719, 52.61164], [-9.694407, 52.605618], [-9.703521, 52.594306], [-9.706858, 52.580227], [-9.714508, 52.578599], [-9.723622, 52.582261], [-9.730824, 52.584052], [-9.757476, 52.571967], [-9.93635, 52.556708], [-9.93635, 52.562934], [-9.918202, 52.568101], [-9.87564, 52.586819], [-9.824086, 52.59516], [-9.621653, 52.713772], [-9.624257, 52.717475], [-9.628407, 52.727444], [-9.617543, 52.730618], [-9.603179, 52.737738], [-9.593658, 52.741034], [-9.580719, 52.743354], [-9.549387, 52.741034], [-9.538197, 52.742255], [-9.519521, 52.747301], [-9.508372, 52.748481], [-9.498647, 52.752509], [-9.494618, 52.76203], [-9.491322, 52.773342], [-9.483795, 52.78266], [-9.489166, 52.786811], [-9.489329, 52.78734], [-9.486684, 52.788764], [-9.483795, 52.795722], [-9.491282, 52.803168], [-9.480621, 52.80683], [-9.469797, 52.813178], [-9.459462, 52.821357], [-9.450347, 52.830471], [-9.444488, 52.839342], [-9.441396, 52.847154], [-9.437489, 52.853461], [-9.429189, 52.857733], [-9.429189, 52.864569], [-9.42748, 52.877753], [-9.365305, 52.91413], [-9.354075, 52.933498], [-9.372874, 52.937161], [-9.451405, 52.934638], [-9.477651, 52.940334], [-9.449452, 52.957506], [-9.437571, 52.966742], [-9.407948, 52.997016], [-9.398549, 53.004096], [-9.387603, 53.008612], [-9.39509, 53.015448], [-9.341624, 53.076972], [-9.319936, 53.091132], [-9.303334, 53.107896], [-9.289662, 53.129218], [-9.272206, 53.146674], [-9.251088, 53.151923], [-9.227447, 53.143541], [-9.180531, 53.116767], [-9.158599, 53.111029], [-9.139556, 53.115424], [-9.118967, 53.123358], [-9.096669, 53.127021], [-9.072865, 53.118476], [-9.070058, 53.134467], [-9.08434, 53.143459], [-9.128163, 53.151923], [-9.128163, 53.15941], [-9.069569, 53.166205], [-9.053944, 53.162421], [-9.023427, 53.147162], [-9.004058, 53.145738], [-9.004058, 53.151923], [-9.045644, 53.166205], [-9.045644, 53.173733], [-9.022572, 53.167426], [-9.009633, 53.166083], [-8.998118, 53.173896], [-8.986684, 53.176988], [-8.978871, 53.175767], [-8.984202, 53.166205], [-8.974233, 53.157945], [-8.96349, 53.151801], [-8.95108, 53.147773], [-8.936391, 53.145738], [-8.945221, 53.166164], [-8.950103, 53.173733], [-8.956858, 53.179877], [-8.944, 53.195014], [-8.928212, 53.205878], [-8.894846, 53.220893], [-8.905385, 53.220689], [-8.924143, 53.215888], [-8.932688, 53.214667], [-9.031484, 53.21662], [-9.045644, 53.220893], [-9.028066, 53.227525], [-8.982655, 53.234442], [-8.963124, 53.235175], [-8.963124, 53.241929], [-8.991119, 53.241929], [-8.991119, 53.248196], [-8.98176, 53.253241], [-8.955881, 53.25788], [-8.942616, 53.261786], [-8.942616, 53.268622], [-9.022084, 53.275458], [-9.042226, 53.273342], [-9.077056, 53.263983], [-9.401438, 53.247992], [-9.432932, 53.238593], [-9.447865, 53.231879], [-9.470082, 53.228258], [-9.511708, 53.228339], [-9.532948, 53.234442], [-9.544423, 53.243557], [-9.553131, 53.253363], [-9.566396, 53.261786], [-9.547271, 53.27912], [-9.554555, 53.290717], [-9.57136, 53.290473], [-9.580719, 53.27204], [-9.585194, 53.250434], [-9.596832, 53.237698], [-9.612294, 53.236151], [-9.628407, 53.248196], [-9.628407, 53.255601], [-9.60912, 53.276313], [-9.617299, 53.321479], [-9.597401, 53.330064], [-9.594106, 53.329169], [-9.584218, 53.324897], [-9.576975, 53.32392], [-9.572987, 53.326077], [-9.566518, 53.335395], [-9.563385, 53.337592], [-9.56078, 53.341213], [-9.601145, 53.364895], [-9.590199, 53.372382], [-9.552805, 53.385403], [-9.588857, 53.38642], [-9.606557, 53.384711], [-9.621653, 53.378485], [-9.60851, 53.366604], [-9.606597, 53.349351], [-9.615468, 53.334662], [-9.634633, 53.330064], [-9.652496, 53.341254], [-9.647939, 53.359931], [-9.637766, 53.377509], [-9.638417, 53.385403], [-9.644154, 53.387397], [-9.648346, 53.391059], [-9.652659, 53.392808], [-9.658844, 53.389065], [-9.672515, 53.378485], [-9.684722, 53.37523], [-9.692779, 53.367621], [-9.703521, 53.351793], [-9.727528, 53.326077], [-9.743072, 53.314399], [-9.790395, 53.301581], [-9.806711, 53.301581], [-9.823354, 53.3133], [-9.842926, 53.32331], [-9.886586, 53.317206], [-9.902252, 53.32392], [-9.897857, 53.327867], [-9.892812, 53.340562], [-9.890736, 53.351874], [-9.887196, 53.359198], [-9.880279, 53.363105], [-9.87149, 53.364569], [-9.858062, 53.364895], [-9.841298, 53.367906], [-9.800526, 53.384426], [-9.785512, 53.392768], [-9.785512, 53.398993], [-9.820221, 53.398993], [-9.820221, 53.40644], [-9.799184, 53.412665], [-9.799184, 53.419501], [-9.814076, 53.419501], [-9.825185, 53.416693], [-9.847524, 53.40644], [-9.846913, 53.399359], [-9.860178, 53.394232], [-9.875396, 53.395209], [-9.881093, 53.40644], [-9.875722, 53.415432], [-9.856068, 53.423774], [-9.847524, 53.433743], [-9.860341, 53.432522], [-9.868072, 53.427476], [-9.874908, 53.422065], [-9.884755, 53.419501], [-9.893951, 53.421576], [-9.902333, 53.425238], [-9.911448, 53.425971], [-9.922678, 53.419501], [-9.925649, 53.409735], [-9.92276, 53.398424], [-9.922353, 53.389228], [-9.933217, 53.385403], [-9.944488, 53.384263], [-9.961415, 53.379584], [-10.001088, 53.379218], [-10.01415, 53.381252], [-10.025746, 53.385403], [-10.035959, 53.393744], [-10.041982, 53.402655], [-10.049306, 53.409817], [-10.063222, 53.412665], [-10.103505, 53.408433], [-10.127553, 53.409857], [-10.141754, 53.419501], [-10.149973, 53.414944], [-10.15803, 53.412828], [-10.176503, 53.412665], [-10.167592, 53.428778], [-10.156972, 53.439643], [-10.142242, 53.445705], [-10.121327, 53.447414], [-10.08316, 53.442613], [-10.067983, 53.443834], [-10.052968, 53.453599], [-10.052968, 53.461086], [-10.064565, 53.461982], [-10.074208, 53.465766], [-10.081654, 53.472357], [-10.087148, 53.481513], [-10.065338, 53.479193], [-10.040761, 53.472561], [-10.020579, 53.470445], [-10.012074, 53.481513], [-10.03185, 53.480292], [-10.069407, 53.484768], [-10.107289, 53.494452], [-10.128163, 53.508857], [-10.12914, 53.515204], [-10.134755, 53.527086], [-10.143137, 53.53852], [-10.152659, 53.543606], [-10.181752, 53.538642], [-10.193471, 53.538031], [-10.203236, 53.543606], [-10.180287, 53.555487], [-10.156972, 53.555162], [-10.132802, 53.550686], [-10.107655, 53.549791], [-10.109731, 53.554267], [-10.113026, 53.565741], [-10.115102, 53.570299], [-10.070668, 53.570014], [-10.025746, 53.562893], [-10.020009, 53.558987], [-10.005238, 53.543606], [-9.995717, 53.54621], [-9.981679, 53.558783], [-9.971059, 53.562893], [-10.03189, 53.587144], [-10.046783, 53.59927], [-10.008656, 53.604438], [-9.930735, 53.599799], [-9.902252, 53.604438], [-9.867909, 53.617377], [-9.8544, 53.618109], [-9.843902, 53.615465], [-9.822865, 53.606431], [-9.775054, 53.601304], [-9.696767, 53.598212], [-9.696767, 53.604438], [-9.714101, 53.609849], [-9.783762, 53.606269], [-9.82726, 53.616197], [-9.908437, 53.646064], [-9.922678, 53.690741], [-9.916737, 53.712104], [-9.90567, 53.728502], [-9.899526, 53.743842], [-9.908437, 53.762112], [-9.898915, 53.766059], [-9.860992, 53.770168], [-9.833892, 53.776353], [-9.810211, 53.778062], [-9.799469, 53.78026], [-9.789215, 53.786607], [-9.783437, 53.787095], [-9.763173, 53.779242], [-9.752024, 53.776353], [-9.566396, 53.796291], [-9.566396, 53.803656], [-9.581532, 53.805325], [-9.621653, 53.817328], [-9.616282, 53.819403], [-9.612131, 53.821601], [-9.607533, 53.823391], [-9.601145, 53.824164], [-9.601145, 53.831], [-9.605458, 53.839179], [-9.594838, 53.848212], [-9.560211, 53.865139], [-9.568349, 53.865546], [-9.586903, 53.871975], [-9.578928, 53.876125], [-9.572825, 53.882229], [-9.568593, 53.890082], [-9.566396, 53.899319], [-9.57311, 53.898505], [-9.577382, 53.897528], [-9.581451, 53.895738], [-9.586903, 53.892483], [-9.615468, 53.89883], [-9.758168, 53.899319], [-9.856597, 53.866278], [-9.910756, 53.85871], [-9.943756, 53.879381], [-9.931386, 53.885159], [-9.92516, 53.913031], [-9.908437, 53.920356], [-9.911285, 53.929592], [-9.91161, 53.933987], [-9.908437, 53.940863], [-9.908437, 53.947089], [-9.915883, 53.947089], [-9.915883, 53.953843], [-9.868031, 53.961371], [-9.859242, 53.958686], [-9.837066, 53.949164], [-9.823354, 53.947089], [-9.811635, 53.941718], [-9.807607, 53.91828], [-9.796051, 53.912909], [-9.787506, 53.916083], [-9.787831, 53.924262], [-9.78954, 53.935248], [-9.785512, 53.947089], [-9.794911, 53.95307], [-9.80309, 53.960517], [-9.812652, 53.966295], [-9.826487, 53.967597], [-9.826487, 53.961371], [-9.820221, 53.953843], [-9.831695, 53.956285], [-9.838531, 53.963568], [-9.850209, 53.988471], [-9.849517, 53.993313], [-9.849599, 53.997504], [-9.8544, 54.002346], [-9.860829, 54.003119], [-9.877675, 54.001899], [-9.881093, 54.005357], [-9.884389, 54.011664], [-9.891672, 54.017076], [-9.898915, 54.025336], [-9.902252, 54.040188], [-9.897694, 54.055121], [-9.886708, 54.059719], [-9.873443, 54.062201], [-9.861887, 54.071234], [-9.875885, 54.074856], [-9.876088, 54.080634], [-9.86734, 54.086737], [-9.8544, 54.091051], [-9.861887, 54.097886], [-9.833892, 54.112128], [-9.843495, 54.117011], [-9.855092, 54.117377], [-9.881093, 54.112128], [-9.87857, 54.103949], [-9.879709, 54.100246], [-9.884999, 54.098944], [-9.895375, 54.097886], [-9.895375, 54.091051], [-9.888539, 54.091051], [-9.917388, 54.069729], [-9.945546, 54.06623], [-9.970693, 54.078559], [-9.990956, 54.104682], [-9.971547, 54.104234], [-9.926381, 54.112128], [-9.908437, 54.118354], [-9.938873, 54.131659], [-9.95108, 54.141262], [-9.956858, 54.153144], [-9.950347, 54.150702], [-9.936635, 54.147895], [-9.930084, 54.145697], [-9.942738, 54.157457], [-9.977284, 54.180487], [-9.963775, 54.174954], [-9.952016, 54.174628], [-9.942535, 54.1789], [-9.93635, 54.187323], [-9.988189, 54.213121], [-10.010894, 54.218329], [-10.025746, 54.20775], [-10.011464, 54.197089], [-10.016998, 54.188666], [-10.033803, 54.184719], [-10.052968, 54.187323], [-10.044057, 54.176988], [-10.039377, 54.173651], [-10.039377, 54.166815], [-10.053538, 54.168036], [-10.065785, 54.166409], [-10.087148, 54.159329], [-10.087148, 54.153144], [-10.074127, 54.150214], [-10.069163, 54.144273], [-10.06664, 54.12519], [-10.075185, 54.124945], [-10.094594, 54.118354], [-10.081451, 54.112982], [-10.069081, 54.103664], [-10.066884, 54.094916], [-10.083974, 54.091051], [-10.10261, 54.091783], [-10.117421, 54.095893], [-10.126576, 54.106024], [-10.128163, 54.12519], [-10.122222, 54.13703], [-10.099599, 54.165473], [-10.094594, 54.176988], [-10.091217, 54.194973], [-10.082753, 54.203274], [-10.071441, 54.209703], [-10.059804, 54.222073], [-10.091135, 54.22248], [-10.103831, 54.226223], [-10.115102, 54.235053], [-10.096059, 54.235175], [-10.087026, 54.24433], [-10.081532, 54.257473], [-10.073476, 54.269192], [-10.062489, 54.275051], [-10.0183, 54.290269], [-10.014231, 54.294501], [-10.01183, 54.299628], [-10.007639, 54.303534], [-9.997792, 54.303941], [-9.991933, 54.300686], [-9.989735, 54.294745], [-9.988352, 54.288316], [-9.984731, 54.283515], [-9.971791, 54.277248], [-9.954498, 54.271959], [-9.936838, 54.270697], [-9.922678, 54.276597], [-9.915354, 54.268744], [-9.907216, 54.264472], [-9.898305, 54.264472], [-9.888539, 54.269192], [-9.886871, 54.266059], [-9.887034, 54.264472], [-9.885976, 54.263739], [-9.881093, 54.263007], [-9.90331, 54.237942], [-9.927154, 54.226752], [-9.952016, 54.228502], [-9.977284, 54.242499], [-9.983632, 54.222968], [-9.968129, 54.217027], [-9.944447, 54.216051], [-9.926381, 54.211127], [-9.909901, 54.204413], [-9.896108, 54.211615], [-9.882883, 54.222886], [-9.868031, 54.228217], [-9.881663, 54.240383], [-9.875152, 54.256496], [-9.858998, 54.270575], [-9.843861, 54.276597], [-9.822133, 54.272935], [-9.787099, 54.257758], [-9.765004, 54.255561], [-9.770863, 54.264146], [-9.778676, 54.269599], [-9.799184, 54.276597], [-9.799184, 54.283515], [-9.789418, 54.285834], [-9.780019, 54.286282], [-9.758168, 54.283515], [-9.776845, 54.289984], [-9.829213, 54.296861], [-9.840077, 54.307074], [-9.846018, 54.321438], [-9.843984, 54.328762], [-9.785512, 54.33808], [-9.764312, 54.334906], [-9.726308, 54.320787], [-9.706939, 54.317613], [-9.53539, 54.310207], [-9.524281, 54.311347], [-9.505523, 54.316392], [-9.494374, 54.317613], [-9.485707, 54.315863], [-9.471913, 54.307074], [-9.463979, 54.303941], [-9.384511, 54.297187], [-9.374827, 54.298733], [-9.36262, 54.30272], [-9.351145, 54.308173], [-9.343617, 54.31391], [-9.334218, 54.318305], [-9.322011, 54.317084], [-9.277252, 54.304592], [-9.268422, 54.303941], [-9.260976, 54.299709], [-9.252838, 54.280951], [-9.24767, 54.276597], [-9.229888, 54.278469], [-9.219635, 54.280585], [-9.2176, 54.283515], [-9.211008, 54.275621], [-9.209462, 54.267564], [-9.211985, 54.260443], [-9.2176, 54.255561], [-9.2176, 54.248725], [-9.195872, 54.242499], [-9.195872, 54.235053], [-9.215077, 54.227118], [-9.210357, 54.217841], [-9.161977, 54.192043], [-9.149322, 54.180609], [-9.141225, 54.165351], [-9.141225, 54.145697], [-9.134999, 54.145697], [-9.134185, 54.163764], [-9.13036, 54.179104], [-9.128896, 54.193061], [-9.134999, 54.20775], [-9.112538, 54.213324], [-9.090199, 54.22663], [-9.072987, 54.246772], [-9.06607, 54.272895], [-9.051259, 54.289496], [-9.017486, 54.291897], [-8.956858, 54.283515], [-8.949859, 54.284857], [-8.944407, 54.288235], [-8.939036, 54.289984], [-8.927561, 54.284125], [-8.910227, 54.277899], [-8.894195, 54.274482], [-8.871816, 54.265123], [-8.856597, 54.263007], [-8.807362, 54.263007], [-8.785634, 54.266832], [-8.765126, 54.276597], [-8.737457, 54.264106], [-8.676422, 54.271308], [-8.648346, 54.263007], [-8.642486, 54.253607], [-8.639556, 54.242092], [-8.63329, 54.232367], [-8.605051, 54.225653], [-8.593495, 54.219062], [-8.572662, 54.200344], [-8.559316, 54.20661], [-8.543853, 54.208645], [-8.51122, 54.20775], [-8.51122, 54.214545], [-8.525543, 54.218899], [-8.543609, 54.222154], [-8.559234, 54.227729], [-8.565826, 54.238837], [-8.572133, 54.246527], [-8.58731, 54.252346], [-8.605621, 54.255561], [-8.621002, 54.255561], [-8.621002, 54.263007], [-8.614247, 54.267808], [-8.602651, 54.27969], [-8.593739, 54.283515], [-8.571685, 54.277167], [-8.558217, 54.275214], [-8.552235, 54.280097], [-8.540761, 54.284369], [-8.470286, 54.276597], [-8.485951, 54.288642], [-8.50414, 54.297187], [-8.523346, 54.302232], [-8.542307, 54.303941], [-8.562652, 54.303046], [-8.569814, 54.305732], [-8.572662, 54.31391], [-8.567209, 54.324164], [-8.554799, 54.321479], [-8.531728, 54.310207], [-8.511708, 54.317369], [-8.519154, 54.326728], [-8.540517, 54.334662], [-8.562123, 54.33808], [-8.661366, 54.338039], [-8.666819, 54.341213], [-8.668284, 54.351752], [-8.663889, 54.35928], [-8.653798, 54.365871], [-8.641754, 54.370429], [-8.612864, 54.375474], [-8.496571, 54.423489], [-8.480133, 54.426825], [-8.47411, 54.429999], [-8.471262, 54.437893], [-8.470286, 54.457831], [-8.466705, 54.475002], [-8.459218, 54.471869], [-8.451894, 54.461005], [-8.449127, 54.454779], [-8.445139, 54.453925], [-8.443756, 54.453437], [-8.443023, 54.447333], [-8.41393, 54.45954], [-8.384185, 54.468248], [-8.381663, 54.468573], [-8.30012, 54.477973], [-8.287343, 54.479438], [-8.242096, 54.497748], [-8.210194, 54.501939], [-8.210194, 54.509426], [-8.243276, 54.510199], [-8.257965, 54.514228], [-8.270985, 54.523668], [-8.216379, 54.55036], [-8.218861, 54.56977], [-8.172515, 54.594468], [-8.175404, 54.619289], [-8.164662, 54.615302], [-8.157623, 54.610826], [-8.150054, 54.607123], [-8.137563, 54.605618], [-8.126088, 54.637885], [-8.120839, 54.646552], [-8.123891, 54.648627], [-8.124908, 54.648912], [-8.1256, 54.649604], [-8.127675, 54.652777], [-8.146799, 54.642076], [-8.166656, 54.636135], [-8.234934, 54.629381], [-8.271311, 54.612006], [-8.292104, 54.605618], [-8.292104, 54.611802], [-8.281728, 54.620551], [-8.280344, 54.629625], [-8.287262, 54.636786], [-8.301747, 54.639797], [-8.316762, 54.635443], [-8.342356, 54.616156], [-8.367828, 54.608629], [-8.41454, 54.578355], [-8.427968, 54.571723], [-8.442047, 54.566718], [-8.456614, 54.564643], [-8.456614, 54.570787], [-8.432281, 54.587795], [-8.417104, 54.59516], [-8.398183, 54.598131], [-8.384755, 54.605658], [-8.387685, 54.619859], [-8.400054, 54.628567], [-8.415028, 54.619289], [-8.421864, 54.619289], [-8.418691, 54.641303], [-8.43163, 54.641303], [-8.448313, 54.627631], [-8.456614, 54.60871], [-8.461537, 54.602851], [-8.472076, 54.607856], [-8.48176, 54.615953], [-8.486195, 54.622952], [-8.485219, 54.627387], [-8.486155, 54.631293], [-8.49413, 54.632961], [-8.500803, 54.632025], [-8.511301, 54.627753], [-8.517486, 54.626125], [-8.541737, 54.62523], [-8.553456, 54.622626], [-8.564036, 54.608832], [-8.576772, 54.610907], [-8.596913, 54.619289], [-8.672597, 54.619452], [-8.690012, 54.626125], [-8.681956, 54.63581], [-8.691396, 54.641303], [-8.774159, 54.659857], [-8.791819, 54.659613], [-8.788442, 54.663398], [-8.786366, 54.666978], [-8.783437, 54.670396], [-8.778147, 54.673896], [-8.778147, 54.68008], [-8.791086, 54.684882], [-8.79776, 54.691962], [-8.795522, 54.698432], [-8.781565, 54.701239], [-8.766957, 54.702216], [-8.755198, 54.705756], [-8.747426, 54.71308], [-8.744618, 54.725084], [-8.733266, 54.732611], [-8.662099, 54.762641], [-8.636586, 54.768459], [-8.536204, 54.766913], [-8.483713, 54.756781], [-8.456614, 54.756415], [-8.456614, 54.762641], [-8.526601, 54.772773], [-8.5454, 54.783759], [-8.529897, 54.788072], [-8.484934, 54.789374], [-8.473378, 54.786811], [-8.460805, 54.774848], [-8.444692, 54.763129], [-8.426666, 54.757229], [-8.408193, 54.762641], [-8.461293, 54.793524], [-8.498891, 54.801215], [-8.534983, 54.816474], [-8.55842, 54.817857], [-8.554351, 54.827541], [-8.546986, 54.829901], [-8.537099, 54.829779], [-8.524892, 54.831529], [-8.515126, 54.836005], [-8.501861, 54.846503], [-8.490712, 54.851996], [-8.471018, 54.840522], [-8.449086, 54.839423], [-8.401967, 54.84455], [-8.346262, 54.831692], [-8.325673, 54.831529], [-8.325673, 54.838324], [-8.343251, 54.839911], [-8.365387, 54.845404], [-8.381337, 54.855943], [-8.380849, 54.872504], [-8.366689, 54.88109], [-8.327382, 54.877021], [-8.312652, 54.87934], [-8.325836, 54.88581], [-8.337026, 54.903632], [-8.350453, 54.907294], [-8.368804, 54.908189], [-8.374013, 54.907294], [-8.378163, 54.902777], [-8.379791, 54.895738], [-8.380116, 54.889228], [-8.380849, 54.886176], [-8.409291, 54.88703], [-8.432607, 54.901557], [-8.450795, 54.922065], [-8.46345, 54.940823], [-8.450429, 54.946275], [-8.440907, 54.943427], [-8.431508, 54.93769], [-8.418446, 54.934556], [-8.404612, 54.935696], [-8.391347, 54.938666], [-8.366567, 54.948188], [-8.396148, 54.955268], [-8.418609, 54.968085], [-8.456614, 54.995429], [-8.456614, 55.002875], [-8.44811, 55.007636], [-8.437734, 55.009833], [-8.426422, 55.008612], [-8.415028, 55.002875], [-8.404693, 55.012885], [-8.401967, 55.016547], [-8.408193, 55.016547], [-8.403188, 55.030666], [-8.395253, 55.033149], [-8.385325, 55.032416], [-8.374013, 55.036363], [-8.354482, 55.060533], [-8.347401, 55.064276], [-8.33788, 55.058417], [-8.335072, 55.035061], [-8.325673, 55.030219], [-8.319976, 55.034329], [-8.313588, 55.05268], [-8.305165, 55.058051], [-8.316518, 55.08747], [-8.320424, 55.104926], [-8.316029, 55.112738], [-8.304351, 55.119208], [-8.288401, 55.150133], [-8.278472, 55.160549], [-8.26301, 55.161078], [-8.206532, 55.146877], [-8.188385, 55.148993], [-8.157623, 55.158393], [-8.141265, 55.160549], [-8.147532, 55.15176], [-8.154286, 55.14525], [-8.159576, 55.138739], [-8.161733, 55.129462], [-8.156484, 55.124498], [-8.144683, 55.130194], [-8.114858, 55.154731], [-8.05427, 55.176947], [-8.03482, 55.180976], [-8.020985, 55.188788], [-8.01179, 55.205064], [-7.999582, 55.219631], [-7.976796, 55.22191], [-7.950185, 55.210273], [-7.958648, 55.199205], [-8.00414, 55.180976], [-8.00414, 55.17414], [-7.961985, 55.187201], [-7.955719, 55.184719], [-7.949045, 55.179836], [-7.93399, 55.18065], [-7.91804, 55.184516], [-7.908559, 55.188422], [-7.894887, 55.17414], [-7.894887, 55.167914], [-7.898793, 55.156399], [-7.890452, 55.158271], [-7.875559, 55.164944], [-7.860097, 55.167914], [-7.865061, 55.158149], [-7.872874, 55.151597], [-7.882965, 55.147935], [-7.894887, 55.146877], [-7.894887, 55.140082], [-7.876536, 55.14053], [-7.865224, 55.138495], [-7.856435, 55.138983], [-7.846506, 55.146877], [-7.834706, 55.164984], [-7.837554, 55.175849], [-7.860097, 55.194648], [-7.866119, 55.214911], [-7.85025, 55.2272], [-7.823964, 55.238593], [-7.798695, 55.25609], [-7.796051, 55.251044], [-7.795033, 55.250881], [-7.791249, 55.248684], [-7.814198, 55.20185], [-7.815745, 55.194648], [-7.81371, 55.192857], [-7.810455, 55.188707], [-7.805572, 55.184149], [-7.798695, 55.180976], [-7.789784, 55.180854], [-7.779937, 55.187445], [-7.770741, 55.188422], [-7.757314, 55.18476], [-7.736643, 55.176663], [-7.7176, 55.166571], [-7.709299, 55.157131], [-7.707387, 55.153469], [-7.698557, 55.140367], [-7.695627, 55.133205], [-7.695953, 55.126044], [-7.70108, 55.10814], [-7.702504, 55.099066], [-7.694732, 55.108059], [-7.678822, 55.134467], [-7.671702, 55.140082], [-7.668202, 55.147203], [-7.674713, 55.163031], [-7.684071, 55.178534], [-7.688832, 55.184719], [-7.690338, 55.194525], [-7.695058, 55.207465], [-7.703603, 55.218451], [-7.716054, 55.22191], [-7.723948, 55.214586], [-7.721995, 55.200263], [-7.715403, 55.184882], [-7.709299, 55.17414], [-7.723134, 55.175727], [-7.732818, 55.181464], [-7.741038, 55.188625], [-7.750234, 55.194648], [-7.779652, 55.199652], [-7.791737, 55.206], [-7.788157, 55.218573], [-7.760854, 55.250434], [-7.760854, 55.25609], [-7.725087, 55.252672], [-7.709299, 55.25609], [-7.673492, 55.273871], [-7.660878, 55.276557], [-7.643951, 55.272773], [-7.63329, 55.263088], [-7.625315, 55.25316], [-7.616526, 55.248684], [-7.611399, 55.2414], [-7.613189, 55.225775], [-7.617502, 55.210598], [-7.619944, 55.204901], [-7.614491, 55.19599], [-7.601471, 55.189276], [-7.572743, 55.180976], [-7.572255, 55.169176], [-7.564117, 55.155748], [-7.55248, 55.14468], [-7.541412, 55.140082], [-7.527821, 55.132554], [-7.525787, 55.116156], [-7.531606, 55.099677], [-7.541412, 55.092231], [-7.556386, 55.089748], [-7.568227, 55.083686], [-7.586415, 55.071112], [-7.641021, 55.050686], [-7.641021, 55.04385], [-7.581166, 55.050442], [-7.561838, 55.044501], [-7.572743, 55.023383], [-7.584584, 55.016059], [-7.634185, 54.995429], [-7.667551, 54.968207], [-7.681386, 54.961249], [-7.681386, 54.954413], [-7.661488, 54.957953], [-7.643381, 54.965277], [-7.548451, 55.018459], [-7.537994, 55.019924], [-7.529368, 55.030707], [-7.509267, 55.035956], [-7.486318, 55.039252], [-7.469106, 55.04385], [-7.456166, 55.056138], [-7.450022, 55.072333], [-7.454416, 55.086249], [-7.472768, 55.092231], [-7.477528, 55.096381], [-7.473378, 55.105455], [-7.46288, 55.119534], [-7.46288, 55.143459], [-7.470041, 55.145168], [-7.510081, 55.180976], [-7.533681, 55.192369], [-7.541412, 55.198065], [-7.545644, 55.204779], [-7.54955, 55.215399], [-7.549387, 55.225165], [-7.527089, 55.236762], [-7.516225, 55.254136], [-7.51358, 55.274359], [-7.524322, 55.290269], [-7.507395, 55.28913], [-7.492747, 55.285346], [-7.478586, 55.283922], [-7.46288, 55.290269], [-7.465566, 55.293606], [-7.46642, 55.295844], [-7.46703, 55.298651], [-7.469106, 55.3039], [-7.449208, 55.294013], [-7.427968, 55.286566], [-7.405914, 55.286933], [-7.367787, 55.310614], [-7.347524, 55.314276], [-7.327504, 55.308498], [-7.312082, 55.290269], [-7.33316, 55.289618], [-7.339955, 55.290269], [-7.320872, 55.282172], [-7.298818, 55.276272], [-7.276601, 55.275824], [-7.256744, 55.284003], [-7.320668, 55.3133], [-7.350697, 55.335191], [-7.353017, 55.358547], [-7.379547, 55.367662], [-7.391591, 55.373725], [-7.400217, 55.380276], [-7.384429, 55.386379], [-7.366322, 55.383979], [-7.332509, 55.372789], [-7.26358, 55.358547], [-7.247304, 55.357164], [-7.208852, 55.34512], [-7.195424, 55.338609], [-7.144154, 55.293647], [-7.129058, 55.285834], [-7.079335, 55.27265], [-7.0419, 55.268866], [-6.99649, 55.257717], [-6.975697, 55.248684], [-6.953521, 55.25434], [-6.939565, 55.239081], [-6.942779, 55.218573], [-6.972564, 55.208319], [-7.00064, 55.205146], [-7.034088, 55.196845], [-7.065745, 55.184963], [-7.099762, 55.165473], [-7.132314, 55.155463], [-7.159495, 55.150784], [-7.172841, 55.1435], [-7.216624, 55.108344], [-7.232289, 55.091864], [-7.244985, 55.073432], [-7.2471, 55.069322]]], [[[-9.662668, 53.275458], [-9.638336, 53.251044], [-9.658315, 53.232652], [-9.692372, 53.226386], [-9.710357, 53.238593], [-9.713612, 53.253119], [-9.718984, 53.260443], [-9.720082, 53.266059], [-9.710357, 53.275458], [-9.698883, 53.280666], [-9.684722, 53.282416], [-9.671457, 53.280748], [-9.662668, 53.275458]]], [[[-9.963612, 53.953843], [-9.951812, 53.957831], [-9.940541, 53.959947], [-9.930653, 53.959052], [-9.922678, 53.953843], [-9.922678, 53.947089], [-9.930735, 53.939276], [-9.937367, 53.923529], [-9.940175, 53.905951], [-9.93635, 53.892483], [-9.957997, 53.880601], [-9.976796, 53.886868], [-9.995839, 53.901028], [-10.0183, 53.912909], [-10.031321, 53.913642], [-10.04483, 53.912095], [-10.055531, 53.913723], [-10.059804, 53.923489], [-10.057688, 53.938178], [-10.054596, 53.94953], [-10.055816, 53.958808], [-10.06664, 53.967597], [-10.087229, 53.971381], [-10.162831, 53.961371], [-10.190175, 53.963528], [-10.239491, 53.974677], [-10.26594, 53.975002], [-10.26594, 53.981838], [-10.240142, 53.982367], [-10.218495, 53.986029], [-10.201487, 53.996161], [-10.189565, 54.016018], [-10.181874, 54.010159], [-10.173573, 54.008368], [-10.164906, 54.010321], [-10.156077, 54.016018], [-10.134429, 54.000312], [-10.108876, 54.004584], [-10.08373, 54.016099], [-10.063222, 54.022773], [-9.975901, 54.021145], [-9.956858, 54.016018], [-9.93635, 53.989244], [-9.956858, 53.989244], [-9.954254, 53.981106], [-9.954661, 53.973334], [-9.957834, 53.966498], [-9.963612, 53.961371], [-9.963612, 53.953843]]], [[[-8.524892, 55.009711], [-8.509023, 55.005561], [-8.496571, 55.000678], [-8.488189, 54.991767], [-8.483957, 54.975531], [-8.527415, 54.967515], [-8.549306, 54.968411], [-8.565826, 54.975531], [-8.565826, 54.981757], [-8.563385, 54.986151], [-8.562734, 54.986396], [-8.563588, 54.987738], [-8.565826, 54.995429], [-8.550933, 55.001532], [-8.5454, 55.002875], [-8.547434, 55.005357], [-8.550526, 55.008002], [-8.552235, 55.009711], [-8.543528, 55.015326], [-8.536366, 55.016588], [-8.530385, 55.01435], [-8.524892, 55.009711]]], [[[-9.816965, 51.638861], [-9.8072, 51.640286], [-9.799306, 51.636786], [-9.807362, 51.629706], [-9.813547, 51.627631], [-9.892161, 51.611274], [-9.902699, 51.614325], [-9.917877, 51.619371], [-9.915517, 51.629055], [-9.90099, 51.636664], [-9.881663, 51.641059], [-9.858266, 51.642401], [-9.824086, 51.638902], [-9.816965, 51.638861]]], [[[-10.312652, 51.925523], [-10.301625, 51.924791], [-10.297678, 51.918402], [-10.304555, 51.910712], [-10.322662, 51.903266], [-10.361562, 51.892035], [-10.39623, 51.889838], [-10.405832, 51.884101], [-10.426015, 51.88227], [-10.429026, 51.889838], [-10.412017, 51.90412], [-10.360911, 51.925727], [-10.351674, 51.931138], [-10.333119, 51.930609], [-10.326039, 51.929633], [-10.318267, 51.924954], [-10.312652, 51.925523]]], [[[-9.648346, 53.101711], [-9.64509, 53.102607], [-9.64094, 53.101549], [-9.642445, 53.093817], [-9.660512, 53.090644], [-9.778717, 53.123481], [-9.811431, 53.1376], [-9.801178, 53.14647], [-9.777496, 53.146796], [-9.752187, 53.135403], [-9.740061, 53.135199], [-9.715688, 53.138251], [-9.696685, 53.136542], [-9.671051, 53.13052], [-9.663442, 53.123196], [-9.672231, 53.115912], [-9.671539, 53.109198], [-9.648346, 53.101711]]]]}}, {"type": "Feature", "properties": {"featurecla": "Admin-0 map unit", "scalerank": 0, "LABELRANK": 5, "SOVEREIGNT": "United Kingdom", "SOV_A3": "GB1", "ADM0_DIF": 1, "LEVEL": 3, "TYPE": "Geo unit", "TLC": "1", "ADMIN": "United Kingdom", "ADM0_A3": "GBR", "GEOU_DIF": 1, "GEOUNIT": "Northern Ireland", "GU_A3": "NIR", "SU_DIF": 0, "SUBUNIT": "Northern Ireland", "SU_A3": "NIR", "BRK_DIFF": 0, "NAME": "N. Ireland", "NAME_LONG": "Northern Ireland", "BRK_A3": "NIR", "BRK_NAME": "N. Ireland", "BRK_GROUP": "United Kingdom", "ABBREV": "N.Ire.", "POSTAL": "NI", "FORMAL_EN": null, "FORMAL_FR": null, "NAME_CIAWF": null, "NOTE_ADM0": null, "NOTE_BRK": null, "NAME_SORT": "Northern Ireland", "NAME_ALT": null, "MAPCOLOR7": 6, "MAPCOLOR8": 6, "MAPCOLOR9": 6, "MAPCOLOR13": 3, "POP_EST": 1893700, "POP_RANK": 12, "POP_YEAR": 2019, "GDP_MD": 102023, "GDP_YEAR": 2016, "ECONOMY": "1. Developed region: G7", "INCOME_GRP": "1. High income: OECD", "FIPS_10": "-99", "ISO_A2": "-99", "ISO_A2_EH": "GB", "ISO_A3": "-99", "ISO_A3_EH": "GBR", "ISO_N3": "-99", "ISO_N3_EH": "826", "UN_A3": "-099", "WB_A2": "-99", "WB_A3": "-99", "WOE_ID": 20070563, "WOE_ID_EH": 20070563, "WOE_NOTE": "Exact WOE match as child of country (called country)", "ADM0_ISO": "GBR", "ADM0_DIFF": "1", "ADM0_TLC": "NIR", "ADM0_A3_US": "GBR", "ADM0_A3_FR": "GBR", "ADM0_A3_RU": "GBR", "ADM0_A3_ES": "GBR", "ADM0_A3_CN": "GBR", "ADM0_A3_TW": "GBR", "ADM0_A3_IN": "GBR", "ADM0_A3_NP": "GBR", "ADM0_A3_PK": "GBR", "ADM0_A3_DE": "GBR", "ADM0_A3_GB": "GBR", "ADM0_A3_BR": "GBR", "ADM0_A3_IL": "GBR", "ADM0_A3_PS": "GBR", "ADM0_A3_SA": "GBR", "ADM0_A3_EG": "GBR", "ADM0_A3_MA": "GBR", "ADM0_A3_PT": "GBR", "ADM0_A3_AR": "GBR", "ADM0_A3_JP": "GBR", "ADM0_A3_KO": "GBR", "ADM0_A3_VN": "GBR", "ADM0_A3_TR": "GBR", "ADM0_A3_ID": "GBR", "ADM0_A3_PL": "GBR", "ADM0_A3_GR": "GBR", "ADM0_A3_IT": "GBR", "ADM0_A3_NL": "GBR", "ADM0_A3_SE": "GBR", "ADM0_A3_BD": "GBR", "ADM0_A3_UA": "GBR", "ADM0_A3_UN": -99, "ADM0_A3_WB": -99, "CONTINENT": "Europe", "REGION_UN": "Europe", "SUBREGION": "Northern Europe", "REGION_WB": "Europe & Central Asia", "NAME_LEN": 10, "LONG_LEN": 16, "ABBREV_LEN": 6, "TINY": -99, "HOMEPART": 1, "MIN_ZOOM": 0, "MIN_LABEL": 5, "MAX_LABEL": 8, "LABEL_X": -6.466325, "LABEL_Y": 54.655506, "NE_ID": 1159320745, "WIKIDATAID": "Q26", "NAME_AR": "\u0623\u064a\u0631\u0644\u0646\u062f\u0627 \u0627\u0644\u0634\u0645\u0627\u0644\u064a\u0629", "NAME_BN": "\u0989\u09a4\u09cd\u09a4\u09b0 \u0986\u09af\u09bc\u09be\u09b0\u09b2\u09cd\u09af\u09be\u09a8\u09cd\u09a1", "NAME_DE": "Nordirland", "NAME_EN": "Northern Ireland", "NAME_ES": "Irlanda del Norte", "NAME_FA": "\u0627\u06cc\u0631\u0644\u0646\u062f \u0634\u0645\u0627\u0644\u06cc", "NAME_FR": "Irlande du Nord", "NAME_EL": "\u0392\u03cc\u03c1\u03b5\u03b9\u03b1 \u0399\u03c1\u03bb\u03b1\u03bd\u03b4\u03af\u03b1", "NAME_HE": "\u05e6\u05e4\u05d5\u05df \u05d0\u05d9\u05e8\u05dc\u05e0\u05d3", "NAME_HI": "\u0909\u0924\u094d\u0924\u0930\u0940 \u0906\u092f\u0930\u0932\u0948\u0902\u0921", "NAME_HU": "\u00c9szak-\u00cdrorsz\u00e1g", "NAME_ID": "Irlandia Utara", "NAME_IT": "Irlanda del Nord", "NAME_JA": "\u5317\u30a2\u30a4\u30eb\u30e9\u30f3\u30c9", "NAME_KO": "\ubd81\uc544\uc77c\ub79c\ub4dc", "NAME_NL": "Noord-Ierland", "NAME_PL": "Irlandia P\u00f3\u0142nocna", "NAME_PT": "Irlanda do Norte", "NAME_RU": "\u0421\u0435\u0432\u0435\u0440\u043d\u0430\u044f \u0418\u0440\u043b\u0430\u043d\u0434\u0438\u044f", "NAME_SV": "Nordirland", "NAME_TR": "Kuzey \u0130rlanda", "NAME_UK": "\u041f\u0456\u0432\u043d\u0456\u0447\u043d\u0430 \u0406\u0440\u043b\u0430\u043d\u0434\u0456\u044f", "NAME_UR": "\u0634\u0645\u0627\u0644\u06cc \u0622\u0626\u0631\u0644\u06cc\u0646\u0688", "NAME_VI": "B\u1eafc Ireland", "NAME_ZH": "\u5317\u7231\u5c14\u5170", "NAME_ZHT": "\u5317\u611b\u723e\u862d", "FCLASS_ISO": "Unrecognized", "TLC_DIFF": "1", "FCLASS_TLC": "Admin-1 region", "FCLASS_US": "Admin-1 region", "FCLASS_FR": "Admin-1 region", "FCLASS_RU": null, "FCLASS_ES": "Admin-1 region", "FCLASS_CN": null, "FCLASS_TW": null, "FCLASS_IN": null, "FCLASS_NP": null, "FCLASS_PK": null, "FCLASS_DE": "Admin-1 region", "FCLASS_GB": "Admin-1 region", "FCLASS_BR": null, "FCLASS_IL": null, "FCLASS_PS": null, "FCLASS_SA": null, "FCLASS_EG": null, "FCLASS_MA": null, "FCLASS_PT": "Admin-1 region", "FCLASS_AR": null, "FCLASS_JP": "Admin-1 region", "FCLASS_KO": "Admin-1 region", "FCLASS_VN": null, "FCLASS_TR": "Admin-1 region", "FCLASS_ID": null, "FCLASS_PL": "Admin-1 region", "FCLASS_GR": "Admin-1 region", "FCLASS_IT": "Admin-1 region", "FCLASS_NL": "Admin-1 region", "FCLASS_SE": "Admin-1 region", "FCLASS_BD": null, "FCLASS_UA": "Admin-1 region"}, "bbox": [-8.173837, 54.034573, -5.430776, 55.311347], "geometry": {"type": "MultiPolygon", "coordinates": [[[[-7.2471, 55.069322], [-7.256744, 55.050686], [-7.240956, 55.050279], [-7.195424, 55.058051], [-7.17748, 55.056952], [-7.133901, 55.04385], [-7.099477, 55.040961], [-7.065053, 55.04385], [-7.0537, 55.048733], [-7.03189, 55.064927], [-7.017201, 55.071112], [-7.017812, 55.08397], [-7.009918, 55.10224], [-6.997955, 55.118638], [-6.98648, 55.125718], [-6.974924, 55.135443], [-6.968658, 55.18065], [-6.962554, 55.194648], [-6.946685, 55.19538], [-6.903554, 55.178656], [-6.883778, 55.17414], [-6.754506, 55.177802], [-6.640452, 55.208319], [-6.571278, 55.211249], [-6.554514, 55.218573], [-6.539174, 55.230658], [-6.519846, 55.240668], [-6.498118, 55.247138], [-6.475942, 55.248684], [-6.440012, 55.236029], [-6.415924, 55.231879], [-6.378163, 55.246243], [-6.352895, 55.242621], [-6.255849, 55.210883], [-6.239817, 55.208319], [-6.217641, 55.210395], [-6.179555, 55.219713], [-6.160024, 55.22191], [-6.120839, 55.217841], [-6.100982, 55.212388], [-6.092397, 55.204901], [-6.084218, 55.202216], [-6.047231, 55.178534], [-6.037099, 55.167914], [-6.040639, 55.112047], [-6.047434, 55.095649], [-6.062082, 55.074123], [-6.054351, 55.065131], [-6.03539, 55.063625], [-6.016672, 55.064276], [-6.003529, 55.063178], [-5.988678, 55.059475], [-5.975738, 55.053046], [-5.968251, 55.04385], [-5.970204, 55.025824], [-5.988271, 54.988674], [-5.986236, 54.981757], [-5.957143, 54.978949], [-5.930328, 54.970893], [-5.906606, 54.957953], [-5.886342, 54.940823], [-5.881988, 54.934027], [-5.875234, 54.917914], [-5.869252, 54.910386], [-5.862782, 54.905951], [-5.847035, 54.898139], [-5.839182, 54.893012], [-5.829986, 54.885159], [-5.820953, 54.875067], [-5.813954, 54.862779], [-5.811187, 54.848334], [-5.800526, 54.820746], [-5.775258, 54.81151], [-5.745595, 54.804592], [-5.721832, 54.783759], [-5.715647, 54.783759], [-5.733754, 54.805243], [-5.797597, 54.84455], [-5.781728, 54.861721], [-5.751617, 54.856879], [-5.720611, 54.84101], [-5.701975, 54.824693], [-5.689849, 54.793118], [-5.692616, 54.765204], [-5.706899, 54.742987], [-5.729319, 54.728502], [-5.758901, 54.719916], [-5.81843, 54.709621], [-5.845367, 54.701239], [-5.87149, 54.687323], [-5.890736, 54.672309], [-5.914337, 54.646837], [-5.927235, 54.632961], [-5.915151, 54.628241], [-5.910959, 54.619452], [-5.909983, 54.610541], [-5.907379, 54.605618], [-5.894887, 54.604804], [-5.887278, 54.609809], [-5.881988, 54.616156], [-5.871002, 54.622301], [-5.848785, 54.643215], [-5.839019, 54.649726], [-5.803822, 54.659613], [-5.769521, 54.674628], [-5.747955, 54.680406], [-5.732411, 54.676988], [-5.716624, 54.669867], [-5.694692, 54.668687], [-5.574696, 54.68008], [-5.569, 54.676947], [-5.556711, 54.662787], [-5.547109, 54.659613], [-5.53661, 54.657457], [-5.533274, 54.651679], [-5.532786, 54.643215], [-5.5301, 54.632961], [-5.514394, 54.597886], [-5.502553, 54.583482], [-5.485707, 54.577704], [-5.478912, 54.569485], [-5.47289, 54.530097], [-5.468617, 54.516262], [-5.437082, 54.48786], [-5.430776, 54.485175], [-5.437571, 54.475653], [-5.436513, 54.470201], [-5.433461, 54.466254], [-5.433827, 54.461005], [-5.438832, 54.454901], [-5.458119, 54.437405], [-5.464263, 54.425238], [-5.457387, 54.408677], [-5.461171, 54.392076], [-5.470855, 54.384345], [-5.483998, 54.37759], [-5.489125, 54.369574], [-5.474843, 54.358588], [-5.489573, 54.353705], [-5.502024, 54.339667], [-5.515777, 54.33808], [-5.527659, 54.345282], [-5.536977, 54.35928], [-5.547109, 54.379096], [-5.55899, 54.382636], [-5.569488, 54.391506], [-5.57665, 54.402777], [-5.57844, 54.413804], [-5.571685, 54.425605], [-5.548695, 54.442816], [-5.543691, 54.457831], [-5.547353, 54.489081], [-5.558013, 54.511908], [-5.575307, 54.528998], [-5.644887, 54.567776], [-5.671864, 54.576809], [-5.701975, 54.577704], [-5.701975, 54.570787], [-5.694651, 54.561103], [-5.697418, 54.551215], [-5.706044, 54.54267], [-5.715647, 54.536689], [-5.701527, 54.536322], [-5.690419, 54.53205], [-5.681508, 54.526842], [-5.674062, 54.523668], [-5.636952, 54.52204], [-5.6256, 54.516262], [-5.641916, 54.512641], [-5.66393, 54.510199], [-5.670318, 54.505683], [-5.639963, 54.495754], [-5.644765, 54.48371], [-5.644602, 54.472113], [-5.638499, 54.463568], [-5.6256, 54.461005], [-5.626698, 54.456692], [-5.628, 54.453803], [-5.633127, 54.447333], [-5.6256, 54.441107], [-5.653554, 54.388983], [-5.661448, 54.379584], [-5.697906, 54.362291], [-5.708852, 54.351752], [-5.668324, 54.360663], [-5.622141, 54.376654], [-5.579701, 54.383694], [-5.550526, 54.365424], [-5.540679, 54.327338], [-5.553049, 54.298529], [-5.579498, 54.275702], [-5.61262, 54.255561], [-5.617177, 54.254788], [-5.628529, 54.256537], [-5.633127, 54.255561], [-5.639963, 54.235053], [-5.64684, 54.232164], [-5.655751, 54.229682], [-5.663401, 54.230862], [-5.666656, 54.238837], [-5.678822, 54.246161], [-5.736887, 54.249091], [-5.779449, 54.246527], [-5.822662, 54.237209], [-5.842275, 54.235053], [-5.86205, 54.230536], [-5.868031, 54.218492], [-5.866038, 54.184149], [-5.865834, 54.180487], [-5.86852, 54.161322], [-5.874623, 54.14053], [-5.883209, 54.120754], [-5.893788, 54.104682], [-5.911977, 54.091295], [-5.953847, 54.078681], [-5.984731, 54.059312], [-6.027252, 54.040229], [-6.040517, 54.036444], [-6.079579, 54.034573], [-6.095448, 54.036363], [-6.112904, 54.043891], [-6.112904, 54.050116], [-6.093007, 54.055894], [-6.08495, 54.056952], [-6.161529, 54.073717], [-6.174306, 54.074286], [-6.185862, 54.092678], [-6.212554, 54.098456], [-6.242502, 54.099758], [-6.263661, 54.104682], [-6.269887, 54.097927], [-6.28465, 54.105226], [-6.299585, 54.104037], [-6.313796, 54.099696], [-6.327128, 54.097888], [-6.338962, 54.102952], [-6.346662, 54.109877], [-6.354827, 54.110652], [-6.368108, 54.097319], [-6.369348, 54.091118], [-6.367643, 54.083418], [-6.366919, 54.075098], [-6.371157, 54.066778], [-6.377513, 54.063264], [-6.401026, 54.060887], [-6.426761, 54.05541], [-6.433892, 54.055306], [-6.4403, 54.057993], [-6.446243, 54.062438], [-6.450222, 54.066675], [-6.450894, 54.068432], [-6.47854, 54.067709], [-6.564013, 54.04895], [-6.571868, 54.049519], [-6.587164, 54.053343], [-6.595071, 54.052412], [-6.60029, 54.04895], [-6.605217, 54.044475], [-6.610987, 54.039235], [-6.616465, 54.037271], [-6.630624, 54.041819], [-6.657289, 54.061146], [-6.672534, 54.068432], [-6.657082, 54.091945], [-6.655791, 54.103314], [-6.666436, 54.114786], [-6.643957, 54.131839], [-6.634552, 54.150133], [-6.640339, 54.168013], [-6.648448, 54.173665], [-6.663025, 54.183826], [-6.683954, 54.194368], [-6.694651, 54.197985], [-6.706537, 54.198915], [-6.717234, 54.195143], [-6.724779, 54.188631], [-6.73284, 54.183567], [-6.744777, 54.184187], [-6.766481, 54.192352], [-6.787824, 54.202998], [-6.807358, 54.21633], [-6.823946, 54.23235], [-6.829733, 54.242375], [-6.833196, 54.25209], [-6.837743, 54.260513], [-6.846683, 54.266456], [-6.882185, 54.277257], [-6.864667, 54.282734], [-6.856657, 54.292811], [-6.858414, 54.307332], [-6.870015, 54.326001], [-6.879705, 54.341594], [-6.885957, 54.345624], [-6.897895, 54.346193], [-6.905956, 54.349035], [-6.915051, 54.365933], [-6.922028, 54.372703], [-6.984091, 54.403089], [-7.017836, 54.413166], [-7.049255, 54.411512], [-7.078504, 54.394717], [-7.127028, 54.349759], [-7.159894, 54.335186], [-7.168059, 54.335031], [-7.185629, 54.336943], [-7.18947, 54.335692], [-7.19245, 54.334721], [-7.193949, 54.329967], [-7.191468, 54.323869], [-7.187644, 54.318804], [-7.185009, 54.317254], [-7.184647, 54.316634], [-7.192399, 54.307384], [-7.193691, 54.307539], [-7.199168, 54.303457], [-7.206661, 54.304903], [-7.211467, 54.30418], [-7.209038, 54.293431], [-7.1755, 54.283664], [-7.181495, 54.269763], [-7.14589, 54.25209], [-7.159739, 54.24067], [-7.153331, 54.224237], [-7.174725, 54.216072], [-7.229502, 54.207545], [-7.240871, 54.202326], [-7.249088, 54.197416], [-7.255496, 54.190854], [-7.261128, 54.18088], [-7.256322, 54.176901], [-7.247021, 54.17225], [-7.24578, 54.166979], [-7.265366, 54.16114], [-7.26087, 54.151166], [-7.263505, 54.140986], [-7.27074, 54.132253], [-7.280042, 54.126155], [-7.293788, 54.122021], [-7.297353, 54.125896], [-7.29632, 54.134991], [-7.296423, 54.146515], [-7.295028, 54.155404], [-7.292134, 54.162638], [-7.295545, 54.165119], [-7.325982, 54.154577], [-7.333165, 54.149409], [-7.333165, 54.142743], [-7.310324, 54.114683], [-7.316489, 54.11428], [-7.326964, 54.113597], [-7.375488, 54.123312], [-7.390216, 54.121194], [-7.39466, 54.121917], [-7.396624, 54.126258], [-7.403962, 54.135043], [-7.41223, 54.136438], [-7.422255, 54.135456], [-7.425769, 54.136955], [-7.414659, 54.145688], [-7.439619, 54.146929], [-7.480753, 54.127653], [-7.502302, 54.125121], [-7.609014, 54.139901], [-7.620796, 54.144965], [-7.624052, 54.153336], [-7.625706, 54.162173], [-7.632682, 54.168529], [-7.70477, 54.200362], [-7.722599, 54.202326], [-7.782078, 54.2], [-7.836959, 54.204341], [-7.856441, 54.211421], [-7.86967, 54.226872], [-7.873649, 54.271055], [-7.880264, 54.287023], [-7.894966, 54.293586], [-7.93411, 54.297049], [-7.942075, 54.298873], [-7.950802, 54.300873], [-7.96801, 54.31219], [-7.981033, 54.326556], [-8.002194, 54.357923], [-8.03134, 54.358027], [-8.05648, 54.365882], [-8.079941, 54.380196], [-8.122419, 54.415233], [-8.146346, 54.430736], [-8.156035, 54.439055], [-8.158128, 54.447117], [-8.161177, 54.454817], [-8.173837, 54.461741], [-8.168467, 54.463477], [-8.15017, 54.46939], [-8.097046, 54.478588], [-8.072448, 54.487063], [-8.060976, 54.493316], [-8.05586, 54.497553], [-8.043561, 54.512229], [-8.023278, 54.529696], [-8.002194, 54.543442], [-7.926411, 54.533055], [-7.887137, 54.532125], [-7.848844, 54.54091], [-7.749264, 54.596152], [-7.707871, 54.604162], [-7.707951, 54.604763], [-7.710558, 54.624264], [-7.721204, 54.625866], [-7.736758, 54.619251], [-7.753553, 54.614497], [-7.769159, 54.618011], [-7.801199, 54.634806], [-7.814996, 54.639457], [-7.822541, 54.638113], [-7.838044, 54.63124], [-7.846416, 54.631447], [-7.85427, 54.636408], [-7.864347, 54.649069], [-7.872771, 54.652221], [-7.890082, 54.655063], [-7.906619, 54.661316], [-7.914835, 54.671651], [-7.907135, 54.686689], [-7.913233, 54.688653], [-7.929666, 54.696714], [-7.880109, 54.711029], [-7.845899, 54.731027], [-7.832153, 54.730614], [-7.803576, 54.716145], [-7.770503, 54.706016], [-7.736603, 54.707463], [-7.70229, 54.718883], [-7.667512, 54.738779], [-7.649683, 54.744877], [-7.61537, 54.739347], [-7.585398, 54.744722], [-7.566639, 54.738675], [-7.556149, 54.738365], [-7.543075, 54.741673], [-7.543023, 54.743791], [-7.548398, 54.747202], [-7.551705, 54.754695], [-7.549741, 54.779603], [-7.543385, 54.793091], [-7.470831, 54.845284], [-7.45507, 54.863009], [-7.444735, 54.884455], [-7.444735, 54.894893], [-7.448972, 54.920318], [-7.445251, 54.932152], [-7.436983, 54.938301], [-7.417139, 54.943056], [-7.415755, 54.944372], [-7.408665, 54.951117], [-7.407424, 54.959437], [-7.413109, 54.984965], [-7.409078, 54.992045], [-7.403755, 54.99313], [-7.40112, 54.994836], [-7.405254, 55.003569], [-7.376987, 55.02889], [-7.366962, 55.035557], [-7.355024, 55.040931], [-7.291152, 55.046615], [-7.282987, 55.051835], [-7.275288, 55.058863], [-7.266503, 55.065167], [-7.2471, 55.069322]]], [[[-6.236399, 55.311347], [-6.184804, 55.30683], [-6.174306, 55.3039], [-6.171864, 55.293199], [-6.17809, 55.280585], [-6.187571, 55.269355], [-6.194814, 55.262926], [-6.193267, 55.270982], [-6.19286, 55.275784], [-6.191762, 55.279364], [-6.187978, 55.284003], [-6.21109, 55.295315], [-6.235829, 55.296698], [-6.26061, 55.295071], [-6.283559, 55.297065], [-6.272532, 55.303046], [-6.261464, 55.307522], [-6.249623, 55.310289], [-6.236399, 55.311347]]]]}}, {"type": "Feature", "properties": {"featurecla": "Admin-0 map unit", "scalerank": 0, "LABELRANK": 5, "SOVEREIGNT": "United Kingdom", "SOV_A3": "GB1", "ADM0_DIF": 1, "LEVEL": 3, "TYPE": "Geo unit", "TLC": "1", "ADMIN": "United Kingdom", "ADM0_A3": "GBR", "GEOU_DIF": 1, "GEOUNIT": "Wales", "GU_A3": "WLS", "SU_DIF": 0, "SUBUNIT": "Wales", "SU_A3": "WLS", "BRK_DIFF": 0, "NAME": "Wales", "NAME_LONG": "Wales", "BRK_A3": "WLS", "BRK_NAME": "Wales", "BRK_GROUP": "United Kingdom", "ABBREV": "Wales", "POSTAL": "WA", "FORMAL_EN": null, "FORMAL_FR": null, "NAME_CIAWF": null, "NOTE_ADM0": null, "NOTE_BRK": null, "NAME_SORT": "Wales", "NAME_ALT": null, "MAPCOLOR7": 6, "MAPCOLOR8": 6, "MAPCOLOR9": 6, "MAPCOLOR13": 3, "POP_EST": 3153000, "POP_RANK": 12, "POP_YEAR": 2019, "GDP_MD": 64755, "GDP_YEAR": 2016, "ECONOMY": "1. Developed region: G7", "INCOME_GRP": "1. High income: OECD", "FIPS_10": "-99", "ISO_A2": "-99", "ISO_A2_EH": "GB", "ISO_A3": "-99", "ISO_A3_EH": "GBR", "ISO_N3": "-99", "ISO_N3_EH": "826", "UN_A3": "-099", "WB_A2": "-99", "WB_A3": "-99", "WOE_ID": 12578049, "WOE_ID_EH": 12578049, "WOE_NOTE": "Exact WOE match as child of country (called country)", "ADM0_ISO": "GBR", "ADM0_DIFF": "1", "ADM0_TLC": "WLS", "ADM0_A3_US": "GBR", "ADM0_A3_FR": "GBR", "ADM0_A3_RU": "GBR", "ADM0_A3_ES": "GBR", "ADM0_A3_CN": "GBR", "ADM0_A3_TW": "GBR", "ADM0_A3_IN": "GBR", "ADM0_A3_NP": "GBR", "ADM0_A3_PK": "GBR", "ADM0_A3_DE": "GBR", "ADM0_A3_GB": "GBR", "ADM0_A3_BR": "GBR", "ADM0_A3_IL": "GBR", "ADM0_A3_PS": "GBR", "ADM0_A3_SA": "GBR", "ADM0_A3_EG": "GBR", "ADM0_A3_MA": "GBR", "ADM0_A3_PT": "GBR", "ADM0_A3_AR": "GBR", "ADM0_A3_JP": "GBR", "ADM0_A3_KO": "GBR", "ADM0_A3_VN": "GBR", "ADM0_A3_TR": "GBR", "ADM0_A3_ID": "GBR", "ADM0_A3_PL": "GBR", "ADM0_A3_GR": "GBR", "ADM0_A3_IT": "GBR", "ADM0_A3_NL": "GBR", "ADM0_A3_SE": "GBR", "ADM0_A3_BD": "GBR", "ADM0_A3_UA": "GBR", "ADM0_A3_UN": -99, "ADM0_A3_WB": -99, "CONTINENT": "Europe", "REGION_UN": "Europe", "SUBREGION": "Northern Europe", "REGION_WB": "Europe & Central Asia", "NAME_LEN": 5, "LONG_LEN": 5, "ABBREV_LEN": 5, "TINY": -99, "HOMEPART": 1, "MIN_ZOOM": 0, "MIN_LABEL": 5, "MAX_LABEL": 8, "LABEL_X": -3.643798, "LABEL_Y": 52.135859, "NE_ID": 1159320749, "WIKIDATAID": "Q25", "NAME_AR": "\u0648\u064a\u0644\u0632", "NAME_BN": "\u0993\u09af\u09bc\u09c7\u09b2\u09cd\u09b8\u09cd", "NAME_DE": "Wales", "NAME_EN": "Wales", "NAME_ES": "Gales", "NAME_FA": "\u0648\u0644\u0632", "NAME_FR": "pays de Galles", "NAME_EL": "\u039f\u03c5\u03b1\u03bb\u03af\u03b1", "NAME_HE": "\u05d5\u05d9\u05d9\u05dc\u05e1", "NAME_HI": "\u0935\u0947\u0932\u094d\u0938", "NAME_HU": "Wales", "NAME_ID": "Wales", "NAME_IT": "Galles", "NAME_JA": "\u30a6\u30a7\u30fc\u30eb\u30ba", "NAME_KO": "\uc6e8\uc77c\uc2a4", "NAME_NL": "Wales", "NAME_PL": "Walia", "NAME_PT": "Pa\u00eds de Gales", "NAME_RU": "\u0423\u044d\u043b\u044c\u0441", "NAME_SV": "Wales", "NAME_TR": "Galler", "NAME_UK": "\u0423\u0435\u043b\u044c\u0441", "NAME_UR": "\u0648\u06cc\u0644\u0632", "NAME_VI": "Wales", "NAME_ZH": "\u5a01\u5c14\u58eb", "NAME_ZHT": "\u5a01\u723e\u65af", "FCLASS_ISO": "Unrecognized", "TLC_DIFF": "1", "FCLASS_TLC": "Admin-1 region", "FCLASS_US": "Admin-1 region", "FCLASS_FR": "Admin-1 region", "FCLASS_RU": null, "FCLASS_ES": "Admin-1 region", "FCLASS_CN": null, "FCLASS_TW": null, "FCLASS_IN": null, "FCLASS_NP": null, "FCLASS_PK": null, "FCLASS_DE": "Admin-1 region", "FCLASS_GB": "Admin-1 region", "FCLASS_BR": null, "FCLASS_IL": null, "FCLASS_PS": null, "FCLASS_SA": null, "FCLASS_EG": null, "FCLASS_MA": null, "FCLASS_PT": "Admin-1 region", "FCLASS_AR": null, "FCLASS_JP": "Admin-1 region", "FCLASS_KO": "Admin-1 region", "FCLASS_VN": null, "FCLASS_TR": "Admin-1 region", "FCLASS_ID": null, "FCLASS_PL": "Admin-1 region", "FCLASS_GR": "Admin-1 region", "FCLASS_IT": "Admin-1 region", "FCLASS_NL": "Admin-1 region", "FCLASS_SE": "Admin-1 region", "FCLASS_BD": null, "FCLASS_UA": "Admin-1 region"}, "bbox": [-5.310943, 51.384223, -2.647043, 53.426947], "geometry": {"type": "MultiPolygon", "coordinates": [[[[-3.084543, 53.258577], [-3.066681, 53.253236], [-3.028984, 53.249051], [-3.019759, 53.246699], [-2.955551, 53.215513], [-2.922427, 53.193473], [-2.917983, 53.189261], [-2.913564, 53.183422], [-2.911445, 53.174714], [-2.912557, 53.170141], [-2.915295, 53.167143], [-2.952399, 53.152881], [-2.95581, 53.150555], [-2.957231, 53.147145], [-2.956797, 53.144604], [-2.956662, 53.143812], [-2.951469, 53.138411], [-2.902635, 53.106708], [-2.897364, 53.102238], [-2.870957, 53.066271], [-2.864058, 53.053171], [-2.857495, 53.035549], [-2.857004, 53.03188], [-2.85734, 53.027901], [-2.855118, 53.022863], [-2.850545, 53.017178], [-2.825766, 52.99997], [-2.81835, 52.98948], [-2.813441, 52.986844], [-2.806181, 52.984958], [-2.768638, 52.981548], [-2.727731, 52.96654], [-2.727297, 52.966381], [-2.725023, 52.958345], [-2.718822, 52.948914], [-2.717116, 52.945555], [-2.716238, 52.941783], [-2.716755, 52.925608], [-2.717685, 52.921603], [-2.721509, 52.918166], [-2.727813, 52.916151], [-2.741197, 52.914342], [-2.751171, 52.9115], [-2.771532, 52.902198], [-2.77949, 52.900571], [-2.788998, 52.902095], [-2.795044, 52.90393], [-2.847961, 52.937287], [-2.853154, 52.939095], [-2.865066, 52.941137], [-2.877985, 52.941421], [-2.917156, 52.934109], [-2.925941, 52.93354], [-2.932969, 52.934264], [-2.937542, 52.935866], [-2.941599, 52.938165], [-2.958368, 52.95049], [-2.962967, 52.951963], [-2.974775, 52.953539], [-2.99281, 52.95297], [-3.00392, 52.949844], [-3.054718, 52.926409], [-3.058594, 52.925272], [-3.063607, 52.924678], [-3.067586, 52.923515], [-3.08035, 52.917624], [-3.086189, 52.913567], [-3.09146, 52.908115], [-3.099703, 52.89747], [-3.106343, 52.893103], [-3.112906, 52.890416], [-3.123474, 52.887884], [-3.126859, 52.884603], [-3.128357, 52.880003], [-3.126264, 52.871761], [-3.124223, 52.866929], [-3.121691, 52.862588], [-3.120864, 52.859074], [-3.121898, 52.854914], [-3.127065, 52.849747], [-3.140682, 52.841866], [-3.144299, 52.839179], [-3.150268, 52.833314], [-3.152232, 52.829826], [-3.152619, 52.823883], [-3.152335, 52.818973], [-3.14043, 52.796341], [-3.14032, 52.796133], [-3.130114, 52.789415], [-3.113061, 52.784583], [-3.08221, 52.783033], [-3.077559, 52.781792], [-3.074717, 52.77988], [-3.067715, 52.771638], [-3.062961, 52.768434], [-3.057509, 52.766212], [-3.029552, 52.763886], [-3.005781, 52.759055], [-2.999941, 52.756988], [-2.998546, 52.756109], [-2.988211, 52.744973], [-2.983353, 52.741536], [-2.978599, 52.739004], [-2.961494, 52.733733], [-2.959944, 52.731098], [-2.961107, 52.728049], [-2.967411, 52.719858], [-2.97369, 52.716396], [-2.979839, 52.7142], [-2.99927, 52.713244], [-3.005522, 52.712262], [-3.00976, 52.710789], [-3.013274, 52.70836], [-3.016245, 52.704898], [-3.021129, 52.69557], [-3.027898, 52.686914], [-3.029087, 52.683039], [-3.030275, 52.67645], [-3.029216, 52.663944], [-3.032446, 52.654617], [-3.035753, 52.649397], [-3.040223, 52.64671], [-3.059266, 52.639837], [-3.062935, 52.637512], [-3.065725, 52.63361], [-3.067586, 52.62821], [-3.070454, 52.614567], [-3.072056, 52.609994], [-3.074175, 52.606687], [-3.080608, 52.601054], [-3.088928, 52.59661], [-3.116317, 52.586326], [-3.120037, 52.584052], [-3.122983, 52.580978], [-3.124662, 52.576689], [-3.124972, 52.571056], [-3.124042, 52.566534], [-3.120037, 52.559661], [-3.112183, 52.551109], [-3.109883, 52.54806], [-3.108359, 52.544804], [-3.108359, 52.540928], [-3.109883, 52.537595], [-3.115387, 52.531782], [-3.115128, 52.528991], [-3.110684, 52.52695], [-3.099909, 52.526666], [-3.092546, 52.527493], [-3.086551, 52.529069], [-3.08283, 52.531446], [-3.079678, 52.53434], [-3.074614, 52.540825], [-3.071126, 52.543331], [-3.067198, 52.54545], [-3.039164, 52.554984], [-3.020043, 52.566663], [-3.015238, 52.568188], [-3.010147, 52.568317], [-3.005316, 52.567335], [-2.980459, 52.549817], [-2.976997, 52.545631], [-2.975498, 52.541833], [-2.976377, 52.53806], [-2.981338, 52.533254], [-2.988857, 52.527751], [-3.014876, 52.513256], [-3.024178, 52.499665], [-3.030844, 52.4969], [-3.107738, 52.493903], [-3.117996, 52.491345], [-3.144196, 52.480054], [-3.190317, 52.46884], [-3.194632, 52.466928], [-3.201454, 52.462122], [-3.213107, 52.450081], [-3.214657, 52.446154], [-3.215122, 52.442226], [-3.21507, 52.438402], [-3.21321, 52.430522], [-3.211505, 52.426155], [-3.208766, 52.421298], [-3.205975, 52.417939], [-3.202668, 52.414993], [-3.199309, 52.412513], [-3.165099, 52.398637], [-3.139519, 52.383703], [-3.103656, 52.368071], [-3.077559, 52.35032], [-3.070557, 52.346573], [-2.957414, 52.341183], [-2.956662, 52.341147], [-2.954983, 52.331587], [-2.957334, 52.327944], [-2.96369, 52.322596], [-2.984025, 52.314276], [-2.991079, 52.309651], [-2.996169, 52.302984], [-2.999476, 52.296215], [-2.99927, 52.294458], [-2.996531, 52.283942], [-2.993275, 52.279627], [-2.988676, 52.276293], [-2.963613, 52.27172], [-2.958962, 52.270015], [-2.95643, 52.267328], [-2.956378, 52.264098], [-2.962166, 52.259757], [-2.968367, 52.257845], [-3.002525, 52.257018], [-3.011904, 52.254848], [-3.016064, 52.253039], [-3.019036, 52.251256], [-3.025883, 52.244435], [-3.029087, 52.242032], [-3.033169, 52.239862], [-3.046812, 52.235056], [-3.050998, 52.232834], [-3.05415, 52.230172], [-3.056682, 52.226658], [-3.061669, 52.215109], [-3.06694, 52.209166], [-3.107661, 52.172708], [-3.108927, 52.168471], [-3.107428, 52.163923], [-3.099418, 52.157541], [-3.093166, 52.156068], [-3.087404, 52.156172], [-3.082469, 52.156921], [-3.077663, 52.15581], [-3.075699, 52.152787], [-3.078231, 52.147283], [-3.082133, 52.143588], [-3.087016, 52.140772], [-3.113371, 52.135217], [-3.122208, 52.132013], [-3.124662, 52.128964], [-3.123913, 52.125088], [-3.116575, 52.11943], [-3.101434, 52.113151], [-3.100814, 52.111962], [-3.101744, 52.110386], [-3.106808, 52.107932], [-3.10996, 52.105115], [-3.113216, 52.101575], [-3.117479, 52.092997], [-3.123758, 52.075686], [-3.123086, 52.073257], [-3.121717, 52.070802], [-3.114301, 52.068735], [-3.105051, 52.063748], [-3.087559, 52.051734], [-3.084691, 52.047935], [-3.082624, 52.043259], [-3.082133, 52.035042], [-3.083425, 52.029849], [-3.0819, 52.022304], [-3.079885, 52.0168], [-3.05125, 51.983503], [-3.050843, 51.98303], [-3.02826, 51.963289], [-2.998779, 51.946701], [-2.997099, 51.945254], [-2.9948, 51.942645], [-2.993404, 51.939337], [-2.991932, 51.931922], [-2.988211, 51.927581], [-2.982268, 51.922827], [-2.960848, 51.911122], [-2.952502, 51.908693], [-2.94178, 51.908538], [-2.934726, 51.909262], [-2.924339, 51.912052], [-2.894573, 51.925824], [-2.884625, 51.92833], [-2.873592, 51.929209], [-2.775666, 51.875026], [-2.765124, 51.866499], [-2.762643, 51.863373], [-2.749311, 51.853658], [-2.746572, 51.85079], [-2.742334, 51.844873], [-2.739647, 51.84216], [-2.734996, 51.839886], [-2.728743, 51.838387], [-2.710553, 51.839137], [-2.702595, 51.838542], [-2.695826, 51.836269], [-2.677532, 51.825184], [-2.658877, 51.817665], [-2.648511, 51.8214], [-2.647043, 51.821928], [-2.654174, 51.807769], [-2.675775, 51.786659], [-2.679341, 51.778365], [-2.680994, 51.772267], [-2.680581, 51.764929], [-2.676705, 51.758186], [-2.670194, 51.749504], [-2.670556, 51.743949], [-2.673915, 51.73643], [-2.677222, 51.732244], [-2.683733, 51.726094], [-2.684353, 51.721935], [-2.68301, 51.716741], [-2.674225, 51.703228], [-2.666783, 51.685735], [-2.663579, 51.680206], [-2.661719, 51.675529], [-2.661616, 51.672248], [-2.665802, 51.668553], [-2.681615, 51.664444], [-2.684043, 51.662119], [-2.683475, 51.659018], [-2.678101, 51.653928], [-2.673036, 51.647314], [-2.672519, 51.637986], [-2.665354, 51.617255], [-2.693756, 51.596177], [-2.713124, 51.586615], [-2.760487, 51.579779], [-2.798085, 51.563503], [-2.816396, 51.555569], [-2.858713, 51.546129], [-2.943349, 51.542548], [-2.956288, 51.545722], [-2.964101, 51.552802], [-2.969472, 51.559882], [-2.97468, 51.562974], [-2.984039, 51.558539], [-3.010243, 51.538031], [-3.015696, 51.531643], [-3.07372, 51.508368], [-3.076487, 51.507758], [-3.088938, 51.505072], [-3.105621, 51.497219], [-3.131703, 51.480414], [-3.135081, 51.476304], [-3.14094, 51.464789], [-3.145375, 51.459947], [-3.152415, 51.45718], [-3.166656, 51.456], [-3.172393, 51.453274], [-3.172719, 51.453111], [-3.160064, 51.43183], [-3.167144, 51.410468], [-3.184804, 51.39761], [-3.20401, 51.401597], [-3.218861, 51.402777], [-3.289418, 51.384223], [-3.539174, 51.398505], [-3.557444, 51.405097], [-3.575307, 51.420437], [-3.604726, 51.445705], [-3.663197, 51.476223], [-3.676991, 51.477037], [-3.695424, 51.471503], [-3.717926, 51.478583], [-3.73762, 51.490871], [-3.748036, 51.500922], [-3.74942, 51.505357], [-3.74767, 51.507025], [-3.744537, 51.507636], [-3.741851, 51.508368], [-3.749338, 51.528062], [-3.751902, 51.533067], [-3.758941, 51.54678], [-3.770131, 51.5633], [-3.782216, 51.576646], [-3.790273, 51.581977], [-3.807729, 51.589179], [-3.816965, 51.596503], [-3.832672, 51.615546], [-3.841624, 51.621527], [-3.854888, 51.623847], [-3.88679, 51.621405], [-3.962392, 51.615627], [-3.976633, 51.611884], [-3.98998, 51.606513], [-3.998769, 51.600287], [-3.999908, 51.590888], [-3.992258, 51.581122], [-3.981801, 51.571601], [-3.974599, 51.562974], [-4.016184, 51.562974], [-4.016103, 51.56037], [-4.020823, 51.555854], [-4.026519, 51.554023], [-4.029205, 51.559272], [-4.031972, 51.563137], [-4.038564, 51.56623], [-4.046457, 51.568427], [-4.053131, 51.569241], [-4.056304, 51.567043], [-4.065582, 51.557563], [-4.070221, 51.555569], [-4.076812, 51.556952], [-4.08727, 51.561916], [-4.112131, 51.565619], [-4.121653, 51.565985], [-4.132192, 51.562974], [-4.14273, 51.556952], [-4.156809, 51.546291], [-4.166412, 51.542548], [-4.176503, 51.544257], [-4.187734, 51.548774], [-4.196767, 51.549384], [-4.200551, 51.538764], [-4.213368, 51.53913], [-4.27245, 51.554755], [-4.289906, 51.555569], [-4.293324, 51.559149], [-4.295155, 51.561957], [-4.297353, 51.569241], [-4.27831, 51.578192], [-4.280832, 51.588813], [-4.289703, 51.601549], [-4.289906, 51.617011], [-4.255767, 51.623847], [-4.252024, 51.627102], [-4.241282, 51.63935], [-4.234731, 51.644965], [-4.228505, 51.637437], [-4.234731, 51.637437], [-4.234731, 51.631293], [-4.227854, 51.628119], [-4.221018, 51.623847], [-4.190094, 51.630276], [-4.139027, 51.63231], [-4.091298, 51.639879], [-4.070221, 51.662299], [-4.069814, 51.668931], [-4.070383, 51.674302], [-4.070546, 51.675971], [-4.075429, 51.677802], [-4.08727, 51.66885], [-4.095448, 51.665107], [-4.106842, 51.664252], [-4.146352, 51.66706], [-4.200551, 51.685858], [-4.214955, 51.679674], [-4.293691, 51.672268], [-4.315297, 51.677476], [-4.342356, 51.690863], [-4.366444, 51.708482], [-4.379262, 51.726874], [-4.338043, 51.723334], [-4.319976, 51.72484], [-4.310455, 51.73371], [-4.328725, 51.732978], [-4.347157, 51.735785], [-4.362538, 51.742865], [-4.371816, 51.754788], [-4.368764, 51.756985], [-4.362904, 51.763861], [-4.358022, 51.773139], [-4.358225, 51.782131], [-4.365102, 51.789049], [-4.37149, 51.785956], [-4.379262, 51.775295], [-4.384918, 51.771877], [-4.392974, 51.763739], [-4.399159, 51.761623], [-4.409332, 51.76317], [-4.417877, 51.76789], [-4.426503, 51.775295], [-4.44579, 51.773261], [-4.44933, 51.766303], [-4.441396, 51.756781], [-4.426503, 51.747301], [-4.460764, 51.735785], [-4.498891, 51.734849], [-4.574208, 51.741156], [-4.603424, 51.739244], [-4.639231, 51.733181], [-4.645375, 51.732123], [-4.678212, 51.717434], [-4.680287, 51.692694], [-4.689443, 51.691596], [-4.69164, 51.689887], [-4.69164, 51.685981], [-4.693959, 51.678412], [-4.71231, 51.650092], [-4.721425, 51.652045], [-4.734934, 51.659247], [-4.741851, 51.656073], [-4.759185, 51.644965], [-4.848297, 51.646308], [-4.863515, 51.64411], [-4.878977, 51.637437], [-4.887807, 51.62995], [-4.895741, 51.62108], [-4.904775, 51.613837], [-4.923695, 51.608629], [-4.931996, 51.599026], [-4.941029, 51.596503], [-4.946034, 51.597602], [-4.956451, 51.602769], [-5.021596, 51.616034], [-5.045766, 51.626899], [-5.03661, 51.637437], [-5.051178, 51.656928], [-5.100494, 51.6647], [-5.11974, 51.678412], [-5.113433, 51.685289], [-5.03661, 51.678412], [-5.038726, 51.68183], [-5.041331, 51.689399], [-5.043446, 51.692694], [-5.028676, 51.692939], [-5.002553, 51.687405], [-4.988189, 51.685858], [-4.974599, 51.687934], [-4.941029, 51.700141], [-4.892649, 51.706366], [-4.868276, 51.716783], [-4.858062, 51.718329], [-4.844838, 51.713813], [-4.844838, 51.720038], [-4.873402, 51.737738], [-4.879018, 51.76203], [-4.862538, 51.782375], [-4.82433, 51.788275], [-4.82433, 51.795722], [-4.836008, 51.790717], [-4.86498, 51.783271], [-4.921295, 51.780015], [-4.933583, 51.775295], [-4.917226, 51.775336], [-4.905181, 51.771186], [-4.900543, 51.762112], [-4.906239, 51.747301], [-4.892079, 51.739407], [-4.89566, 51.728176], [-4.910553, 51.718207], [-4.988189, 51.706855], [-5.009918, 51.706366], [-5.149241, 51.718085], [-5.1669, 51.713813], [-5.156972, 51.697577], [-5.168609, 51.68891], [-5.182851, 51.689276], [-5.180653, 51.700141], [-5.180653, 51.706366], [-5.230133, 51.730048], [-5.249501, 51.73371], [-5.228139, 51.733954], [-5.213938, 51.735745], [-5.20287, 51.74079], [-5.191151, 51.751044], [-5.176829, 51.75967], [-5.143219, 51.763861], [-5.125966, 51.7685], [-5.11026, 51.77851], [-5.107086, 51.788072], [-5.112294, 51.813178], [-5.113393, 51.828803], [-5.117502, 51.843695], [-5.125885, 51.856024], [-5.139638, 51.864], [-5.146474, 51.857164], [-5.164377, 51.866767], [-5.203765, 51.870185], [-5.221588, 51.877672], [-5.235829, 51.871039], [-5.291412, 51.864], [-5.310943, 51.864], [-5.30427, 51.867621], [-5.297353, 51.870185], [-5.297353, 51.877672], [-5.300689, 51.882025], [-5.302561, 51.88524], [-5.30016, 51.888332], [-5.290517, 51.891995], [-5.290517, 51.898139], [-5.298329, 51.910956], [-5.28893, 51.916938], [-5.252838, 51.918647], [-5.234202, 51.923041], [-5.204172, 51.942288], [-5.191151, 51.946601], [-5.16039, 51.949449], [-5.119537, 51.95893], [-5.088043, 51.97602], [-5.085032, 52.001858], [-5.07079, 52.001858], [-5.07079, 52.008043], [-5.082753, 52.014472], [-5.081207, 52.021186], [-5.070221, 52.026353], [-5.0537, 52.02851], [-5.026601, 52.027411], [-5.015045, 52.025336], [-4.961741, 52.007514], [-4.942535, 52.007473], [-4.913686, 52.014838], [-4.920522, 52.02851], [-4.901601, 52.026435], [-4.863189, 52.016995], [-4.84142, 52.014838], [-4.832265, 52.018988], [-4.833852, 52.028754], [-4.838287, 52.040107], [-4.838002, 52.049018], [-4.830393, 52.052924], [-4.796986, 52.056464], [-4.777577, 52.064887], [-4.763173, 52.075873], [-4.738678, 52.100816], [-4.720286, 52.113349], [-4.706532, 52.113471], [-4.673451, 52.097398], [-4.675689, 52.126939], [-4.637522, 52.138495], [-4.513824, 52.135688], [-4.502268, 52.138373], [-4.495758, 52.1435], [-4.490956, 52.150377], [-4.484283, 52.156317], [-4.454701, 52.162055], [-4.434804, 52.170356], [-4.415395, 52.181545], [-4.385569, 52.203437], [-4.371246, 52.209296], [-4.354726, 52.212104], [-4.33434, 52.212836], [-4.315826, 52.216295], [-4.197133, 52.279283], [-4.139068, 52.330227], [-4.109609, 52.365302], [-4.096262, 52.387885], [-4.087392, 52.430121], [-4.078969, 52.45303], [-4.067942, 52.473619], [-4.056549, 52.48786], [-4.061838, 52.497056], [-4.064036, 52.509182], [-4.062571, 52.520982], [-4.056549, 52.529446], [-4.048492, 52.530463], [-4.026601, 52.523383], [-4.016184, 52.521959], [-3.998769, 52.525946], [-3.947336, 52.549262], [-3.947336, 52.556708], [-3.974477, 52.556545], [-4.025868, 52.545356], [-4.053131, 52.542426], [-4.068471, 52.550116], [-4.114125, 52.588609], [-4.125478, 52.603909], [-4.122222, 52.62873], [-4.105946, 52.65351], [-4.084828, 52.672675], [-4.067128, 52.680243], [-4.063547, 52.683092], [-4.058827, 52.696601], [-4.056549, 52.70067], [-4.052724, 52.702216], [-4.041982, 52.704657], [-4.001088, 52.724107], [-3.988271, 52.73428], [-4.014719, 52.732327], [-4.031972, 52.723944], [-4.048818, 52.721584], [-4.125152, 52.778306], [-4.144358, 52.802802], [-4.149037, 52.812079], [-4.14623, 52.820217], [-4.128896, 52.823635], [-4.11734, 52.830756], [-4.119781, 52.846259], [-4.127756, 52.861721], [-4.132192, 52.868313], [-4.131988, 52.882473], [-4.129872, 52.889228], [-4.123606, 52.893256], [-4.064036, 52.919176], [-4.071401, 52.921088], [-4.074574, 52.922797], [-4.077626, 52.926663], [-4.089101, 52.91885], [-4.100494, 52.91413], [-4.110585, 52.915676], [-4.11856, 52.926663], [-4.144399, 52.914781], [-4.17162, 52.913479], [-4.228505, 52.919176], [-4.300689, 52.905585], [-4.317291, 52.899359], [-4.33731, 52.892035], [-4.406606, 52.892524], [-4.427235, 52.885972], [-4.446197, 52.875922], [-4.481679, 52.850898], [-4.477935, 52.848334], [-4.475494, 52.844143], [-4.491363, 52.838202], [-4.500966, 52.826809], [-4.501332, 52.81391], [-4.489125, 52.803168], [-4.501943, 52.794989], [-4.509185, 52.791449], [-4.516469, 52.789496], [-4.528554, 52.790473], [-4.54247, 52.800686], [-4.563954, 52.805243], [-4.583079, 52.814643], [-4.594635, 52.816799], [-4.606516, 52.81509], [-4.613515, 52.811103], [-4.619211, 52.806545], [-4.626332, 52.803168], [-4.64859, 52.799628], [-4.704498, 52.803168], [-4.719309, 52.797512], [-4.733225, 52.787502], [-4.747426, 52.783433], [-4.762847, 52.789496], [-4.752512, 52.798774], [-4.751454, 52.803209], [-4.755442, 52.809312], [-4.749257, 52.814276], [-4.734934, 52.830471], [-4.596059, 52.928412], [-4.580963, 52.933498], [-4.562082, 52.934516], [-4.543528, 52.937934], [-4.523997, 52.944241], [-4.44343, 52.982164], [-4.423695, 53.002631], [-4.358225, 53.028469], [-4.349965, 53.04149], [-4.345693, 53.059475], [-4.343861, 53.10106], [-4.340891, 53.112738], [-4.33434, 53.116767], [-4.327626, 53.114691], [-4.324696, 53.107896], [-4.320668, 53.101508], [-4.312245, 53.109442], [-4.304758, 53.120998], [-4.303619, 53.125312], [-4.263539, 53.154527], [-4.252349, 53.15941], [-4.234527, 53.164008], [-4.221303, 53.175035], [-4.200551, 53.200995], [-4.177968, 53.217597], [-4.151519, 53.228095], [-4.122222, 53.233466], [-4.090688, 53.235175], [-4.082346, 53.233547], [-4.07433, 53.230658], [-4.066884, 53.229071], [-4.054107, 53.234361], [-4.032297, 53.240709], [-4.008901, 53.244452], [-3.974599, 53.261786], [-3.865305, 53.28913], [-3.831288, 53.28913], [-3.84142, 53.30744], [-3.870758, 53.325629], [-3.878407, 53.337592], [-3.859975, 53.33633], [-3.840566, 53.332831], [-3.822987, 53.326565], [-3.810129, 53.317084], [-3.790517, 53.323432], [-3.76887, 53.319159], [-3.748199, 53.307807], [-3.731923, 53.292873], [-3.716298, 53.286933], [-3.602203, 53.288886], [-3.562327, 53.29442], [-3.37206, 53.350898], [-3.330312, 53.351793], [-3.292388, 53.340522], [-3.271311, 53.330552], [-3.262074, 53.320502], [-3.250803, 53.312567], [-3.122222, 53.262274], [-3.107533, 53.251899], [-3.095123, 53.239325], [-3.087758, 53.234687], [-3.084543, 53.238593], [-3.084543, 53.258577]]], [[[-4.57726, 53.27204], [-4.572743, 53.266506], [-4.563954, 53.260443], [-4.558461, 53.252753], [-4.563629, 53.241929], [-4.571889, 53.239488], [-4.581899, 53.242011], [-4.602406, 53.253079], [-4.622792, 53.275946], [-4.632558, 53.282945], [-4.641347, 53.284369], [-4.6704, 53.282945], [-4.676666, 53.285102], [-4.693959, 53.302802], [-4.693959, 53.309638], [-4.667307, 53.32392], [-4.65567, 53.31977], [-4.644195, 53.319525], [-4.626291, 53.320868], [-4.618886, 53.317084], [-4.603831, 53.308173], [-4.590443, 53.297553], [-4.580922, 53.285468], [-4.57726, 53.27204]]], [[[-4.098134, 53.309638], [-4.068918, 53.31037], [-4.055043, 53.308539], [-4.042877, 53.302802], [-4.063385, 53.289293], [-4.098053, 53.250149], [-4.121978, 53.241929], [-4.146718, 53.239081], [-4.171986, 53.231391], [-4.195546, 53.220282], [-4.214833, 53.207221], [-4.218495, 53.204047], [-4.220367, 53.201483], [-4.221018, 53.197455], [-4.221018, 53.190131], [-4.222035, 53.182115], [-4.225006, 53.18122], [-4.22936, 53.182196], [-4.264556, 53.166938], [-4.280141, 53.154975], [-4.343861, 53.132066], [-4.35436, 53.12995], [-4.366689, 53.131415], [-4.392405, 53.138332], [-4.39269, 53.136054], [-4.398671, 53.132758], [-4.406606, 53.130601], [-4.412831, 53.132066], [-4.414296, 53.137844], [-4.413686, 53.147121], [-4.411977, 53.155585], [-4.409739, 53.15941], [-4.401926, 53.163723], [-4.39037, 53.173082], [-4.385121, 53.18244], [-4.395741, 53.186713], [-4.410878, 53.182196], [-4.432851, 53.162909], [-4.447581, 53.15941], [-4.448557, 53.162543], [-4.481679, 53.179877], [-4.484486, 53.180609], [-4.492502, 53.179348], [-4.495351, 53.179877], [-4.496002, 53.182563], [-4.4947, 53.190863], [-4.495351, 53.193549], [-4.495107, 53.196479], [-4.496327, 53.203803], [-4.499623, 53.211249], [-4.519887, 53.222846], [-4.55309, 53.261949], [-4.571034, 53.275458], [-4.571034, 53.282945], [-4.565256, 53.293036], [-4.563222, 53.308254], [-4.563629, 53.330064], [-4.558665, 53.363349], [-4.560862, 53.377834], [-4.571034, 53.392768], [-4.553456, 53.40058], [-4.425364, 53.426703], [-4.412831, 53.426947], [-4.343495, 53.420071], [-4.324696, 53.419501], [-4.286529, 53.40644], [-4.276723, 53.401028], [-4.271881, 53.389065], [-4.269358, 53.377102], [-4.266021, 53.371649], [-4.266916, 53.368964], [-4.254506, 53.363227], [-4.240061, 53.358344], [-4.234731, 53.358059], [-4.233713, 53.352973], [-4.234853, 53.346137], [-4.235178, 53.340074], [-4.231557, 53.337592], [-4.230621, 53.335273], [-4.214833, 53.32392], [-4.20934, 53.312405], [-4.207428, 53.3039], [-4.203236, 53.298489], [-4.190582, 53.296576], [-4.177805, 53.297553], [-4.154897, 53.301825], [-4.142486, 53.302802], [-4.136627, 53.30508], [-4.127797, 53.314846], [-4.121978, 53.317084], [-4.115142, 53.315904], [-4.102528, 53.310777], [-4.098134, 53.309638]]]]}}, {"type": "Feature", "properties": {"featurecla": "Admin-0 map unit", "scalerank": 0, "LABELRANK": 5, "SOVEREIGNT": "United Kingdom", "SOV_A3": "GB1", "ADM0_DIF": 1, "LEVEL": 3, "TYPE": "Geo unit", "TLC": "1", "ADMIN": "United Kingdom", "ADM0_A3": "GBR", "GEOU_DIF": 1, "GEOUNIT": "England", "GU_A3": "ENG", "SU_DIF": 0, "SUBUNIT": "England", "SU_A3": "ENG", "BRK_DIFF": 0, "NAME": "England", "NAME_LONG": "England", "BRK_A3": "ENG", "BRK_NAME": "England", "BRK_GROUP": "United Kingdom", "ABBREV": "Eng.", "POSTAL": "EN", "FORMAL_EN": null, "FORMAL_FR": null, "NAME_CIAWF": null, "NOTE_ADM0": null, "NOTE_BRK": null, "NAME_SORT": "England", "NAME_ALT": null, "MAPCOLOR7": 6, "MAPCOLOR8": 6, "MAPCOLOR9": 6, "MAPCOLOR13": 3, "POP_EST": 56286961, "POP_RANK": 16, "POP_YEAR": 2019, "GDP_MD": 2427299, "GDP_YEAR": 2016, "ECONOMY": "1. Developed region: G7", "INCOME_GRP": "1. High income: OECD", "FIPS_10": "-99", "ISO_A2": "-99", "ISO_A2_EH": "GB", "ISO_A3": "-99", "ISO_A3_EH": "GBR", "ISO_N3": "-99", "ISO_N3_EH": "826", "UN_A3": "-099", "WB_A2": "-99", "WB_A3": "-99", "WOE_ID": 24554868, "WOE_ID_EH": 24554868, "WOE_NOTE": "Exact WOE match as child of country (called country)", "ADM0_ISO": "GBR", "ADM0_DIFF": "1", "ADM0_TLC": "ENG", "ADM0_A3_US": "GBR", "ADM0_A3_FR": "GBR", "ADM0_A3_RU": "GBR", "ADM0_A3_ES": "GBR", "ADM0_A3_CN": "GBR", "ADM0_A3_TW": "GBR", "ADM0_A3_IN": "GBR", "ADM0_A3_NP": "GBR", "ADM0_A3_PK": "GBR", "ADM0_A3_DE": "GBR", "ADM0_A3_GB": "GBR", "ADM0_A3_BR": "GBR", "ADM0_A3_IL": "GBR", "ADM0_A3_PS": "GBR", "ADM0_A3_SA": "GBR", "ADM0_A3_EG": "GBR", "ADM0_A3_MA": "GBR", "ADM0_A3_PT": "GBR", "ADM0_A3_AR": "GBR", "ADM0_A3_JP": "GBR", "ADM0_A3_KO": "GBR", "ADM0_A3_VN": "GBR", "ADM0_A3_TR": "GBR", "ADM0_A3_ID": "GBR", "ADM0_A3_PL": "GBR", "ADM0_A3_GR": "GBR", "ADM0_A3_IT": "GBR", "ADM0_A3_NL": "GBR", "ADM0_A3_SE": "GBR", "ADM0_A3_BD": "GBR", "ADM0_A3_UA": "GBR", "ADM0_A3_UN": -99, "ADM0_A3_WB": -99, "CONTINENT": "Europe", "REGION_UN": "Europe", "SUBREGION": "Northern Europe", "REGION_WB": "Europe & Central Asia", "NAME_LEN": 7, "LONG_LEN": 7, "ABBREV_LEN": 4, "TINY": -99, "HOMEPART": 1, "MIN_ZOOM": 0, "MIN_LABEL": 5, "MAX_LABEL": 8, "LABEL_X": -1.402032, "LABEL_Y": 52.60981, "NE_ID": 1159320743, "WIKIDATAID": "Q21", "NAME_AR": "\u0625\u0646\u062c\u0644\u062a\u0631\u0627", "NAME_BN": "\u0987\u0982\u09b2\u09cd\u09af\u09be\u09a8\u09cd\u09a1", "NAME_DE": "England", "NAME_EN": "England", "NAME_ES": "Inglaterra", "NAME_FA": "\u0627\u0646\u06af\u0644\u0633\u062a\u0627\u0646", "NAME_FR": "Angleterre", "NAME_EL": "\u0391\u03b3\u03b3\u03bb\u03af\u03b1", "NAME_HE": "\u05d0\u05e0\u05d2\u05dc\u05d9\u05d4", "NAME_HI": "\u0907\u0902\u0917\u094d\u0932\u0948\u0923\u094d\u0921", "NAME_HU": "Anglia", "NAME_ID": "Inggris", "NAME_IT": "Inghilterra", "NAME_JA": "\u30a4\u30f3\u30b0\u30e9\u30f3\u30c9", "NAME_KO": "\uc789\uae00\ub79c\ub4dc", "NAME_NL": "Engeland", "NAME_PL": "Anglia", "NAME_PT": "Inglaterra", "NAME_RU": "\u0410\u043d\u0433\u043b\u0438\u044f", "NAME_SV": "England", "NAME_TR": "\u0130ngiltere", "NAME_UK": "\u0410\u043d\u0433\u043b\u0456\u044f", "NAME_UR": "\u0627\u0646\u06af\u0644\u0633\u062a\u0627\u0646", "NAME_VI": "Anh", "NAME_ZH": "\u82f1\u683c\u5170", "NAME_ZHT": "\u82f1\u683c\u862d", "FCLASS_ISO": "Unrecognized", "TLC_DIFF": "1", "FCLASS_TLC": "Admin-1 region", "FCLASS_US": "Admin-1 region", "FCLASS_FR": "Admin-1 region", "FCLASS_RU": null, "FCLASS_ES": "Admin-1 region", "FCLASS_CN": null, "FCLASS_TW": null, "FCLASS_IN": null, "FCLASS_NP": null, "FCLASS_PK": null, "FCLASS_DE": "Admin-1 region", "FCLASS_GB": "Admin-1 region", "FCLASS_BR": null, "FCLASS_IL": null, "FCLASS_PS": null, "FCLASS_SA": null, "FCLASS_EG": null, "FCLASS_MA": null, "FCLASS_PT": "Admin-1 region", "FCLASS_AR": null, "FCLASS_JP": "Admin-1 region", "FCLASS_KO": "Admin-1 region", "FCLASS_VN": null, "FCLASS_TR": "Admin-1 region", "FCLASS_ID": null, "FCLASS_PL": "Admin-1 region", "FCLASS_GR": "Admin-1 region", "FCLASS_IT": "Admin-1 region", "FCLASS_NL": "Admin-1 region", "FCLASS_SE": "Admin-1 region", "FCLASS_BD": null, "FCLASS_UA": "Admin-1 region"}, "bbox": [-6.348948, 49.909613, 1.771169, 55.805487], "geometry": {"type": "MultiPolygon", "coordinates": [[[[-2.665354, 51.617255], [-2.672519, 51.637986], [-2.673036, 51.647314], [-2.678101, 51.653928], [-2.683475, 51.659018], [-2.684043, 51.662119], [-2.681615, 51.664444], [-2.665802, 51.668553], [-2.661616, 51.672248], [-2.661719, 51.675529], [-2.663579, 51.680206], [-2.666783, 51.685735], [-2.674225, 51.703228], [-2.68301, 51.716741], [-2.684353, 51.721935], [-2.683733, 51.726094], [-2.677222, 51.732244], [-2.673915, 51.73643], [-2.670556, 51.743949], [-2.670194, 51.749504], [-2.676705, 51.758186], [-2.680581, 51.764929], [-2.680994, 51.772267], [-2.679341, 51.778365], [-2.675775, 51.786659], [-2.654174, 51.807769], [-2.647043, 51.821928], [-2.648511, 51.8214], [-2.658877, 51.817665], [-2.677532, 51.825184], [-2.695826, 51.836269], [-2.702595, 51.838542], [-2.710553, 51.839137], [-2.728743, 51.838387], [-2.734996, 51.839886], [-2.739647, 51.84216], [-2.742334, 51.844873], [-2.746572, 51.85079], [-2.749311, 51.853658], [-2.762643, 51.863373], [-2.765124, 51.866499], [-2.775666, 51.875026], [-2.873592, 51.929209], [-2.884625, 51.92833], [-2.894573, 51.925824], [-2.924339, 51.912052], [-2.934726, 51.909262], [-2.94178, 51.908538], [-2.952502, 51.908693], [-2.960848, 51.911122], [-2.982268, 51.922827], [-2.988211, 51.927581], [-2.991932, 51.931922], [-2.993404, 51.939337], [-2.9948, 51.942645], [-2.997099, 51.945254], [-2.998779, 51.946701], [-3.02826, 51.963289], [-3.050843, 51.98303], [-3.05125, 51.983503], [-3.079885, 52.0168], [-3.0819, 52.022304], [-3.083425, 52.029849], [-3.082133, 52.035042], [-3.082624, 52.043259], [-3.084691, 52.047935], [-3.087559, 52.051734], [-3.105051, 52.063748], [-3.114301, 52.068735], [-3.121717, 52.070802], [-3.123086, 52.073257], [-3.123758, 52.075686], [-3.117479, 52.092997], [-3.113216, 52.101575], [-3.10996, 52.105115], [-3.106808, 52.107932], [-3.101744, 52.110386], [-3.100814, 52.111962], [-3.101434, 52.113151], [-3.116575, 52.11943], [-3.123913, 52.125088], [-3.124662, 52.128964], [-3.122208, 52.132013], [-3.113371, 52.135217], [-3.087016, 52.140772], [-3.082133, 52.143588], [-3.078231, 52.147283], [-3.075699, 52.152787], [-3.077663, 52.15581], [-3.082469, 52.156921], [-3.087404, 52.156172], [-3.093166, 52.156068], [-3.099418, 52.157541], [-3.107428, 52.163923], [-3.108927, 52.168471], [-3.107661, 52.172708], [-3.06694, 52.209166], [-3.061669, 52.215109], [-3.056682, 52.226658], [-3.05415, 52.230172], [-3.050998, 52.232834], [-3.046812, 52.235056], [-3.033169, 52.239862], [-3.029087, 52.242032], [-3.025883, 52.244435], [-3.019036, 52.251256], [-3.016064, 52.253039], [-3.011904, 52.254848], [-3.002525, 52.257018], [-2.968367, 52.257845], [-2.962166, 52.259757], [-2.956378, 52.264098], [-2.95643, 52.267328], [-2.958962, 52.270015], [-2.963613, 52.27172], [-2.988676, 52.276293], [-2.993275, 52.279627], [-2.996531, 52.283942], [-2.99927, 52.294458], [-2.999476, 52.296215], [-2.996169, 52.302984], [-2.991079, 52.309651], [-2.984025, 52.314276], [-2.96369, 52.322596], [-2.957334, 52.327944], [-2.954983, 52.331587], [-2.956662, 52.341147], [-2.957414, 52.341183], [-3.070557, 52.346573], [-3.077559, 52.35032], [-3.103656, 52.368071], [-3.139519, 52.383703], [-3.165099, 52.398637], [-3.199309, 52.412513], [-3.202668, 52.414993], [-3.205975, 52.417939], [-3.208766, 52.421298], [-3.211505, 52.426155], [-3.21321, 52.430522], [-3.21507, 52.438402], [-3.215122, 52.442226], [-3.214657, 52.446154], [-3.213107, 52.450081], [-3.201454, 52.462122], [-3.194632, 52.466928], [-3.190317, 52.46884], [-3.144196, 52.480054], [-3.117996, 52.491345], [-3.107738, 52.493903], [-3.030844, 52.4969], [-3.024178, 52.499665], [-3.014876, 52.513256], [-2.988857, 52.527751], [-2.981338, 52.533254], [-2.976377, 52.53806], [-2.975498, 52.541833], [-2.976997, 52.545631], [-2.980459, 52.549817], [-3.005316, 52.567335], [-3.010147, 52.568317], [-3.015238, 52.568188], [-3.020043, 52.566663], [-3.039164, 52.554984], [-3.067198, 52.54545], [-3.071126, 52.543331], [-3.074614, 52.540825], [-3.079678, 52.53434], [-3.08283, 52.531446], [-3.086551, 52.529069], [-3.092546, 52.527493], [-3.099909, 52.526666], [-3.110684, 52.52695], [-3.115128, 52.528991], [-3.115387, 52.531782], [-3.109883, 52.537595], [-3.108359, 52.540928], [-3.108359, 52.544804], [-3.109883, 52.54806], [-3.112183, 52.551109], [-3.120037, 52.559661], [-3.124042, 52.566534], [-3.124972, 52.571056], [-3.124662, 52.576689], [-3.122983, 52.580978], [-3.120037, 52.584052], [-3.116317, 52.586326], [-3.088928, 52.59661], [-3.080608, 52.601054], [-3.074175, 52.606687], [-3.072056, 52.609994], [-3.070454, 52.614567], [-3.067586, 52.62821], [-3.065725, 52.63361], [-3.062935, 52.637512], [-3.059266, 52.639837], [-3.040223, 52.64671], [-3.035753, 52.649397], [-3.032446, 52.654617], [-3.029216, 52.663944], [-3.030275, 52.67645], [-3.029087, 52.683039], [-3.027898, 52.686914], [-3.021129, 52.69557], [-3.016245, 52.704898], [-3.013274, 52.70836], [-3.00976, 52.710789], [-3.005522, 52.712262], [-2.99927, 52.713244], [-2.979839, 52.7142], [-2.97369, 52.716396], [-2.967411, 52.719858], [-2.961107, 52.728049], [-2.959944, 52.731098], [-2.961494, 52.733733], [-2.978599, 52.739004], [-2.983353, 52.741536], [-2.988211, 52.744973], [-2.998546, 52.756109], [-2.999941, 52.756988], [-3.005781, 52.759055], [-3.029552, 52.763886], [-3.057509, 52.766212], [-3.062961, 52.768434], [-3.067715, 52.771638], [-3.074717, 52.77988], [-3.077559, 52.781792], [-3.08221, 52.783033], [-3.113061, 52.784583], [-3.130114, 52.789415], [-3.14032, 52.796133], [-3.14043, 52.796341], [-3.152335, 52.818973], [-3.152619, 52.823883], [-3.152232, 52.829826], [-3.150268, 52.833314], [-3.144299, 52.839179], [-3.140682, 52.841866], [-3.127065, 52.849747], [-3.121898, 52.854914], [-3.120864, 52.859074], [-3.121691, 52.862588], [-3.124223, 52.866929], [-3.126264, 52.871761], [-3.128357, 52.880003], [-3.126859, 52.884603], [-3.123474, 52.887884], [-3.112906, 52.890416], [-3.106343, 52.893103], [-3.099703, 52.89747], [-3.09146, 52.908115], [-3.086189, 52.913567], [-3.08035, 52.917624], [-3.067586, 52.923515], [-3.063607, 52.924678], [-3.058594, 52.925272], [-3.054718, 52.926409], [-3.00392, 52.949844], [-2.99281, 52.95297], [-2.974775, 52.953539], [-2.962967, 52.951963], [-2.958368, 52.95049], [-2.941599, 52.938165], [-2.937542, 52.935866], [-2.932969, 52.934264], [-2.925941, 52.93354], [-2.917156, 52.934109], [-2.877985, 52.941421], [-2.865066, 52.941137], [-2.853154, 52.939095], [-2.847961, 52.937287], [-2.795044, 52.90393], [-2.788998, 52.902095], [-2.77949, 52.900571], [-2.771532, 52.902198], [-2.751171, 52.9115], [-2.741197, 52.914342], [-2.727813, 52.916151], [-2.721509, 52.918166], [-2.717685, 52.921603], [-2.716755, 52.925608], [-2.716238, 52.941783], [-2.717116, 52.945555], [-2.718822, 52.948914], [-2.725023, 52.958345], [-2.727297, 52.966381], [-2.727731, 52.96654], [-2.768638, 52.981548], [-2.806181, 52.984958], [-2.813441, 52.986844], [-2.81835, 52.98948], [-2.825766, 52.99997], [-2.850545, 53.017178], [-2.855118, 53.022863], [-2.85734, 53.027901], [-2.857004, 53.03188], [-2.857495, 53.035549], [-2.864058, 53.053171], [-2.870957, 53.066271], [-2.897364, 53.102238], [-2.902635, 53.106708], [-2.951469, 53.138411], [-2.956662, 53.143812], [-2.956797, 53.144604], [-2.957231, 53.147145], [-2.95581, 53.150555], [-2.952399, 53.152881], [-2.915295, 53.167143], [-2.912557, 53.170141], [-2.911445, 53.174714], [-2.913564, 53.183422], [-2.917983, 53.189261], [-2.922427, 53.193473], [-2.955551, 53.215513], [-3.019759, 53.246699], [-3.028984, 53.249051], [-3.066681, 53.253236], [-3.084543, 53.258577], [-3.084543, 53.275458], [-3.095937, 53.287136], [-3.111195, 53.302802], [-3.135406, 53.333808], [-3.171539, 53.36225], [-3.185211, 53.377265], [-3.18635, 53.392768], [-3.175526, 53.402737], [-3.157297, 53.408759], [-3.114654, 53.412665], [-3.094228, 53.417385], [-3.058258, 53.43476], [-3.035553, 53.433743], [-3.012196, 53.416693], [-2.952952, 53.32392], [-2.935129, 53.309475], [-2.910553, 53.296332], [-2.8815, 53.288398], [-2.850575, 53.28913], [-2.849599, 53.291205], [-2.848378, 53.295559], [-2.84496, 53.300116], [-2.837554, 53.302802], [-2.828603, 53.302436], [-2.813385, 53.297756], [-2.806142, 53.296576], [-2.789784, 53.297431], [-2.775502, 53.299872], [-2.748118, 53.309638], [-2.753651, 53.322455], [-2.750885, 53.33161], [-2.743153, 53.338528], [-2.734486, 53.344428], [-2.726145, 53.341986], [-2.717437, 53.342719], [-2.708608, 53.346137], [-2.699778, 53.351793], [-2.714101, 53.352362], [-2.764394, 53.34516], [-2.77538, 53.34101], [-2.782379, 53.326361], [-2.799794, 53.321031], [-2.810333, 53.321723], [-2.843658, 53.32392], [-2.886464, 53.333564], [-2.924957, 53.350002], [-2.956939, 53.370551], [-2.980824, 53.392768], [-3.096588, 53.544338], [-3.101918, 53.558051], [-3.099477, 53.572008], [-3.087636, 53.587714], [-3.02184, 53.652818], [-2.968658, 53.694037], [-2.960357, 53.697577], [-2.951731, 53.708075], [-2.911448, 53.725043], [-2.899037, 53.735419], [-2.984853, 53.73607], [-3.021474, 53.745795], [-3.049184, 53.769517], [-3.056386, 53.803046], [-3.044911, 53.878485], [-3.05663, 53.906155], [-3.040679, 53.923529], [-3.017568, 53.931952], [-2.925689, 53.952704], [-2.90925, 53.953843], [-2.896108, 53.94774], [-2.888539, 53.946031], [-2.885365, 53.950507], [-2.881988, 53.956529], [-2.874176, 53.961656], [-2.865142, 53.965481], [-2.857981, 53.967597], [-2.869252, 53.978827], [-2.834462, 53.999823], [-2.830068, 54.016018], [-2.847524, 54.008368], [-2.864858, 54.004299], [-2.895497, 54.002346], [-2.900299, 54.00495], [-2.916086, 54.026557], [-2.918202, 54.034329], [-2.911285, 54.039984], [-2.900787, 54.044908], [-2.892079, 54.050116], [-2.87267, 54.071601], [-2.858876, 54.081], [-2.826772, 54.088813], [-2.815175, 54.098782], [-2.795969, 54.12519], [-2.812815, 54.139879], [-2.836415, 54.167589], [-2.850942, 54.184638], [-2.854237, 54.194078], [-2.832875, 54.199042], [-2.810292, 54.2119], [-2.795237, 54.229478], [-2.795969, 54.248725], [-2.802805, 54.248725], [-2.80663, 54.23371], [-2.820872, 54.221747], [-2.850575, 54.20775], [-2.886383, 54.196275], [-2.904652, 54.187649], [-2.912668, 54.176988], [-2.9204, 54.162055], [-2.939198, 54.155097], [-2.984202, 54.153144], [-2.997711, 54.159573], [-3.011342, 54.17414], [-3.017323, 54.19009], [-3.008168, 54.200344], [-3.01537, 54.2119], [-3.024485, 54.221584], [-3.035756, 54.225979], [-3.049184, 54.222073], [-3.044667, 54.208319], [-3.047841, 54.194322], [-3.053538, 54.181301], [-3.05663, 54.170233], [-3.061025, 54.161933], [-3.090728, 54.139472], [-3.107655, 54.118557], [-3.117909, 54.108832], [-3.145253, 54.100043], [-3.14745, 54.08869], [-3.144399, 54.075141], [-3.145375, 54.063788], [-3.180531, 54.092841], [-3.189768, 54.097886], [-3.205719, 54.098538], [-3.219553, 54.100775], [-3.231109, 54.105129], [-3.240956, 54.112128], [-3.238108, 54.12759], [-3.232533, 54.14468], [-3.233144, 54.159166], [-3.248402, 54.166815], [-3.248402, 54.173651], [-3.215199, 54.179836], [-3.206776, 54.20893], [-3.209055, 54.242743], [-3.207387, 54.263007], [-3.223134, 54.257636], [-3.231353, 54.247219], [-3.240956, 54.222073], [-3.232167, 54.202541], [-3.247141, 54.197943], [-3.270131, 54.199123], [-3.286, 54.197211], [-3.306793, 54.191881], [-3.328521, 54.204739], [-3.364491, 54.242499], [-3.394195, 54.26439], [-3.407379, 54.277737], [-3.412913, 54.293769], [-3.41039, 54.301459], [-3.405995, 54.309638], [-3.404124, 54.318549], [-3.411448, 54.33275], [-3.413442, 54.342963], [-3.416331, 54.344916], [-3.440175, 54.351752], [-3.474273, 54.3935], [-3.497711, 54.405829], [-3.591868, 54.4831], [-3.608144, 54.488267], [-3.613189, 54.491645], [-3.623687, 54.50609], [-3.634185, 54.512885], [-3.62682, 54.520413], [-3.6162, 54.527574], [-3.611562, 54.529934], [-3.590321, 54.564643], [-3.563832, 54.642768], [-3.530141, 54.688056], [-3.516021, 54.712877], [-3.509185, 54.721666], [-3.500722, 54.725979], [-3.478871, 54.730902], [-3.468129, 54.735297], [-3.455434, 54.745022], [-3.439565, 54.761461], [-3.430979, 54.780463], [-3.440175, 54.797431], [-3.407541, 54.856024], [-3.387929, 54.883368], [-3.364491, 54.899807], [-3.34496, 54.902533], [-3.333363, 54.897284], [-3.322743, 54.889879], [-3.306467, 54.886176], [-3.295725, 54.886908], [-3.254628, 54.899807], [-3.267323, 54.905504], [-3.317291, 54.920315], [-3.291493, 54.936672], [-3.276519, 54.943427], [-3.213612, 54.954413], [-3.201039, 54.952216], [-3.193674, 54.948635], [-3.187978, 54.944485], [-3.180165, 54.940823], [-3.142812, 54.933539], [-3.122792, 54.932685], [-3.03954, 54.94717], [-3.02184, 54.954413], [-3.090728, 54.954413], [-3.090728, 54.961249], [-3.071523, 54.963121], [-3.056223, 54.968817], [-3.040924, 54.97248], [-3.02184, 54.968085], [-3.02184, 54.975531], [-3.046295, 54.982123], [-3.050291, 54.98151], [-3.045933, 54.999693], [-3.032963, 55.015248], [-3.031877, 55.019589], [-3.030275, 55.045892], [-3.026064, 55.050749], [-3.020793, 55.052558], [-3.015031, 55.051525], [-2.976997, 55.040104], [-2.969969, 55.039381], [-2.953794, 55.041034], [-2.948523, 55.043618], [-2.944338, 55.046719], [-2.927698, 55.068423], [-2.922323, 55.071678], [-2.890258, 55.080257], [-2.883101, 55.083616], [-2.875505, 55.088783], [-2.872094, 55.092556], [-2.850288, 55.111295], [-2.822484, 55.135189], [-2.808196, 55.141493], [-2.790703, 55.144284], [-2.746572, 55.156221], [-2.718925, 55.167228], [-2.697479, 55.179372], [-2.685007, 55.190827], [-2.661357, 55.212548], [-2.643891, 55.220145], [-2.631282, 55.2234], [-2.625494, 55.227018], [-2.621928, 55.231204], [-2.619138, 55.239472], [-2.618518, 55.242986], [-2.618983, 55.245466], [-2.620533, 55.247998], [-2.62322, 55.251099], [-2.625701, 55.255336], [-2.625752, 55.262519], [-2.623065, 55.266395], [-2.618983, 55.269651], [-2.605443, 55.275955], [-2.551545, 55.314351], [-2.462765, 55.360395], [-2.451913, 55.36334], [-2.426746, 55.365976], [-2.412742, 55.364529], [-2.407213, 55.362978], [-2.397859, 55.358793], [-2.394242, 55.356209], [-2.387937, 55.35502], [-2.379307, 55.355485], [-2.359464, 55.362513], [-2.35135, 55.367578], [-2.346234, 55.3729], [-2.342204, 55.381892], [-2.338483, 55.387111], [-2.331455, 55.394708], [-2.325151, 55.398118], [-2.295643, 55.405715], [-2.285256, 55.412639], [-2.272234, 55.418944], [-2.243915, 55.422251], [-2.232133, 55.425352], [-2.211359, 55.433258], [-2.198595, 55.441217], [-2.188673, 55.44902], [-2.184487, 55.454084], [-2.182782, 55.458528], [-2.182885, 55.462404], [-2.184487, 55.465815], [-2.186864, 55.468812], [-2.190533, 55.471241], [-2.212651, 55.490257], [-2.214718, 55.49341], [-2.215803, 55.496407], [-2.215803, 55.499508], [-2.215545, 55.500799], [-2.215338, 55.502556], [-2.215648, 55.505605], [-2.216992, 55.508861], [-2.227224, 55.520798], [-2.240246, 55.532012], [-2.256731, 55.549479], [-2.273422, 55.57511], [-2.276471, 55.581931], [-2.27735, 55.585652], [-2.278745, 55.589063], [-2.281381, 55.59206], [-2.293318, 55.599088], [-2.296573, 55.601724], [-2.299002, 55.604979], [-2.299622, 55.608803], [-2.301224, 55.612369], [-2.305255, 55.614436], [-2.321275, 55.619707], [-2.324789, 55.622187], [-2.327321, 55.625133], [-2.328716, 55.629009], [-2.328975, 55.633143], [-2.328044, 55.638207], [-2.323962, 55.640688], [-2.318898, 55.64291], [-2.30665, 55.64508], [-2.267325, 55.645235], [-2.252855, 55.647147], [-2.24283, 55.649938], [-2.235647, 55.654795], [-2.18118, 55.701562], [-2.175857, 55.70797], [-2.171465, 55.715877], [-2.167537, 55.719908], [-2.162887, 55.722801], [-2.153481, 55.726936], [-2.143094, 55.733395], [-2.137823, 55.735798], [-2.121494, 55.740113], [-2.116636, 55.741973], [-2.092038, 55.757166], [-2.087232, 55.762437], [-2.084648, 55.767346], [-2.081755, 55.782539], [-2.078499, 55.790368], [-2.073641, 55.793779], [-2.067957, 55.795872], [-2.022857, 55.805487], [-2.009674, 55.790839], [-1.877838, 55.694892], [-1.863189, 55.671617], [-1.853098, 55.659329], [-1.831532, 55.650702], [-1.82608, 55.643622], [-1.821685, 55.63642], [-1.816477, 55.63288], [-1.807118, 55.634508], [-1.800771, 55.639228], [-1.796295, 55.644232], [-1.792592, 55.646552], [-1.781402, 55.645657], [-1.768625, 55.641913], [-1.7565, 55.633612], [-1.74767, 55.619208], [-1.767974, 55.619208], [-1.767974, 55.612982], [-1.755971, 55.608873], [-1.720855, 55.614569], [-1.699127, 55.612982], [-1.630849, 55.58511], [-1.630849, 55.578274], [-1.636342, 55.571682], [-1.634674, 55.564399], [-1.627675, 55.557115], [-1.617177, 55.550279], [-1.630849, 55.544135], [-1.630849, 55.537299], [-1.622222, 55.534084], [-1.602935, 55.523627], [-1.602935, 55.516791], [-1.611318, 55.508043], [-1.606353, 55.503241], [-1.596344, 55.499905], [-1.589345, 55.495673], [-1.58495, 55.48371], [-1.58137, 55.416653], [-1.583119, 55.406928], [-1.588287, 55.39057], [-1.589101, 55.385199], [-1.589345, 55.376532], [-1.583323, 55.354722], [-1.558583, 55.328925], [-1.555816, 55.311347], [-1.557037, 55.306627], [-1.55899, 55.302069], [-1.56192, 55.297797], [-1.565745, 55.293647], [-1.570058, 55.2862], [-1.568227, 55.279608], [-1.56428, 55.273261], [-1.562082, 55.266669], [-1.556467, 55.255032], [-1.543935, 55.243883], [-1.520985, 55.229397], [-1.529164, 55.216254], [-1.524078, 55.21011], [-1.514272, 55.204779], [-1.507965, 55.194648], [-1.510813, 55.18476], [-1.517568, 55.176215], [-1.522125, 55.167467], [-1.517934, 55.157131], [-1.500722, 55.141791], [-1.495961, 55.134589], [-1.492543, 55.112982], [-1.483754, 55.091702], [-1.480092, 55.085395], [-1.476226, 55.083645], [-1.463287, 55.080308], [-1.459584, 55.078599], [-1.458079, 55.075751], [-1.454701, 55.067572], [-1.438303, 55.042304], [-1.429189, 55.033271], [-1.424062, 55.024359], [-1.419504, 55.011705], [-1.412913, 55.000312], [-1.401519, 54.995429], [-1.398183, 54.992621], [-1.370229, 54.975531], [-1.36266, 54.964789], [-1.361724, 54.958686], [-1.363515, 54.95425], [-1.364003, 54.948188], [-1.362864, 54.92593], [-1.360341, 54.91706], [-1.353139, 54.91352], [-1.355824, 54.904283], [-1.296783, 54.779934], [-1.275461, 54.74844], [-1.240468, 54.721666], [-1.225087, 54.715033], [-1.172231, 54.701239], [-1.172231, 54.693793], [-1.192616, 54.693793], [-1.192454, 54.689276], [-1.190785, 54.686184], [-1.18517, 54.68008], [-1.182729, 54.672065], [-1.178822, 54.66474], [-1.172922, 54.658352], [-1.164703, 54.652777], [-1.172922, 54.644192], [-1.182485, 54.639228], [-1.206288, 54.632961], [-1.203725, 54.625718], [-1.198842, 54.621568], [-1.191803, 54.619778], [-1.182118, 54.619289], [-1.179351, 54.620917], [-1.178456, 54.624213], [-1.176991, 54.626776], [-1.172231, 54.626125], [-1.169586, 54.623603], [-1.165435, 54.61872], [-1.162953, 54.613959], [-1.164703, 54.611802], [-1.152659, 54.613186], [-1.146718, 54.618476], [-1.138051, 54.646552], [-1.120595, 54.633002], [-1.103627, 54.624661], [-1.084218, 54.620429], [-1.042063, 54.617092], [-0.993479, 54.598131], [-0.787913, 54.560777], [-0.562978, 54.477362], [-0.534657, 54.461005], [-0.522857, 54.447089], [-0.521799, 54.438056], [-0.52359, 54.430243], [-0.520416, 54.420071], [-0.509999, 54.411566], [-0.476796, 54.397203], [-0.462758, 54.388983], [-0.447743, 54.373196], [-0.430572, 54.349311], [-0.418446, 54.324042], [-0.41804, 54.303941], [-0.41454, 54.297309], [-0.409006, 54.290758], [-0.401194, 54.285631], [-0.390736, 54.283515], [-0.394887, 54.273139], [-0.397572, 54.269192], [-0.389272, 54.264065], [-0.370473, 54.247707], [-0.362782, 54.242499], [-0.322011, 54.23607], [-0.31192, 54.231635], [-0.30012, 54.224677], [-0.277089, 54.21776], [-0.269602, 54.207668], [-0.262563, 54.181098], [-0.260365, 54.176988], [-0.233876, 54.160468], [-0.11144, 54.131578], [-0.07551, 54.112128], [-0.16393, 54.083401], [-0.194692, 54.062323], [-0.219472, 54.022773], [-0.197418, 53.994818], [-0.168691, 53.929348], [-0.151112, 53.899319], [-0.045155, 53.801215], [0.133474, 53.642646], [0.149262, 53.609605], [0.136892, 53.577135], [0.131196, 53.573432], [0.10963, 53.562893], [0.131358, 53.593695], [0.135997, 53.610663], [0.120209, 53.618109], [0.099457, 53.622301], [0.056163, 53.641262], [0.034516, 53.646064], [0.014822, 53.643256], [-0.023915, 53.628852], [-0.045033, 53.625556], [-0.069407, 53.626939], [-0.092275, 53.631049], [-0.11262, 53.637519], [-0.130035, 53.646064], [-0.225331, 53.719916], [-0.260365, 53.735419], [-0.295644, 53.738796], [-0.305165, 53.739691], [-0.431142, 53.714301], [-0.449696, 53.714301], [-0.510487, 53.714301], [-0.544423, 53.709459], [-0.551503, 53.711168], [-0.576243, 53.725653], [-0.579172, 53.727973], [-0.637034, 53.732001], [-0.658355, 53.727973], [-0.726471, 53.700629], [-0.717356, 53.698676], [-0.708567, 53.695746], [-0.700185, 53.69184], [-0.692454, 53.686998], [-0.67748, 53.702826], [-0.64981, 53.710598], [-0.619537, 53.711859], [-0.596181, 53.708075], [-0.555491, 53.690497], [-0.544749, 53.68358], [-0.529937, 53.67768], [-0.514027, 53.681301], [-0.486318, 53.694485], [-0.30724, 53.71426], [-0.279368, 53.707099], [-0.260365, 53.686998], [-0.188629, 53.620429], [-0.144032, 53.606635], [-0.113189, 53.584621], [-0.095937, 53.577135], [-0.060943, 53.573961], [-0.04662, 53.57038], [9.2e-05, 53.535346], [0.095958, 53.488349], [0.115082, 53.483222], [0.134044, 53.480618], [0.151866, 53.475816], [0.167817, 53.464504], [0.170909, 53.457017], [0.173106, 53.446763], [0.175792, 53.43769], [0.181488, 53.433743], [0.190603, 53.431871], [0.219493, 53.419501], [0.211925, 53.412665], [0.22934, 53.404771], [0.244884, 53.390937], [0.256114, 53.375067], [0.260427, 53.361477], [0.342133, 53.226304], [0.356212, 53.188544], [0.356619, 53.145738], [0.335785, 53.093451], [0.329845, 53.086493], [0.318696, 53.083686], [0.298839, 53.081204], [0.282481, 53.074856], [0.193044, 53.020087], [0.17449, 53.015448], [0.160818, 53.008979], [0.082123, 52.938666], [0.061168, 52.924994], [0.037608, 52.919176], [0.022146, 52.912584], [0.008556, 52.898627], [0.010265, 52.886461], [0.04066, 52.885077], [0.09254, 52.892524], [0.105642, 52.88935], [0.133474, 52.87519], [0.147146, 52.872016], [0.170909, 52.862128], [0.222423, 52.813666], [0.246755, 52.795722], [0.264496, 52.803697], [0.285655, 52.805569], [0.325531, 52.803168], [0.341807, 52.797431], [0.369884, 52.773017], [0.384532, 52.768378], [0.384532, 52.775214], [0.379242, 52.790839], [0.399425, 52.809516], [0.425548, 52.827379], [0.43865, 52.840725], [0.444021, 52.865058], [0.456716, 52.891995], [0.472341, 52.916449], [0.485688, 52.933498], [0.520274, 52.955268], [0.569591, 52.969306], [0.623383, 52.975653], [0.671886, 52.974433], [0.664399, 52.981879], [0.684744, 52.986396], [0.706798, 52.983222], [0.729177, 52.977484], [0.750499, 52.974433], [0.835704, 52.974433], [0.875499, 52.968166], [0.921072, 52.954657], [0.968435, 52.947496], [1.013927, 52.96015], [1.003429, 52.964748], [0.991547, 52.967475], [0.979015, 52.968411], [0.966075, 52.967597], [0.966075, 52.974433], [1.274669, 52.929185], [1.396007, 52.891425], [1.644216, 52.775824], [1.67335, 52.755683], [1.697032, 52.731024], [1.715831, 52.683743], [1.734141, 52.654608], [1.747244, 52.62519], [1.740733, 52.603909], [1.746837, 52.588528], [1.748709, 52.568793], [1.747569, 52.532782], [1.771169, 52.485907], [1.7671, 52.476955], [1.754405, 52.467353], [1.729259, 52.415595], [1.730154, 52.405911], [1.727875, 52.396308], [1.683604, 52.32453], [1.651866, 52.28913], [1.641124, 52.281806], [1.630544, 52.270453], [1.628266, 52.244818], [1.63087, 52.199774], [1.625499, 52.180365], [1.607432, 52.145941], [1.603526, 52.127834], [1.589203, 52.100816], [1.587576, 52.086982], [1.582286, 52.081488], [1.503673, 52.060981], [1.486827, 52.049018], [1.472016, 52.05622], [1.466807, 52.048], [1.463878, 52.035142], [1.455821, 52.02851], [1.448985, 52.02497], [1.424815, 52.001858], [1.354828, 51.954047], [1.343516, 51.942857], [1.332286, 51.94009], [1.264415, 51.994371], [1.234874, 52.000312], [1.185232, 52.025092], [1.157888, 52.02851], [1.157888, 52.021674], [1.193533, 52.0008], [1.214366, 51.991441], [1.260265, 51.984809], [1.270763, 51.981513], [1.275157, 51.976996], [1.274425, 51.960883], [1.271007, 51.956448], [1.250743, 51.959621], [1.238943, 51.958645], [1.217621, 51.954332], [1.20574, 51.953437], [1.193207, 51.955512], [1.165294, 51.967027], [1.143077, 51.966051], [1.094493, 51.955959], [1.069102, 51.953437], [1.09547, 51.945746], [1.262055, 51.939154], [1.281993, 51.946601], [1.278494, 51.927924], [1.199555, 51.877672], [1.21225, 51.871649], [1.227875, 51.867377], [1.264415, 51.864], [1.27475, 51.870307], [1.282237, 51.880561], [1.286632, 51.881659], [1.288259, 51.860582], [1.276378, 51.844794], [1.219249, 51.811835], [1.167817, 51.790229], [1.135427, 51.781724], [1.06544, 51.775295], [1.046641, 51.777045], [1.037283, 51.782172], [1.021332, 51.802558], [0.98878, 51.830268], [0.979828, 51.843573], [0.977061, 51.824612], [0.962087, 51.813788], [0.925141, 51.802558], [0.894298, 51.784613], [0.886974, 51.782131], [0.886404, 51.776679], [0.883474, 51.764716], [0.878917, 51.752753], [0.873709, 51.747301], [0.86199, 51.745551], [0.845958, 51.736762], [0.835704, 51.73371], [0.823497, 51.733832], [0.801443, 51.739691], [0.791759, 51.741156], [0.7671, 51.739447], [0.720876, 51.728176], [0.698578, 51.720038], [0.714203, 51.715277], [0.732432, 51.713772], [0.749278, 51.708482], [0.760753, 51.692694], [0.789073, 51.71015], [0.853038, 51.718899], [0.883556, 51.726874], [0.912364, 51.741523], [0.930024, 51.743598], [0.945567, 51.73371], [0.947439, 51.725246], [0.944591, 51.715481], [0.94044, 51.707994], [0.938162, 51.706366], [0.940196, 51.698432], [0.944021, 51.690579], [0.951834, 51.678412], [0.941742, 51.673041], [0.937999, 51.664496], [0.938162, 51.641262], [0.934744, 51.635891], [0.926768, 51.630927], [0.911469, 51.623847], [0.938487, 51.624986], [0.94809, 51.621527], [0.951834, 51.617011], [0.92449, 51.588324], [0.873302, 51.559475], [0.828298, 51.541856], [0.816254, 51.537177], [0.771251, 51.528266], [0.692068, 51.536322], [0.664399, 51.535061], [0.663748, 51.535549], [0.650564, 51.535793], [0.646658, 51.535346], [0.644054, 51.535061], [0.642751, 51.533515], [0.623383, 51.52204], [0.608653, 51.518988], [0.595225, 51.518622], [0.582286, 51.516547], [0.568858, 51.508368], [0.552745, 51.517971], [0.547211, 51.517727], [0.525401, 51.516913], [0.456065, 51.505561], [0.450857, 51.498277], [0.448009, 51.488227], [0.441661, 51.477037], [0.428477, 51.467108], [0.414073, 51.4619], [0.399181, 51.458401], [0.384532, 51.453111], [0.448416, 51.459947], [0.456798, 51.463121], [0.461436, 51.47016], [0.464854, 51.47724], [0.469574, 51.480414], [0.534841, 51.491685], [0.694835, 51.477037], [0.709483, 51.470526], [0.721934, 51.456285], [0.723155, 51.446723], [0.713145, 51.44123], [0.692393, 51.439521], [0.656505, 51.444525], [0.640961, 51.444159], [0.609386, 51.425116], [0.572765, 51.419582], [0.554535, 51.412177], [0.562266, 51.406562], [0.569102, 51.399604], [0.576508, 51.393622], [0.585948, 51.391059], [0.671886, 51.391059], [0.712901, 51.384223], [0.704926, 51.395982], [0.700369, 51.409817], [0.705333, 51.419501], [0.72641, 51.419013], [0.728363, 51.406236], [0.739268, 51.387926], [0.753429, 51.371527], [0.764415, 51.364407], [0.977224, 51.349189], [1.100922, 51.373236], [1.423839, 51.392076], [1.448253, 51.38288], [1.439138, 51.350084], [1.435557, 51.343736], [1.430837, 51.337795], [1.425141, 51.332953], [1.41863, 51.329657], [1.382986, 51.329779], [1.377615, 51.326239], [1.380626, 51.304755], [1.387869, 51.287909], [1.404307, 51.261379], [1.413097, 51.221747], [1.404796, 51.183539], [1.384451, 51.151679], [1.357188, 51.131008], [1.290375, 51.116523], [1.26295, 51.103258], [1.251638, 51.102525], [1.229991, 51.103705], [1.21811, 51.100979], [1.208263, 51.094672], [1.199718, 51.087592], [1.192068, 51.082587], [1.172211, 51.077379], [1.1067, 51.076361], [1.087169, 51.072984], [1.066905, 51.064399], [1.027599, 51.041653], [0.97641, 50.994452], [0.966482, 50.982733], [0.969086, 50.956855], [0.979828, 50.918158], [0.94516, 50.909369], [0.869802, 50.925116], [0.802257, 50.939195], [0.762462, 50.930894], [0.664399, 50.870307], [0.624197, 50.85871], [0.407481, 50.829332], [0.370291, 50.818793], [0.365245, 50.818996], [0.354259, 50.809638], [0.344412, 50.799058], [0.342296, 50.795152], [0.308116, 50.780951], [0.271007, 50.747382], [0.233897, 50.747016], [0.214122, 50.748928], [0.168305, 50.759833], [0.1574, 50.761054], [0.122081, 50.76081], [0.113048, 50.764146], [0.095551, 50.775051], [0.077037, 50.778998], [0.034516, 50.780951], [0.017548, 50.784857], [-0.173166, 50.829006], [-0.206125, 50.831041], [-0.208892, 50.830105], [-0.233144, 50.821926], [-0.269683, 50.831285], [-0.397572, 50.802069], [-0.568959, 50.802069], [-0.732737, 50.767279], [-0.741567, 50.769232], [-0.749867, 50.773871], [-0.758209, 50.777086], [-0.767568, 50.774726], [-0.773101, 50.766018], [-0.766265, 50.747138], [-0.770985, 50.736884], [-0.789947, 50.730048], [-0.812815, 50.734768], [-0.904124, 50.771877], [-0.911488, 50.777818], [-0.905873, 50.788031], [-0.892486, 50.794623], [-0.863637, 50.802069], [-0.863637, 50.808254], [-0.873606, 50.812934], [-0.893137, 50.825344], [-0.904693, 50.829332], [-0.909535, 50.825995], [-0.921702, 50.821601], [-0.928944, 50.822821], [-0.919016, 50.836168], [-0.929799, 50.839993], [-0.939198, 50.843248], [-0.970774, 50.846991], [-0.994862, 50.847073], [-1.001861, 50.847113], [-1.020741, 50.843655], [-1.033559, 50.825914], [-1.042633, 50.801907], [-1.056223, 50.783026], [-1.082753, 50.780951], [-1.103017, 50.795478], [-1.093617, 50.812934], [-1.075307, 50.830024], [-1.069163, 50.843655], [-1.08731, 50.849799], [-1.088124, 50.849758], [-1.14981, 50.846666], [-1.164703, 50.843655], [-1.129709, 50.8251], [-1.123769, 50.818793], [-1.121205, 50.799384], [-1.124908, 50.788723], [-1.138051, 50.780951], [-1.151112, 50.781399], [-1.169342, 50.785875], [-1.185618, 50.792426], [-1.192616, 50.798651], [-1.19929, 50.807929], [-1.231516, 50.818915], [-1.255198, 50.831936], [-1.288157, 50.839179], [-1.301422, 50.843655], [-1.318593, 50.85692], [-1.338938, 50.872707], [-1.44929, 50.912055], [-1.46642, 50.918158], [-1.46642, 50.911933], [-1.456451, 50.908759], [-1.437978, 50.901313], [-1.425608, 50.900092], [-1.401112, 50.881171], [-1.323069, 50.825751], [-1.31428, 50.812161], [-1.317291, 50.800238], [-1.339833, 50.795152], [-1.403961, 50.791571], [-1.418691, 50.788398], [-1.411366, 50.784898], [-1.404937, 50.780951], [-1.404937, 50.774726], [-1.45051, 50.769355], [-1.476226, 50.763414], [-1.487538, 50.757717], [-1.491933, 50.75727], [-1.524729, 50.761054], [-1.5572, 50.723293], [-1.559397, 50.719224], [-1.561187, 50.71898], [-1.580719, 50.722642], [-1.602122, 50.731757], [-1.670644, 50.740058], [-1.672922, 50.740058], [-1.693023, 50.739936], [-1.715077, 50.735785], [-1.753529, 50.722846], [-1.771718, 50.72012], [-1.797434, 50.723171], [-1.835072, 50.727688], [-1.857411, 50.726955], [-1.877349, 50.722846], [-1.896352, 50.716295], [-1.896881, 50.716051], [-1.913889, 50.707424], [-1.929107, 50.695868], [-1.940012, 50.690823], [-1.944325, 50.697659], [-1.946116, 50.707913], [-1.94929, 50.713324], [-1.987701, 50.72012], [-2.013905, 50.71894], [-2.021962, 50.72012], [-2.025461, 50.723863], [-2.026194, 50.725084], [-2.033844, 50.737128], [-2.038971, 50.739936], [-2.048085, 50.734809], [-2.082672, 50.698961], [-2.069569, 50.7001], [-2.057729, 50.702826], [-2.04662, 50.707261], [-2.035634, 50.713324], [-2.01415, 50.688788], [-2.002512, 50.681301], [-1.98412, 50.678534], [-1.967437, 50.678656], [-1.952789, 50.676581], [-1.945872, 50.66885], [-1.952952, 50.651842], [-1.938222, 50.645819], [-1.932485, 50.644436], [-1.967275, 50.617092], [-1.965199, 50.6022], [-1.983713, 50.596625], [-2.065175, 50.595526], [-2.082183, 50.597846], [-2.157338, 50.62051], [-2.342641, 50.633775], [-2.377065, 50.647528], [-2.398346, 50.645575], [-2.435902, 50.637519], [-2.447621, 50.627875], [-2.460072, 50.606513], [-2.465647, 50.58515], [-2.456451, 50.575507], [-2.431223, 50.570258], [-2.4287, 50.557563], [-2.43928, 50.541815], [-2.453359, 50.527655], [-2.459543, 50.527655], [-2.460357, 50.565497], [-2.48351, 50.590399], [-2.692942, 50.692816], [-2.864817, 50.733791], [-2.887318, 50.734361], [-2.945546, 50.725816], [-2.962758, 50.723293], [-2.998199, 50.708238], [-3.02184, 50.706488], [-3.059722, 50.713324], [-3.07136, 50.711005], [-3.094146, 50.698961], [-3.099233, 50.697089], [-3.115834, 50.687974], [-3.125478, 50.685289], [-3.135894, 50.68594], [-3.155141, 50.691352], [-3.166493, 50.692816], [-3.185618, 50.690741], [-3.219146, 50.680813], [-3.259836, 50.674547], [-3.271392, 50.664496], [-3.280426, 50.65119], [-3.295562, 50.637519], [-3.368153, 50.617092], [-3.390736, 50.617825], [-3.407541, 50.621283], [-3.420969, 50.629462], [-3.433339, 50.644436], [-3.44636, 50.66828], [-3.450429, 50.672309], [-3.453277, 50.673285], [-3.455434, 50.675442], [-3.458608, 50.677558], [-3.464426, 50.678534], [-3.467763, 50.676418], [-3.468902, 50.671698], [-3.467844, 50.666978], [-3.455312, 50.657904], [-3.442047, 50.623521], [-3.433339, 50.610256], [-3.451161, 50.599433], [-3.467275, 50.585598], [-3.48176, 50.568549], [-3.494862, 50.548163], [-3.505971, 50.520819], [-3.505035, 50.501207], [-3.487457, 50.459418], [-3.509755, 50.458482], [-3.532135, 50.454779], [-3.549428, 50.446519], [-3.556264, 50.432115], [-3.549306, 50.415595], [-3.531972, 50.410224], [-3.487457, 50.411566], [-3.487457, 50.404771], [-3.497467, 50.387356], [-3.49828, 50.383694], [-3.507314, 50.382799], [-3.514963, 50.37995], [-3.520131, 50.374823], [-3.526926, 50.349799], [-3.538889, 50.344428], [-3.554514, 50.347642], [-3.570546, 50.356391], [-3.577789, 50.334052], [-3.59911, 50.325832], [-3.621571, 50.321926], [-3.631988, 50.312323], [-3.637359, 50.295396], [-3.647572, 50.274563], [-3.65331, 50.251044], [-3.645619, 50.22602], [-3.660634, 50.221015], [-3.700917, 50.213528], [-3.718007, 50.212388], [-3.740387, 50.215888], [-3.758616, 50.221747], [-3.774241, 50.222968], [-3.788971, 50.212388], [-3.826324, 50.234198], [-3.884185, 50.280463], [-3.949941, 50.318996], [-3.961008, 50.322252], [-3.970204, 50.320746], [-3.995758, 50.311428], [-4.005605, 50.309231], [-4.011342, 50.306952], [-4.02477, 50.297187], [-4.032948, 50.294908], [-4.044057, 50.296454], [-4.054351, 50.30036], [-4.070221, 50.309231], [-4.067942, 50.312812], [-4.064036, 50.322252], [-4.086008, 50.326239], [-4.108266, 50.336615], [-4.118723, 50.351874], [-4.10497, 50.370673], [-4.141754, 50.369045], [-4.15274, 50.370673], [-4.165517, 50.37637], [-4.171457, 50.382799], [-4.175771, 50.390855], [-4.183827, 50.401068], [-4.191477, 50.417629], [-4.183909, 50.431708], [-4.170318, 50.445136], [-4.159535, 50.459418], [-4.179433, 50.45307], [-4.189565, 50.453681], [-4.200551, 50.459418], [-4.203684, 50.451402], [-4.204742, 50.448676], [-4.212392, 50.441474], [-4.222524, 50.437974], [-4.234731, 50.4383], [-4.234731, 50.432115], [-4.220204, 50.425849], [-4.216135, 50.415717], [-4.219716, 50.405097], [-4.228505, 50.397366], [-4.241444, 50.39468], [-4.289906, 50.397366], [-4.27302, 50.381903], [-4.216176, 50.387763], [-4.193756, 50.376899], [-4.228505, 50.370673], [-4.228505, 50.363837], [-4.220123, 50.365302], [-4.200551, 50.363837], [-4.207997, 50.356391], [-4.180043, 50.356391], [-4.180043, 50.350165], [-4.191314, 50.347561], [-4.197987, 50.342231], [-4.199127, 50.335395], [-4.193756, 50.328437], [-4.193756, 50.322252], [-4.214996, 50.323147], [-4.225697, 50.335395], [-4.235097, 50.349555], [-4.252349, 50.356391], [-4.337717, 50.370673], [-4.383697, 50.367499], [-4.456207, 50.338202], [-4.495351, 50.328437], [-4.65982, 50.322252], [-4.659576, 50.320624], [-4.662709, 50.317776], [-4.667795, 50.315334], [-4.673451, 50.315416], [-4.687164, 50.342719], [-4.694325, 50.343451], [-4.700185, 50.340888], [-4.705556, 50.337551], [-4.711334, 50.335883], [-4.731557, 50.334662], [-4.752105, 50.330308], [-4.763295, 50.322089], [-4.755442, 50.309231], [-4.755442, 50.301744], [-4.762359, 50.298041], [-4.771637, 50.291571], [-4.779856, 50.284329], [-4.783355, 50.277899], [-4.78189, 50.271796], [-4.776519, 50.265082], [-4.776519, 50.26081], [-4.788442, 50.242092], [-4.790151, 50.236558], [-4.80016, 50.22956], [-4.849721, 50.234565], [-4.868723, 50.229438], [-4.887318, 50.214993], [-4.904775, 50.208441], [-4.947255, 50.199368], [-4.960683, 50.190497], [-5.002431, 50.14411], [-5.014556, 50.156562], [-5.020375, 50.191962], [-5.033193, 50.199368], [-5.052968, 50.195787], [-5.053619, 50.186916], [-5.051869, 50.175523], [-5.064565, 50.164618], [-5.064565, 50.158393], [-5.058502, 50.155463], [-5.043446, 50.14411], [-5.051869, 50.144599], [-5.058461, 50.142727], [-5.07079, 50.137274], [-5.080312, 50.132717], [-5.081614, 50.125393], [-5.080963, 50.117174], [-5.085032, 50.109931], [-5.093902, 50.105536], [-5.125966, 50.09634], [-5.114654, 50.096625], [-5.106068, 50.09512], [-5.091868, 50.089504], [-5.086903, 50.089057], [-5.075347, 50.090481], [-5.07079, 50.089504], [-5.068471, 50.08515], [-5.064931, 50.071845], [-5.060862, 50.069037], [-5.056508, 50.060614], [-5.069488, 50.042182], [-5.098053, 50.01439], [-5.107289, 50.013007], [-5.127431, 50.015448], [-5.139638, 50.01439], [-5.146474, 50.010565], [-5.176137, 49.987942], [-5.187734, 49.964504], [-5.191151, 49.959133], [-5.200103, 49.961371], [-5.210357, 49.966742], [-5.240387, 49.988349], [-5.245229, 49.993109], [-5.249501, 50.000067], [-5.253041, 50.012641], [-5.252268, 50.020697], [-5.252675, 50.027777], [-5.259755, 50.037665], [-5.288401, 50.067694], [-5.304351, 50.080268], [-5.323964, 50.089504], [-5.384185, 50.107978], [-5.424713, 50.112738], [-5.458119, 50.125881], [-5.474843, 50.130439], [-5.495676, 50.129625], [-5.52184, 50.123725], [-5.540924, 50.113471], [-5.540639, 50.099758], [-5.534657, 50.082343], [-5.545562, 50.068915], [-5.563466, 50.059638], [-5.57844, 50.054755], [-5.619456, 50.04621], [-5.667388, 50.042873], [-5.705149, 50.052314], [-5.715647, 50.082709], [-5.705963, 50.083482], [-5.698801, 50.085395], [-5.694488, 50.089504], [-5.694407, 50.095771], [-5.697092, 50.100531], [-5.700307, 50.103217], [-5.701975, 50.103176], [-5.707387, 50.122016], [-5.709218, 50.132636], [-5.705393, 50.137274], [-5.703521, 50.140611], [-5.684641, 50.161526], [-5.676747, 50.165025], [-5.647369, 50.172065], [-5.583608, 50.195868], [-5.549428, 50.203518], [-5.510976, 50.219468], [-5.489125, 50.219794], [-5.458119, 50.200751], [-5.437978, 50.194322], [-5.417388, 50.20246], [-5.402943, 50.217353], [-5.395863, 50.22724], [-5.392893, 50.236558], [-5.387563, 50.240302], [-5.351918, 50.240302], [-5.314849, 50.253607], [-5.200307, 50.330756], [-5.163564, 50.347235], [-5.149892, 50.350165], [-5.146474, 50.355292], [-5.14566, 50.366889], [-5.147043, 50.379381], [-5.153676, 50.399482], [-5.142405, 50.404486], [-5.127268, 50.405219], [-5.11974, 50.404771], [-5.050282, 50.428697], [-5.048166, 50.434394], [-5.038726, 50.447903], [-5.029775, 50.486762], [-5.028635, 50.507025], [-5.025258, 50.524237], [-5.015614, 50.538031], [-4.995595, 50.548163], [-4.975168, 50.548163], [-4.967844, 50.551581], [-4.954823, 50.561225], [-4.947255, 50.562445], [-4.941477, 50.556952], [-4.937123, 50.545315], [-4.934438, 50.531643], [-4.933583, 50.52025], [-4.926869, 50.522895], [-4.924306, 50.524482], [-4.920522, 50.527655], [-4.902415, 50.520575], [-4.860951, 50.519192], [-4.844838, 50.514065], [-4.855824, 50.527411], [-4.87328, 50.534084], [-4.906239, 50.541978], [-4.921864, 50.554877], [-4.920237, 50.564154], [-4.915191, 50.572496], [-4.920522, 50.582953], [-4.920522, 50.589179], [-4.89566, 50.585924], [-4.821197, 50.589179], [-4.79247, 50.595201], [-4.776601, 50.609849], [-4.765045, 50.627997], [-4.749257, 50.644436], [-4.755442, 50.659369], [-4.751943, 50.670071], [-4.741933, 50.674872], [-4.728139, 50.672309], [-4.657297, 50.711127], [-4.645579, 50.723538], [-4.637807, 50.741156], [-4.619008, 50.754788], [-4.57726, 50.774726], [-4.55012, 50.809556], [-4.554921, 50.897773], [-4.543772, 50.939195], [-4.536855, 50.947577], [-4.522694, 50.972724], [-4.526682, 50.980373], [-4.530426, 50.994696], [-4.531321, 51.008694], [-4.526438, 51.01496], [-4.437327, 51.01496], [-4.426422, 51.012681], [-4.405751, 51.002875], [-4.395741, 51.000678], [-4.337717, 50.996649], [-4.317291, 51.000678], [-4.302317, 51.007514], [-4.234731, 51.055325], [-4.229156, 51.061103], [-4.22468, 51.067084], [-4.218495, 51.072455], [-4.207997, 51.076361], [-4.214263, 51.086005], [-4.226308, 51.113227], [-4.228505, 51.120429], [-4.231923, 51.126695], [-4.249013, 51.14289], [-4.255767, 51.151516], [-4.22232, 51.149726], [-4.214833, 51.151516], [-4.208363, 51.162299], [-4.209828, 51.172838], [-4.217275, 51.181383], [-4.228505, 51.186225], [-4.228505, 51.19245], [-4.152333, 51.211615], [-3.969472, 51.222398], [-3.931996, 51.23135], [-3.913197, 51.233385], [-3.840891, 51.233385], [-3.818959, 51.23607], [-3.787099, 51.246772], [-3.769154, 51.247707], [-3.63976, 51.226386], [-3.559316, 51.228095], [-3.434193, 51.209784], [-3.404368, 51.192043], [-3.384999, 51.186225], [-3.270741, 51.189399], [-3.198883, 51.203559], [-3.16275, 51.206732], [-3.09675, 51.204535], [-3.057525, 51.208157], [-3.029286, 51.220404], [-3.02184, 51.213568], [-3.035553, 51.199286], [-3.02184, 51.19245], [-3.004791, 51.213121], [-3.001332, 51.220404], [-2.999582, 51.233222], [-3.001536, 51.239691], [-3.004994, 51.245063], [-3.008168, 51.254543], [-3.007639, 51.291978], [-3.01061, 51.310981], [-3.02184, 51.322821], [-3.002431, 51.319078], [-2.992177, 51.321926], [-2.992096, 51.322048], [-2.988393, 51.331122], [-2.987782, 51.346666], [-2.979888, 51.355862], [-2.965972, 51.364936], [-2.959584, 51.374254], [-2.97468, 51.384223], [-2.952952, 51.398505], [-2.92101, 51.394436], [-2.884185, 51.416978], [-2.816396, 51.473619], [-2.798573, 51.482611], [-2.780873, 51.489081], [-2.76122, 51.492865], [-2.73762, 51.494086], [-2.71642, 51.499579], [-2.696156, 51.512641], [-2.607818, 51.607367], [-2.599599, 51.611396], [-2.589223, 51.614244], [-2.580434, 51.618638], [-2.576812, 51.627509], [-2.574452, 51.635728], [-2.568959, 51.644965], [-2.562245, 51.653388], [-2.556386, 51.659247], [-2.499176, 51.696763], [-2.464996, 51.725898], [-2.447743, 51.731879], [-2.404897, 51.741156], [-2.388539, 51.750434], [-2.380767, 51.761908], [-2.383372, 51.773261], [-2.398061, 51.782131], [-2.402415, 51.763577], [-2.4204, 51.753119], [-2.44343, 51.74844], [-2.463287, 51.747301], [-2.482086, 51.742865], [-2.495839, 51.732001], [-2.507965, 51.718573], [-2.522125, 51.706366], [-2.581695, 51.681708], [-2.591135, 51.67536], [-2.600209, 51.665595], [-2.665354, 51.617255]]], [[[-1.082753, 50.713324], [-1.062327, 50.692816], [-1.062327, 50.685289], [-1.066965, 50.685248], [-1.069651, 50.683498], [-1.071889, 50.680976], [-1.075307, 50.678534], [-1.112701, 50.671454], [-1.128651, 50.666449], [-1.156361, 50.650784], [-1.162221, 50.645982], [-1.164703, 50.640937], [-1.164133, 50.619371], [-1.165028, 50.608222], [-1.168446, 50.603461], [-1.279205, 50.582506], [-1.315541, 50.589179], [-1.445953, 50.648139], [-1.452789, 50.654283], [-1.485951, 50.669338], [-1.497426, 50.672309], [-1.535146, 50.669379], [-1.551503, 50.665107], [-1.569488, 50.658026], [-1.545318, 50.686103], [-1.50593, 50.707709], [-1.418691, 50.733791], [-1.420888, 50.730455], [-1.423451, 50.7237], [-1.425364, 50.72012], [-1.400868, 50.721991], [-1.377553, 50.734198], [-1.343495, 50.761054], [-1.318512, 50.772162], [-1.295766, 50.773179], [-1.144276, 50.733791], [-1.119537, 50.734198], [-1.10912, 50.732856], [-1.097035, 50.726955], [-1.096425, 50.724433], [-1.097646, 50.71601], [-1.097035, 50.713324], [-1.094228, 50.712633], [-1.085561, 50.714016], [-1.082753, 50.713324]]], [[[-0.959869, 50.808254], [-0.959869, 50.802069], [-0.954579, 50.798814], [-0.945627, 50.791815], [-0.938832, 50.788398], [-0.938832, 50.780951], [-1.020741, 50.788398], [-1.020741, 50.795152], [-0.998687, 50.801011], [-0.972564, 50.829779], [-0.959869, 50.829332], [-0.950307, 50.823798], [-0.947825, 50.817816], [-0.951405, 50.812445], [-0.959869, 50.808254]]], [[[0.911469, 51.412177], [0.932465, 51.397691], [0.942149, 51.383002], [0.936371, 51.371039], [0.911469, 51.364407], [0.79477, 51.370551], [0.775076, 51.375312], [0.757579, 51.38642], [0.7435, 51.400092], [0.733897, 51.412177], [0.746837, 51.439643], [0.753917, 51.445705], [0.766938, 51.447943], [0.890798, 51.421047], [0.900564, 51.417548], [0.911469, 51.412177]]], [[[-6.298818, 49.935492], [-6.292226, 49.932074], [-6.284169, 49.922756], [-6.287506, 49.914008], [-6.297271, 49.909613], [-6.309153, 49.913642], [-6.307444, 49.927436], [-6.298818, 49.935492]]], [[[-6.333648, 49.959703], [-6.328033, 49.95661], [-6.326487, 49.949205], [-6.332509, 49.941718], [-6.341217, 49.94477], [-6.348053, 49.956204], [-6.348948, 49.964342], [-6.341786, 49.963609], [-6.336822, 49.960924], [-6.333648, 49.959703]]], [[[-4.665435, 51.18358], [-4.663971, 51.177069], [-4.663482, 51.164862], [-4.670481, 51.160102], [-4.678538, 51.16706], [-4.679799, 51.180569], [-4.676422, 51.193101], [-4.671213, 51.195054], [-4.666982, 51.18769], [-4.665435, 51.18358]]]]}}, {"type": "Feature", "properties": {"featurecla": "Admin-0 map unit", "scalerank": 0, "LABELRANK": 5, "SOVEREIGNT": "United Kingdom", "SOV_A3": "GB1", "ADM0_DIF": 1, "LEVEL": 3, "TYPE": "Geo unit", "TLC": "1", "ADMIN": "United Kingdom", "ADM0_A3": "GBR", "GEOU_DIF": 1, "GEOUNIT": "Scotland", "GU_A3": "SCT", "SU_DIF": 0, "SUBUNIT": "Scotland", "SU_A3": "SCT", "BRK_DIFF": 0, "NAME": "Scotland", "NAME_LONG": "Scotland", "BRK_A3": "SCT", "BRK_NAME": "Scotland", "BRK_GROUP": "United Kingdom", "ABBREV": "Scot.", "POSTAL": "SC", "FORMAL_EN": null, "FORMAL_FR": null, "NAME_CIAWF": null, "NOTE_ADM0": null, "NOTE_BRK": null, "NAME_SORT": "Scotland", "NAME_ALT": null, "MAPCOLOR7": 6, "MAPCOLOR8": 6, "MAPCOLOR9": 6, "MAPCOLOR13": 3, "POP_EST": 5463300, "POP_RANK": 13, "POP_YEAR": 2019, "GDP_MD": 235020, "GDP_YEAR": 2016, "ECONOMY": "1. Developed region: G7", "INCOME_GRP": "1. High income: OECD", "FIPS_10": "-99", "ISO_A2": "-99", "ISO_A2_EH": "GB", "ISO_A3": "-99", "ISO_A3_EH": "GBR", "ISO_N3": "-99", "ISO_N3_EH": "826", "UN_A3": "-099", "WB_A2": "-99", "WB_A3": "-99", "WOE_ID": 12578048, "WOE_ID_EH": 12578048, "WOE_NOTE": "Exact WOE match as child of country (called country)", "ADM0_ISO": "GBR", "ADM0_DIFF": "1", "ADM0_TLC": "SCT", "ADM0_A3_US": "GBR", "ADM0_A3_FR": "GBR", "ADM0_A3_RU": "GBR", "ADM0_A3_ES": "GBR", "ADM0_A3_CN": "GBR", "ADM0_A3_TW": "GBR", "ADM0_A3_IN": "GBR", "ADM0_A3_NP": "GBR", "ADM0_A3_PK": "GBR", "ADM0_A3_DE": "GBR", "ADM0_A3_GB": "GBR", "ADM0_A3_BR": "GBR", "ADM0_A3_IL": "GBR", "ADM0_A3_PS": "GBR", "ADM0_A3_SA": "GBR", "ADM0_A3_EG": "GBR", "ADM0_A3_MA": "GBR", "ADM0_A3_PT": "GBR", "ADM0_A3_AR": "GBR", "ADM0_A3_JP": "GBR", "ADM0_A3_KO": "GBR", "ADM0_A3_VN": "GBR", "ADM0_A3_TR": "GBR", "ADM0_A3_ID": "GBR", "ADM0_A3_PL": "GBR", "ADM0_A3_GR": "GBR", "ADM0_A3_IT": "GBR", "ADM0_A3_NL": "GBR", "ADM0_A3_SE": "GBR", "ADM0_A3_BD": "GBR", "ADM0_A3_UA": "GBR", "ADM0_A3_UN": -99, "ADM0_A3_WB": -99, "CONTINENT": "Europe", "REGION_UN": "Europe", "SUBREGION": "Northern Europe", "REGION_WB": "Europe & Central Asia", "NAME_LEN": 8, "LONG_LEN": 8, "ABBREV_LEN": 5, "TINY": -99, "HOMEPART": 1, "MIN_ZOOM": 0, "MIN_LABEL": 5, "MAX_LABEL": 8, "LABEL_X": -4.045025, "LABEL_Y": 56.792374, "NE_ID": 1159320747, "WIKIDATAID": "Q22", "NAME_AR": "\u0627\u0633\u0643\u062a\u0644\u0646\u062f\u0627", "NAME_BN": "\u09b8\u09cd\u0995\u099f\u09b2\u09cd\u09af\u09be\u09a8\u09cd\u09a1", "NAME_DE": "Schottland", "NAME_EN": "Scotland", "NAME_ES": "Escocia", "NAME_FA": "\u0627\u0633\u06a9\u0627\u062a\u0644\u0646\u062f", "NAME_FR": "\u00c9cosse", "NAME_EL": "\u03a3\u03ba\u03c9\u03c4\u03af\u03b1", "NAME_HE": "\u05e1\u05e7\u05d5\u05d8\u05dc\u05e0\u05d3", "NAME_HI": "\u0938\u094d\u0915\u0949\u091f\u0932\u0948\u0923\u094d\u0921", "NAME_HU": "Sk\u00f3cia", "NAME_ID": "Skotlandia", "NAME_IT": "Scozia", "NAME_JA": "\u30b9\u30b3\u30c3\u30c8\u30e9\u30f3\u30c9", "NAME_KO": "\uc2a4\ucf54\ud2c0\ub79c\ub4dc", "NAME_NL": "Schotland", "NAME_PL": "Szkocja", "NAME_PT": "Esc\u00f3cia", "NAME_RU": "\u0428\u043e\u0442\u043b\u0430\u043d\u0434\u0438\u044f", "NAME_SV": "Skottland", "NAME_TR": "\u0130sko\u00e7ya", "NAME_UK": "\u0428\u043e\u0442\u043b\u0430\u043d\u0434\u0456\u044f", "NAME_UR": "\u0627\u0633\u06a9\u0627\u0679 \u0644\u06cc\u0646\u0688", "NAME_VI": "Scotland", "NAME_ZH": "\u82cf\u683c\u5170", "NAME_ZHT": "\u8607\u683c\u862d", "FCLASS_ISO": "Unrecognized", "TLC_DIFF": "1", "FCLASS_TLC": "Admin-1 region", "FCLASS_US": "Admin-1 region", "FCLASS_FR": "Admin-1 region", "FCLASS_RU": null, "FCLASS_ES": "Admin-1 region", "FCLASS_CN": null, "FCLASS_TW": null, "FCLASS_IN": null, "FCLASS_NP": null, "FCLASS_PK": null, "FCLASS_DE": "Admin-1 region", "FCLASS_GB": "Admin-1 region", "FCLASS_BR": null, "FCLASS_IL": null, "FCLASS_PS": null, "FCLASS_SA": null, "FCLASS_EG": null, "FCLASS_MA": null, "FCLASS_PT": "Admin-1 region", "FCLASS_AR": null, "FCLASS_JP": "Admin-1 region", "FCLASS_KO": "Admin-1 region", "FCLASS_VN": null, "FCLASS_TR": "Admin-1 region", "FCLASS_ID": null, "FCLASS_PL": "Admin-1 region", "FCLASS_GR": "Admin-1 region", "FCLASS_IT": "Admin-1 region", "FCLASS_NL": "Admin-1 region", "FCLASS_SE": "Admin-1 region", "FCLASS_BD": null, "FCLASS_UA": "Admin-1 region"}, "bbox": [-13.691314, 54.632961, -0.754791, 60.847886], "geometry": {"type": "MultiPolygon", "coordinates": [[[[-2.022857, 55.805487], [-2.067957, 55.795872], [-2.073641, 55.793779], [-2.078499, 55.790368], [-2.081755, 55.782539], [-2.084648, 55.767346], [-2.087232, 55.762437], [-2.092038, 55.757166], [-2.116636, 55.741973], [-2.121494, 55.740113], [-2.137823, 55.735798], [-2.143094, 55.733395], [-2.153481, 55.726936], [-2.162887, 55.722801], [-2.167537, 55.719908], [-2.171465, 55.715877], [-2.175857, 55.70797], [-2.18118, 55.701562], [-2.235647, 55.654795], [-2.24283, 55.649938], [-2.252855, 55.647147], [-2.267325, 55.645235], [-2.30665, 55.64508], [-2.318898, 55.64291], [-2.323962, 55.640688], [-2.328044, 55.638207], [-2.328975, 55.633143], [-2.328716, 55.629009], [-2.327321, 55.625133], [-2.324789, 55.622187], [-2.321275, 55.619707], [-2.305255, 55.614436], [-2.301224, 55.612369], [-2.299622, 55.608803], [-2.299002, 55.604979], [-2.296573, 55.601724], [-2.293318, 55.599088], [-2.281381, 55.59206], [-2.278745, 55.589063], [-2.27735, 55.585652], [-2.276471, 55.581931], [-2.273422, 55.57511], [-2.256731, 55.549479], [-2.240246, 55.532012], [-2.227224, 55.520798], [-2.216992, 55.508861], [-2.215648, 55.505605], [-2.215338, 55.502556], [-2.215545, 55.500799], [-2.215803, 55.499508], [-2.215803, 55.496407], [-2.214718, 55.49341], [-2.212651, 55.490257], [-2.190533, 55.471241], [-2.186864, 55.468812], [-2.184487, 55.465815], [-2.182885, 55.462404], [-2.182782, 55.458528], [-2.184487, 55.454084], [-2.188673, 55.44902], [-2.198595, 55.441217], [-2.211359, 55.433258], [-2.232133, 55.425352], [-2.243915, 55.422251], [-2.272234, 55.418944], [-2.285256, 55.412639], [-2.295643, 55.405715], [-2.325151, 55.398118], [-2.331455, 55.394708], [-2.338483, 55.387111], [-2.342204, 55.381892], [-2.346234, 55.3729], [-2.35135, 55.367578], [-2.359464, 55.362513], [-2.379307, 55.355485], [-2.387937, 55.35502], [-2.394242, 55.356209], [-2.397859, 55.358793], [-2.407213, 55.362978], [-2.412742, 55.364529], [-2.426746, 55.365976], [-2.451913, 55.36334], [-2.462765, 55.360395], [-2.551545, 55.314351], [-2.605443, 55.275955], [-2.618983, 55.269651], [-2.623065, 55.266395], [-2.625752, 55.262519], [-2.625701, 55.255336], [-2.62322, 55.251099], [-2.620533, 55.247998], [-2.618983, 55.245466], [-2.618518, 55.242986], [-2.619138, 55.239472], [-2.621928, 55.231204], [-2.625494, 55.227018], [-2.631282, 55.2234], [-2.643891, 55.220145], [-2.661357, 55.212548], [-2.685007, 55.190827], [-2.697479, 55.179372], [-2.718925, 55.167228], [-2.746572, 55.156221], [-2.790703, 55.144284], [-2.808196, 55.141493], [-2.822484, 55.135189], [-2.850288, 55.111295], [-2.872094, 55.092556], [-2.875505, 55.088783], [-2.883101, 55.083616], [-2.890258, 55.080257], [-2.922323, 55.071678], [-2.927698, 55.068423], [-2.944338, 55.046719], [-2.948523, 55.043618], [-2.953794, 55.041034], [-2.969969, 55.039381], [-2.976997, 55.040104], [-3.015031, 55.051525], [-3.020793, 55.052558], [-3.026064, 55.050749], [-3.030275, 55.045892], [-3.031877, 55.019589], [-3.032963, 55.015248], [-3.045933, 54.999693], [-3.050291, 54.98151], [-3.135406, 54.968085], [-3.453847, 54.981757], [-3.470693, 54.984442], [-3.486236, 54.989488], [-3.501047, 54.992499], [-3.515289, 54.989203], [-3.512359, 54.987128], [-3.511464, 54.986884], [-3.510894, 54.985989], [-3.509185, 54.981757], [-3.526031, 54.977118], [-3.54186, 54.980658], [-3.570546, 54.995429], [-3.583608, 54.968085], [-3.575673, 54.957343], [-3.570627, 54.937567], [-3.568756, 54.916002], [-3.570546, 54.899807], [-3.581695, 54.883612], [-3.598378, 54.877997], [-3.691762, 54.883205], [-3.717641, 54.880845], [-3.739247, 54.859809], [-3.810129, 54.866278], [-3.807851, 54.86107], [-3.806793, 54.860907], [-3.803334, 54.858873], [-3.812367, 54.85517], [-3.819814, 54.855902], [-3.82608, 54.859931], [-3.831288, 54.866278], [-3.819976, 54.878567], [-3.815053, 54.877143], [-3.810129, 54.872504], [-3.811635, 54.880032], [-3.813222, 54.883124], [-3.816965, 54.886176], [-3.828847, 54.874986], [-3.844309, 54.866278], [-3.839752, 54.855902], [-3.837473, 54.851996], [-3.844106, 54.850979], [-3.8579, 54.84455], [-3.823842, 54.824693], [-3.833608, 54.820054], [-3.885732, 54.806464], [-3.964182, 54.771918], [-4.011708, 54.768215], [-4.042877, 54.769477], [-4.042877, 54.776923], [-4.046783, 54.778022], [-4.050201, 54.778551], [-4.053334, 54.779975], [-4.055776, 54.782538], [-4.052968, 54.785468], [-4.05016, 54.789008], [-4.049713, 54.789984], [-4.051747, 54.800035], [-4.047719, 54.813056], [-4.049957, 54.823228], [-4.063588, 54.82685], [-4.064036, 54.831529], [-4.078603, 54.824123], [-4.090077, 54.80976], [-4.093495, 54.79267], [-4.083852, 54.776923], [-4.122955, 54.773017], [-4.17394, 54.792304], [-4.209137, 54.826239], [-4.200551, 54.866278], [-4.215403, 54.861029], [-4.239735, 54.843004], [-4.255767, 54.838324], [-4.270741, 54.839423], [-4.345286, 54.860175], [-4.356923, 54.865546], [-4.365631, 54.872504], [-4.375152, 54.886908], [-4.379872, 54.897895], [-4.38679, 54.904771], [-4.402903, 54.907294], [-4.409006, 54.903022], [-4.416819, 54.892808], [-4.423573, 54.880357], [-4.426503, 54.869452], [-4.417226, 54.845933], [-4.409413, 54.831244], [-4.402903, 54.824693], [-4.386708, 54.824164], [-4.372426, 54.821845], [-4.359609, 54.816636], [-4.347646, 54.807318], [-4.344472, 54.794501], [-4.353179, 54.783108], [-4.358144, 54.770982], [-4.343861, 54.756415], [-4.356516, 54.741889], [-4.353261, 54.720893], [-4.348134, 54.701972], [-4.354726, 54.693793], [-4.360341, 54.691596], [-4.365305, 54.686957], [-4.371897, 54.682278], [-4.382395, 54.68008], [-4.405263, 54.682074], [-4.426503, 54.687567], [-4.451812, 54.698798], [-4.461171, 54.701239], [-4.496734, 54.700629], [-4.505605, 54.704657], [-4.563629, 54.756415], [-4.596669, 54.775295], [-4.714467, 54.817857], [-4.759592, 54.825344], [-4.781077, 54.833075], [-4.799631, 54.861274], [-4.821034, 54.866645], [-4.85912, 54.866278], [-4.883046, 54.860093], [-4.905873, 54.849799], [-4.925771, 54.837388], [-4.941029, 54.824693], [-4.949615, 54.815823], [-4.953684, 54.810004], [-4.954823, 54.804755], [-4.954701, 54.797431], [-4.95287, 54.788967], [-4.947906, 54.77733], [-4.940256, 54.767035], [-4.930165, 54.762641], [-4.923248, 54.751858], [-4.911936, 54.728217], [-4.895985, 54.704535], [-4.867258, 54.690131], [-4.866933, 54.681464], [-4.872141, 54.663316], [-4.872426, 54.654039], [-4.87206, 54.649237], [-4.85912, 54.632961], [-4.880605, 54.636217], [-4.923492, 54.649726], [-4.944081, 54.652777], [-4.953684, 54.659735], [-4.959869, 54.675523], [-4.958974, 54.691962], [-4.947255, 54.701239], [-4.954823, 54.707465], [-4.958892, 54.714057], [-4.959055, 54.720933], [-4.954701, 54.728502], [-4.973378, 54.729722], [-4.981557, 54.731635], [-4.988189, 54.735297], [-4.992665, 54.74433], [-4.99706, 54.758368], [-5.003285, 54.771308], [-5.01301, 54.776923], [-5.033193, 54.782416], [-5.128245, 54.848944], [-5.157135, 54.879096], [-5.175526, 54.914618], [-5.180653, 54.954413], [-5.177602, 54.990546], [-5.170806, 55.008694], [-5.156728, 55.016547], [-5.13561, 55.015855], [-5.124582, 55.016791], [-5.11974, 55.019924], [-5.115142, 55.031562], [-5.105214, 55.02619], [-5.09553, 55.015082], [-5.091868, 55.009711], [-5.076894, 54.995551], [-5.069488, 54.986029], [-5.064565, 54.975531], [-5.063791, 54.964586], [-5.065256, 54.940334], [-5.060862, 54.931138], [-5.047515, 54.920315], [-5.030995, 54.911322], [-5.013092, 54.909613], [-4.995595, 54.920315], [-4.992299, 54.924262], [-4.988189, 54.92772], [-4.988189, 54.934556], [-5.024078, 54.976386], [-5.029775, 54.9855], [-5.032501, 54.99372], [-5.03303, 54.995266], [-5.047027, 55.015082], [-5.050282, 55.026801], [-5.049672, 55.048977], [-5.047597, 55.055732], [-5.043446, 55.064276], [-5.025787, 55.08869], [-5.018951, 55.10224], [-5.016184, 55.122626], [-5.007802, 55.141181], [-4.988271, 55.152655], [-4.947255, 55.167914], [-4.882395, 55.218573], [-4.877553, 55.220893], [-4.867258, 55.22248], [-4.865305, 55.225653], [-4.86559, 55.236314], [-4.864817, 55.24136], [-4.841949, 55.275092], [-4.838002, 55.284003], [-4.837229, 55.29385], [-4.839752, 55.315579], [-4.838002, 55.325019], [-4.832509, 55.331122], [-4.799224, 55.354722], [-4.781077, 55.363511], [-4.773101, 55.369371], [-4.767161, 55.379055], [-4.758778, 55.402289], [-4.749257, 55.413764], [-4.71703, 55.430487], [-4.650502, 55.448472], [-4.626332, 55.468411], [-4.617787, 55.495592], [-4.62678, 55.519721], [-4.650787, 55.537055], [-4.687164, 55.544135], [-4.666249, 55.562201], [-4.666493, 55.5633], [-4.671132, 55.584418], [-4.692738, 55.605211], [-4.721995, 55.619208], [-4.776519, 55.63288], [-4.808746, 55.633612], [-4.818105, 55.637193], [-4.810618, 55.646552], [-4.810618, 55.653998], [-4.86856, 55.675605], [-4.90099, 55.692328], [-4.920522, 55.708564], [-4.876332, 55.735256], [-4.861073, 55.756741], [-4.865305, 55.790473], [-4.871734, 55.802436], [-4.877797, 55.811021], [-4.882721, 55.821357], [-4.888661, 55.864529], [-4.888824, 55.865302], [-4.892649, 55.89289], [-4.886464, 55.919664], [-4.872141, 55.937201], [-4.849355, 55.948228], [-4.818105, 55.955634], [-4.799387, 55.957913], [-4.785797, 55.956977], [-4.72232, 55.94009], [-4.705434, 55.938463], [-4.693959, 55.941352], [-4.672515, 55.933783], [-4.505971, 55.919094], [-4.481679, 55.92829], [-4.590606, 55.941514], [-4.630035, 55.946275], [-4.673451, 55.961859], [-4.724517, 55.998358], [-4.765045, 56.007066], [-4.783437, 56.017646], [-4.799224, 56.030951], [-4.810618, 56.043769], [-4.82372, 56.073676], [-4.82433, 56.078518], [-4.839182, 56.080634], [-4.844309, 56.072984], [-4.843739, 56.062974], [-4.837554, 56.050605], [-4.790151, 56.010199], [-4.77892, 55.992092], [-4.785308, 55.984036], [-4.803619, 55.982082], [-4.828033, 55.982327], [-4.851552, 55.988023], [-4.862294, 56.002143], [-4.865387, 56.020209], [-4.866851, 56.058336], [-4.865387, 56.066718], [-4.826324, 56.124213], [-4.755442, 56.188381], [-4.750885, 56.202704], [-4.755523, 56.206529], [-4.766265, 56.202094], [-4.779937, 56.191474], [-4.83727, 56.124416], [-4.851674, 56.112616], [-4.873118, 56.112006], [-4.880605, 56.119859], [-4.878977, 56.150539], [-4.883168, 56.164008], [-4.893544, 56.174262], [-4.907094, 56.177069], [-4.920522, 56.167914], [-4.909088, 56.14997], [-4.895253, 56.114732], [-4.88622, 56.08039], [-4.88915, 56.064846], [-4.901926, 56.061916], [-4.904368, 56.054348], [-4.900054, 56.034125], [-4.900054, 56.014594], [-4.89802, 56.001166], [-4.892649, 55.989732], [-4.906402, 55.985745], [-4.921457, 55.988674], [-4.937489, 55.993842], [-4.954701, 55.996568], [-4.954701, 55.989732], [-4.942006, 55.986314], [-4.928863, 55.981147], [-4.918446, 55.973334], [-4.913686, 55.961859], [-4.917388, 55.947455], [-4.927235, 55.93769], [-4.93871, 55.929633], [-4.947255, 55.920844], [-4.952138, 55.909125], [-4.954986, 55.899359], [-4.959218, 55.890123], [-4.968984, 55.879869], [-4.983144, 55.871039], [-4.99474, 55.869818], [-5.026357, 55.873725], [-5.04247, 55.884752], [-5.056752, 55.910305], [-5.066803, 55.938788], [-5.07079, 55.958686], [-5.110829, 55.988959], [-5.116038, 56.001695], [-5.123606, 56.009914], [-5.139638, 56.002753], [-5.123769, 55.986314], [-5.085683, 55.931871], [-5.078236, 55.910956], [-5.086537, 55.901272], [-5.105621, 55.904975], [-5.171539, 55.935533], [-5.180653, 55.948432], [-5.180653, 55.969306], [-5.190826, 55.961737], [-5.199615, 55.948554], [-5.205719, 55.934516], [-5.207916, 55.924628], [-5.212636, 55.917141], [-5.242055, 55.89289], [-5.218129, 55.864691], [-5.20816, 55.84927], [-5.20108, 55.831488], [-5.21939, 55.831448], [-5.263173, 55.845771], [-5.296702, 55.852688], [-5.307118, 55.860419], [-5.313385, 55.885443], [-5.319325, 55.889106], [-5.327219, 55.891547], [-5.334828, 55.896674], [-5.338287, 55.903754], [-5.339101, 55.913031], [-5.338287, 55.931383], [-5.33609, 55.939195], [-5.326161, 55.950263], [-5.323964, 55.958686], [-5.325754, 55.967231], [-5.338287, 55.996568], [-5.313629, 56.012356], [-5.204498, 56.119452], [-5.146474, 56.133124], [-5.104604, 56.151516], [-5.09496, 56.157375], [-5.059438, 56.203111], [-5.043446, 56.216295], [-5.013295, 56.227607], [-4.974965, 56.237006], [-4.940094, 56.25141], [-4.920522, 56.277777], [-4.9381, 56.270982], [-4.975087, 56.247992], [-4.991933, 56.242987], [-5.032704, 56.241156], [-5.04955, 56.237047], [-5.064565, 56.229315], [-5.075429, 56.216986], [-5.099436, 56.181952], [-5.108876, 56.174709], [-5.228139, 56.129218], [-5.310943, 56.058051], [-5.319936, 56.054918], [-5.338043, 56.054104], [-5.345693, 56.051215], [-5.345286, 56.046129], [-5.350209, 56.031928], [-5.356353, 56.019761], [-5.359364, 56.020738], [-5.368642, 56.009426], [-5.390289, 56.005683], [-5.415028, 56.006903], [-5.433827, 56.010199], [-5.43456, 56.01496], [-5.434722, 56.023627], [-5.437123, 56.030015], [-5.444407, 56.027574], [-5.447906, 56.022284], [-5.448232, 56.016059], [-5.447621, 56.009426], [-5.454986, 55.955634], [-5.451405, 55.953437], [-5.436431, 55.948961], [-5.430776, 55.948188], [-5.420806, 55.92829], [-5.416737, 55.916815], [-5.416005, 55.907416], [-5.412506, 55.899604], [-5.40038, 55.89289], [-5.40038, 55.886705], [-5.407216, 55.886705], [-5.407216, 55.879869], [-5.402943, 55.87873], [-5.392893, 55.873725], [-5.397694, 55.871568], [-5.402496, 55.868354], [-5.407216, 55.866278], [-5.351796, 55.832424], [-5.326772, 55.80858], [-5.317779, 55.783026], [-5.324574, 55.769232], [-5.338531, 55.762641], [-5.372426, 55.756415], [-5.387563, 55.750312], [-5.433461, 55.721015], [-5.444569, 55.711615], [-5.453969, 55.700588], [-5.461171, 55.688137], [-5.463612, 55.679836], [-5.466176, 55.662177], [-5.468617, 55.653998], [-5.490102, 55.644599], [-5.488271, 55.640326], [-5.484283, 55.635728], [-5.482289, 55.63288], [-5.483876, 55.610053], [-5.474762, 55.603949], [-5.462636, 55.602037], [-5.454986, 55.591946], [-5.46109, 55.578803], [-5.476918, 55.574897], [-5.488759, 55.569078], [-5.482289, 55.550279], [-5.503529, 55.526516], [-5.509633, 55.516791], [-5.51061, 55.511461], [-5.509633, 55.49258], [-5.510976, 55.484442], [-5.514272, 55.483873], [-5.518788, 55.485175], [-5.523264, 55.482652], [-5.545522, 55.449164], [-5.561513, 55.435533], [-5.584625, 55.427436], [-5.584625, 55.42121], [-5.572133, 55.422309], [-5.562082, 55.419867], [-5.55309, 55.414537], [-5.543691, 55.406928], [-5.527455, 55.384345], [-5.526682, 55.380276], [-5.514963, 55.373684], [-5.525054, 55.358629], [-5.557973, 55.331855], [-5.574371, 55.322008], [-5.594106, 55.313137], [-5.616282, 55.306586], [-5.639963, 55.3039], [-5.649526, 55.305162], [-5.669097, 55.310858], [-5.680898, 55.311347], [-5.691396, 55.30858], [-5.714019, 55.29914], [-5.725575, 55.297065], [-5.754547, 55.297349], [-5.772288, 55.301256], [-5.782867, 55.313544], [-5.794667, 55.356391], [-5.796702, 55.379096], [-5.791412, 55.398627], [-5.763417, 55.412055], [-5.725413, 55.437567], [-5.715647, 55.447903], [-5.71524, 55.468899], [-5.720123, 55.491523], [-5.721913, 55.513861], [-5.707753, 55.543362], [-5.712066, 55.550727], [-5.718861, 55.557318], [-5.721832, 55.564602], [-5.718129, 55.575751], [-5.694488, 55.605536], [-5.673329, 55.640611], [-5.669423, 55.660712], [-5.680898, 55.674465], [-5.626536, 55.700629], [-5.619456, 55.711982], [-5.613189, 55.725775], [-5.598297, 55.742987], [-5.581207, 55.757636], [-5.56786, 55.763861], [-5.539174, 55.770941], [-5.504628, 55.789374], [-5.4735, 55.81566], [-5.454986, 55.845771], [-5.551747, 55.783637], [-5.587473, 55.767157], [-5.599436, 55.764228], [-5.61262, 55.763861], [-5.605784, 55.776842], [-5.633209, 55.782782], [-5.646718, 55.787502], [-5.66039, 55.797349], [-5.667958, 55.811021], [-5.669016, 55.837836], [-5.674062, 55.845771], [-5.631988, 55.881781], [-5.6256, 55.889838], [-5.619374, 55.903144], [-5.60436, 55.913642], [-5.586293, 55.923326], [-5.571034, 55.934516], [-5.593495, 55.927965], [-5.627594, 55.905341], [-5.653798, 55.89761], [-5.671702, 55.886908], [-5.680898, 55.886705], [-5.687978, 55.893378], [-5.694163, 55.904975], [-5.696401, 55.915961], [-5.586822, 56.01203], [-5.57844, 56.024482], [-5.582672, 56.028957], [-5.57665, 56.032538], [-5.571034, 56.037543], [-5.583892, 56.040717], [-5.596425, 56.036811], [-5.609853, 56.030015], [-5.6256, 56.024482], [-5.631703, 56.005927], [-5.674875, 55.977729], [-5.674062, 55.955634], [-5.690785, 55.937649], [-5.694488, 55.934516], [-5.704498, 55.936754], [-5.707509, 55.942572], [-5.705881, 55.949652], [-5.701975, 55.955634], [-5.696441, 55.982164], [-5.659901, 56.023261], [-5.584625, 56.084662], [-5.581532, 56.088284], [-5.580068, 56.092922], [-5.577463, 56.096991], [-5.571034, 56.099026], [-5.564605, 56.09809], [-5.556549, 56.095893], [-5.550689, 56.093492], [-5.550526, 56.09219], [-5.547841, 56.090033], [-5.539459, 56.086859], [-5.531606, 56.08633], [-5.5301, 56.09219], [-5.534739, 56.098538], [-5.541412, 56.102484], [-5.547515, 56.104885], [-5.550526, 56.106431], [-5.556956, 56.122219], [-5.558705, 56.130805], [-5.554677, 56.137397], [-5.522532, 56.165758], [-5.515736, 56.174709], [-5.509633, 56.188381], [-5.539906, 56.183417], [-5.562489, 56.167914], [-5.582672, 56.15058], [-5.605784, 56.13996], [-5.599355, 56.16059], [-5.586415, 56.181138], [-5.569407, 56.200263], [-5.550526, 56.216295], [-5.559438, 56.22956], [-5.547231, 56.24018], [-5.525624, 56.24726], [-5.506174, 56.249823], [-5.49474, 56.253119], [-5.492828, 56.260403], [-5.499257, 56.267646], [-5.512685, 56.270941], [-5.55427, 56.263495], [-5.56314, 56.260321], [-5.572621, 56.253852], [-5.582346, 56.248765], [-5.592152, 56.249823], [-5.598053, 56.258612], [-5.59557, 56.269924], [-5.584625, 56.290758], [-5.572581, 56.32807], [-5.562734, 56.341051], [-5.543691, 56.352851], [-5.525217, 56.346625], [-5.498199, 56.348334], [-5.44811, 56.359687], [-5.44811, 56.365912], [-5.472157, 56.364936], [-5.51537, 56.356838], [-5.537506, 56.359687], [-5.517323, 56.392768], [-5.509633, 56.400621], [-5.498931, 56.404731], [-5.486073, 56.408108], [-5.478017, 56.412909], [-5.482289, 56.421129], [-5.457021, 56.440863], [-5.423573, 56.450019], [-5.322865, 56.454983], [-5.242055, 56.442206], [-5.20873, 56.446845], [-5.181874, 56.459662], [-5.11852, 56.507758], [-5.085683, 56.548774], [-5.064565, 56.565131], [-5.086537, 56.558498], [-5.099599, 56.543647], [-5.110585, 56.525865], [-5.125966, 56.510484], [-5.1669, 56.490058], [-5.190175, 56.468655], [-5.20108, 56.462104], [-5.243764, 56.459215], [-5.350168, 56.472968], [-5.378082, 56.45897], [-5.394276, 56.465481], [-5.410553, 56.503648], [-5.424143, 56.500067], [-5.435943, 56.491156], [-5.454986, 56.46955], [-5.468617, 56.475735], [-5.433339, 56.523627], [-5.427642, 56.537828], [-5.403798, 56.524604], [-5.379262, 56.519192], [-5.356679, 56.51968], [-5.338287, 56.524156], [-5.290517, 56.544664], [-5.265045, 56.551215], [-5.252553, 56.556342], [-5.242055, 56.565131], [-5.275624, 56.553616], [-5.286773, 56.552069], [-5.306793, 56.552802], [-5.310943, 56.552069], [-5.327707, 56.544664], [-5.338694, 56.542304], [-5.360341, 56.532213], [-5.372426, 56.530341], [-5.384348, 56.533433], [-5.400502, 56.543647], [-5.41393, 56.544664], [-5.410878, 56.552069], [-5.407297, 56.555325], [-5.402699, 56.55744], [-5.396637, 56.561713], [-5.39269, 56.566474], [-5.389312, 56.574897], [-5.386627, 56.578803], [-5.360707, 56.606269], [-5.351918, 56.612942], [-5.310862, 56.633612], [-5.304514, 56.640163], [-5.298451, 56.64643], [-5.317779, 56.653876], [-5.317779, 56.661322], [-5.309071, 56.664252], [-5.286773, 56.674994], [-5.261464, 56.673326], [-5.248199, 56.674058], [-5.218902, 56.688666], [-5.196441, 56.688666], [-5.15331, 56.68122], [-5.132639, 56.684516], [-5.093373, 56.699042], [-5.012807, 56.709296], [-4.995595, 56.715969], [-5.160553, 56.695868], [-5.238271, 56.71662], [-5.238515, 56.722561], [-5.228424, 56.736477], [-5.222076, 56.741523], [-5.154652, 56.782294], [-5.136383, 56.798774], [-5.11974, 56.818427], [-5.179067, 56.789252], [-5.187489, 56.781155], [-5.191762, 56.774644], [-5.20226, 56.76911], [-5.21467, 56.765204], [-5.224965, 56.763739], [-5.233469, 56.760688], [-5.23705, 56.753363], [-5.238922, 56.744452], [-5.242055, 56.736477], [-5.255238, 56.721584], [-5.268463, 56.71308], [-5.283355, 56.709377], [-5.301015, 56.708564], [-5.309804, 56.706488], [-5.319163, 56.697496], [-5.340159, 56.693061], [-5.348378, 56.687201], [-5.359364, 56.674994], [-5.388051, 56.655219], [-5.403879, 56.649237], [-5.424224, 56.64704], [-5.434397, 56.64289], [-5.44872, 56.624579], [-5.458119, 56.620347], [-5.470774, 56.618394], [-5.482574, 56.613267], [-5.493316, 56.606391], [-5.533437, 56.572903], [-5.599599, 56.529039], [-5.667388, 56.498481], [-5.674062, 56.496894], [-5.683013, 56.500637], [-5.694692, 56.513861], [-5.705393, 56.516669], [-5.721791, 56.5185], [-5.740834, 56.523261], [-5.758209, 56.529975], [-5.770253, 56.537828], [-5.755198, 56.554023], [-5.751047, 56.561998], [-5.749135, 56.571967], [-5.756663, 56.571967], [-5.793853, 56.54328], [-5.85436, 56.550482], [-6.003407, 56.61872], [-6.009836, 56.626532], [-6.008168, 56.642279], [-5.998036, 56.649888], [-5.98351, 56.652818], [-5.933583, 56.654731], [-5.899037, 56.650824], [-5.866851, 56.641547], [-5.839182, 56.626532], [-5.831695, 56.633979], [-5.855621, 56.644721], [-5.86559, 56.651435], [-5.865834, 56.661322], [-5.759999, 56.700751], [-5.735504, 56.702338], [-5.672597, 56.684149], [-5.647369, 56.68122], [-5.594146, 56.683336], [-5.564809, 56.687649], [-5.543691, 56.695461], [-5.636545, 56.688666], [-5.658559, 56.690741], [-5.708852, 56.708564], [-5.749989, 56.714545], [-5.859039, 56.68122], [-5.896799, 56.675116], [-5.907379, 56.674994], [-5.920318, 56.677965], [-5.942738, 56.686754], [-5.955556, 56.688666], [-6.024892, 56.685696], [-6.098622, 56.696967], [-6.12385, 56.695624], [-6.143544, 56.684882], [-6.161733, 56.678209], [-6.186594, 56.681098], [-6.209625, 56.688463], [-6.222768, 56.695461], [-6.228179, 56.701077], [-6.232533, 56.706529], [-6.235341, 56.712388], [-6.236399, 56.719062], [-6.234486, 56.728583], [-6.229563, 56.729071], [-6.222768, 56.7272], [-6.215321, 56.729641], [-6.193471, 56.748521], [-6.180531, 56.754625], [-6.026967, 56.763739], [-6.014882, 56.767035], [-5.979888, 56.781562], [-5.965199, 56.784857], [-5.948232, 56.782538], [-5.937978, 56.776923], [-5.928538, 56.769965], [-5.913645, 56.763739], [-5.860911, 56.7508], [-5.852203, 56.746975], [-5.853342, 56.75788], [-5.858144, 56.768459], [-5.868398, 56.775865], [-5.886342, 56.777411], [-5.886342, 56.784857], [-5.874013, 56.785712], [-5.861806, 56.785102], [-5.850087, 56.782457], [-5.839182, 56.777411], [-5.824615, 56.787584], [-5.802073, 56.791815], [-5.776601, 56.787991], [-5.756663, 56.784857], [-5.831695, 56.805365], [-5.850819, 56.81802], [-5.851186, 56.828925], [-5.837473, 56.836615], [-5.733876, 56.844794], [-5.692738, 56.854926], [-5.66039, 56.872992], [-5.673573, 56.876532], [-5.692006, 56.875312], [-5.708485, 56.870551], [-5.724355, 56.853827], [-5.744496, 56.854153], [-5.783925, 56.859931], [-5.77538, 56.86994], [-5.735504, 56.89411], [-5.780588, 56.898749], [-5.874867, 56.887152], [-5.921132, 56.89411], [-5.887563, 56.899115], [-5.852203, 56.900336], [-5.852203, 56.907701], [-5.859853, 56.910549], [-5.880116, 56.922024], [-5.862538, 56.933743], [-5.85143, 56.95425], [-5.842519, 56.977444], [-5.831695, 56.997138], [-5.814117, 57.009508], [-5.786041, 57.020575], [-5.755238, 57.026557], [-5.729319, 57.02383], [-5.719879, 57.017564], [-5.699941, 56.998114], [-5.688303, 56.989691], [-5.674062, 56.983588], [-5.658559, 56.979478], [-5.6256, 56.97663], [-5.571278, 56.983832], [-5.523264, 56.997138], [-5.523264, 57.003974], [-5.540435, 57.001166], [-5.556508, 56.99608], [-5.571278, 56.993313], [-5.584625, 56.997138], [-5.607086, 56.988511], [-5.628814, 56.991889], [-5.649892, 56.999661], [-5.670318, 57.003974], [-5.685536, 57.009589], [-5.681711, 57.022406], [-5.680043, 57.0362], [-5.701975, 57.044908], [-5.710927, 57.044176], [-5.731353, 57.039008], [-5.74234, 57.038072], [-5.752553, 57.040595], [-5.769602, 57.04975], [-5.780181, 57.051744], [-5.791127, 57.059272], [-5.776194, 57.075832], [-5.734486, 57.105414], [-5.722646, 57.116441], [-5.715647, 57.120063], [-5.703277, 57.120754], [-5.673695, 57.119045], [-5.663482, 57.123725], [-5.645863, 57.129462], [-5.620839, 57.124091], [-5.57844, 57.106391], [-5.558258, 57.100409], [-5.459828, 57.099799], [-5.454986, 57.102973], [-5.447418, 57.110175], [-5.430776, 57.110745], [-5.414296, 57.108222], [-5.407216, 57.106391], [-5.40038, 57.106391], [-5.40038, 57.113837], [-5.420033, 57.120673], [-5.503896, 57.112698], [-5.527415, 57.107489], [-5.540639, 57.106391], [-5.547719, 57.110093], [-5.573313, 57.127875], [-5.584625, 57.133694], [-5.668446, 57.14765], [-5.680898, 57.157904], [-5.673818, 57.174994], [-5.638824, 57.202379], [-5.6256, 57.216254], [-5.644154, 57.233222], [-5.620107, 57.252143], [-5.578236, 57.26675], [-5.543691, 57.270901], [-5.511586, 57.257636], [-5.480092, 57.237006], [-5.446278, 57.223049], [-5.407216, 57.229926], [-5.407216, 57.236721], [-5.448842, 57.242092], [-5.458119, 57.246649], [-5.47289, 57.261217], [-5.4829, 57.268012], [-5.492502, 57.270901], [-5.501943, 57.277655], [-5.488922, 57.292426], [-5.464833, 57.306627], [-5.440663, 57.311835], [-5.440663, 57.319281], [-5.464996, 57.324937], [-5.48176, 57.316718], [-5.494293, 57.304429], [-5.506174, 57.298163], [-5.523427, 57.295152], [-5.558461, 57.28144], [-5.57844, 57.277655], [-5.599436, 57.279242], [-5.637441, 57.289008], [-5.656972, 57.291327], [-5.700063, 57.283596], [-5.72057, 57.284491], [-5.729319, 57.298163], [-5.72525, 57.301581], [-5.701975, 57.332343], [-5.693756, 57.337104], [-5.671986, 57.344428], [-5.663482, 57.349677], [-5.654368, 57.353949], [-5.647206, 57.349921], [-5.641469, 57.343207], [-5.636545, 57.339789], [-5.613189, 57.341986], [-5.501291, 57.370998], [-5.456654, 57.393541], [-5.44811, 57.421698], [-5.465077, 57.423896], [-5.492055, 57.408759], [-5.537506, 57.373928], [-5.563466, 57.363105], [-5.586659, 57.365058], [-5.610911, 57.371405], [-5.639963, 57.373928], [-5.61559, 57.382473], [-5.607086, 57.389106], [-5.609202, 57.397773], [-5.617747, 57.410102], [-5.619618, 57.416693], [-5.624013, 57.416409], [-5.639963, 57.408026], [-5.707183, 57.359768], [-5.732411, 57.352769], [-5.784576, 57.348578], [-5.807769, 57.354926], [-5.824859, 57.394355], [-5.822255, 57.3935], [-5.817372, 57.395209], [-5.812856, 57.398098], [-5.811187, 57.40119], [-5.813873, 57.404527], [-5.82311, 57.41234], [-5.824859, 57.415473], [-5.825266, 57.4289], [-5.821889, 57.435533], [-5.811187, 57.442206], [-5.821523, 57.445461], [-5.852528, 57.450385], [-5.859039, 57.452704], [-5.861195, 57.463446], [-5.870513, 57.48078], [-5.87267, 57.49372], [-5.8697, 57.500881], [-5.856068, 57.517808], [-5.852203, 57.524115], [-5.851064, 57.538398], [-5.851471, 57.551093], [-5.847076, 57.558905], [-5.831695, 57.558824], [-5.833852, 57.563381], [-5.837026, 57.574774], [-5.839182, 57.579291], [-5.821401, 57.583197], [-5.803619, 57.581366], [-5.786366, 57.575181], [-5.732574, 57.545233], [-5.715647, 57.538398], [-5.707021, 57.542304], [-5.689768, 57.527899], [-5.680898, 57.524115], [-5.650868, 57.512641], [-5.639963, 57.511054], [-5.645334, 57.516669], [-5.648305, 57.521877], [-5.650543, 57.526801], [-5.653554, 57.531562], [-5.581532, 57.538398], [-5.540273, 57.534491], [-5.516835, 57.534857], [-5.512685, 57.54149], [-5.543121, 57.555365], [-5.588368, 57.561021], [-5.632721, 57.557685], [-5.66039, 57.544582], [-5.694488, 57.566311], [-5.689198, 57.569403], [-5.680898, 57.579291], [-5.714223, 57.582709], [-5.731679, 57.598293], [-5.744252, 57.617987], [-5.762807, 57.633979], [-5.778147, 57.637437], [-5.793609, 57.638577], [-5.805898, 57.642646], [-5.811187, 57.655097], [-5.805409, 57.667182], [-5.785024, 57.679511], [-5.790761, 57.688544], [-5.790761, 57.69599], [-5.75357, 57.707465], [-5.734486, 57.707953], [-5.704986, 57.690131], [-5.692494, 57.691067], [-5.681956, 57.698717], [-5.674062, 57.709662], [-5.68517, 57.711412], [-5.692291, 57.716498], [-5.698842, 57.72309], [-5.708852, 57.72956], [-5.72053, 57.733385], [-5.803822, 57.743842], [-5.806956, 57.754625], [-5.802073, 57.780585], [-5.803822, 57.792222], [-5.801259, 57.800442], [-5.809926, 57.820624], [-5.811187, 57.833197], [-5.807362, 57.84394], [-5.799957, 57.853705], [-5.78954, 57.862006], [-5.776519, 57.867906], [-5.751129, 57.873358], [-5.724762, 57.873521], [-5.698638, 57.869086], [-5.674062, 57.8605], [-5.677887, 57.84691], [-5.674794, 57.827094], [-5.667958, 57.806952], [-5.66039, 57.792222], [-5.650543, 57.781806], [-5.637359, 57.774237], [-5.622141, 57.770209], [-5.605784, 57.770494], [-5.613271, 57.775214], [-5.617909, 57.780219], [-5.6256, 57.792222], [-5.613026, 57.792629], [-5.603261, 57.791083], [-5.584625, 57.784817], [-5.591176, 57.804429], [-5.587026, 57.81859], [-5.585276, 57.831448], [-5.598988, 57.846869], [-5.637563, 57.86636], [-5.65038, 57.877753], [-5.639963, 57.887844], [-5.647694, 57.888983], [-5.650787, 57.890815], [-5.653554, 57.89468], [-5.643951, 57.904202], [-5.620758, 57.920885], [-5.61262, 57.928778], [-5.598215, 57.919013], [-5.58731, 57.915107], [-5.550526, 57.915107], [-5.556264, 57.887763], [-5.527903, 57.86758], [-5.48705, 57.855862], [-5.454986, 57.853705], [-5.461171, 57.8605], [-5.449045, 57.869127], [-5.437123, 57.89765], [-5.427642, 57.908271], [-5.414906, 57.908149], [-5.369496, 57.897528], [-5.355621, 57.891262], [-5.327504, 57.873277], [-5.293853, 57.862047], [-5.221588, 57.846869], [-5.236318, 57.860785], [-5.247548, 57.867011], [-5.276763, 57.874172], [-5.320668, 57.898505], [-5.384918, 57.91413], [-5.392893, 57.918199], [-5.394399, 57.923896], [-5.39684, 57.926215], [-5.397328, 57.9289], [-5.392893, 57.935614], [-5.386545, 57.936428], [-5.378977, 57.93183], [-5.371734, 57.931057], [-5.3662, 57.943061], [-5.347157, 57.936713], [-5.319163, 57.91474], [-5.297353, 57.908271], [-5.286, 57.908759], [-5.266957, 57.914008], [-5.256256, 57.915107], [-5.243642, 57.912909], [-5.221018, 57.904039], [-5.211293, 57.902086], [-5.198801, 57.897773], [-5.162262, 57.878485], [-5.119985, 57.867987], [-5.091135, 57.840318], [-5.07079, 57.833197], [-5.076487, 57.838528], [-5.083404, 57.847561], [-5.089345, 57.857245], [-5.091868, 57.864203], [-5.097157, 57.870917], [-5.197255, 57.917873], [-5.221588, 57.921332], [-5.221588, 57.928778], [-5.201894, 57.928656], [-5.193959, 57.935981], [-5.195546, 57.947659], [-5.204498, 57.96015], [-5.216705, 57.965888], [-5.248891, 57.969387], [-5.263173, 57.976549], [-5.292633, 57.980618], [-5.333892, 58.008531], [-5.359364, 58.011379], [-5.357167, 58.014065], [-5.356679, 58.014879], [-5.351918, 58.017524], [-5.366933, 58.028876], [-5.386586, 58.032538], [-5.427642, 58.031195], [-5.424306, 58.035549], [-5.422353, 58.038967], [-5.419586, 58.04206], [-5.41393, 58.045478], [-5.41393, 58.052314], [-5.447011, 58.084377], [-5.42809, 58.097968], [-5.390045, 58.09219], [-5.3662, 58.065985], [-5.344309, 58.075507], [-5.322865, 58.071723], [-5.300771, 58.070136], [-5.276763, 58.086412], [-5.28307, 58.086412], [-5.278066, 58.096259], [-5.278798, 58.105373], [-5.283559, 58.113471], [-5.290517, 58.120551], [-5.276763, 58.120551], [-5.276763, 58.127387], [-5.297353, 58.134833], [-5.284088, 58.140082], [-5.255523, 58.143785], [-5.242055, 58.147895], [-5.242055, 58.155341], [-5.275054, 58.154527], [-5.290842, 58.156317], [-5.304799, 58.162095], [-5.297353, 58.168402], [-5.304799, 58.173326], [-5.313059, 58.177314], [-5.321889, 58.180243], [-5.331451, 58.182034], [-5.329335, 58.186713], [-5.326161, 58.198432], [-5.323964, 58.203111], [-5.336822, 58.203192], [-5.346791, 58.206855], [-5.392893, 58.244696], [-5.392079, 58.261379], [-5.375885, 58.264228], [-5.352895, 58.258938], [-5.31078, 58.243394], [-5.293853, 58.240912], [-5.276967, 58.243394], [-5.237294, 58.257636], [-5.216054, 58.26142], [-5.194325, 58.259996], [-5.173207, 58.250922], [-5.165639, 58.258246], [-5.152252, 58.264838], [-5.138336, 58.269599], [-5.129384, 58.271389], [-5.111562, 58.268256], [-5.081288, 58.254096], [-5.067698, 58.250922], [-5.01773, 58.253241], [-5.002431, 58.250922], [-4.933583, 58.223049], [-4.94343, 58.233588], [-4.954823, 58.239814], [-4.982004, 58.250922], [-4.968861, 58.256781], [-4.940338, 58.259467], [-4.926747, 58.264594], [-4.990224, 58.27143], [-5.009918, 58.271389], [-5.018056, 58.268622], [-5.029368, 58.259711], [-5.040028, 58.257758], [-5.05012, 58.259914], [-5.070709, 58.269232], [-5.081654, 58.271389], [-5.096425, 58.27676], [-5.125966, 58.300198], [-5.13622, 58.305569], [-5.137441, 58.309272], [-5.156361, 58.324612], [-5.160146, 58.326606], [-5.167795, 58.33926], [-5.17101, 58.346666], [-5.173207, 58.353949], [-5.15331, 58.353949], [-5.163401, 58.364569], [-5.162913, 58.374498], [-5.155914, 58.384467], [-5.146474, 58.394965], [-5.145497, 58.400051], [-5.146718, 58.406643], [-5.14684, 58.412421], [-5.143056, 58.414781], [-5.135487, 58.413764], [-5.122222, 58.409573], [-5.116038, 58.408596], [-5.057973, 58.387274], [-5.016184, 58.388129], [-5.043935, 58.400092], [-5.053375, 58.406643], [-5.050282, 58.414781], [-5.057037, 58.422187], [-5.066151, 58.417141], [-5.076161, 58.414496], [-5.086822, 58.413886], [-5.098053, 58.414781], [-5.098053, 58.422187], [-5.088124, 58.421942], [-5.085032, 58.422187], [-5.085032, 58.429023], [-5.091786, 58.429755], [-5.096018, 58.431464], [-5.10554, 58.43651], [-5.05012, 58.453803], [-5.025543, 58.447699], [-4.995595, 58.43651], [-5.10554, 58.487372], [-5.105621, 58.505561], [-5.103668, 58.514228], [-5.095855, 58.518866], [-5.042795, 58.535468], [-5.027984, 58.544094], [-5.016184, 58.559394], [-5.022939, 58.559394], [-5.015207, 58.580064], [-5.011586, 58.600572], [-5.004954, 58.617743], [-4.988189, 58.628323], [-4.859486, 58.613227], [-4.835927, 58.605048], [-4.818105, 58.592922], [-4.817942, 58.587592], [-4.812815, 58.571967], [-4.806752, 58.558417], [-4.803822, 58.559394], [-4.804596, 58.548326], [-4.80724, 58.539618], [-4.811635, 58.53205], [-4.818105, 58.524644], [-4.799794, 58.532457], [-4.791819, 58.541653], [-4.789906, 58.551744], [-4.790151, 58.562486], [-4.785756, 58.577053], [-4.777089, 58.583319], [-4.771596, 58.590399], [-4.776519, 58.607164], [-4.75886, 58.599107], [-4.728017, 58.57746], [-4.711334, 58.573065], [-4.683258, 58.56151], [-4.6704, 58.559394], [-4.660024, 58.555854], [-4.659291, 58.547553], [-4.663238, 58.538398], [-4.667307, 58.53205], [-4.679026, 58.523912], [-4.714467, 58.505601], [-4.732411, 58.480455], [-4.751536, 58.461615], [-4.760976, 58.447984], [-4.742421, 58.44953], [-4.682973, 58.484565], [-4.673451, 58.487372], [-4.66686, 58.502916], [-4.650502, 58.509955], [-4.630442, 58.51496], [-4.612131, 58.524644], [-4.601064, 58.541938], [-4.595123, 58.560004], [-4.58495, 58.574164], [-4.560536, 58.579901], [-4.517486, 58.575507], [-4.475494, 58.565619], [-4.426503, 58.546373], [-4.426503, 58.538886], [-4.427887, 58.535305], [-4.4287, 58.534735], [-4.426503, 58.524644], [-4.449941, 58.510199], [-4.464752, 58.492011], [-4.477651, 58.47134], [-4.495351, 58.44953], [-4.478098, 58.453559], [-4.461171, 58.46247], [-4.433909, 58.483629], [-4.432729, 58.487616], [-4.43399, 58.492377], [-4.434234, 58.496283], [-4.430165, 58.497992], [-4.425933, 58.499091], [-4.385365, 58.522406], [-4.382395, 58.524644], [-4.343861, 58.538886], [-4.317006, 58.545722], [-4.306996, 58.546373], [-4.28718, 58.542914], [-4.257314, 58.527981], [-4.234731, 58.524644], [-4.248931, 58.53205], [-4.238189, 58.536444], [-4.232249, 58.542426], [-4.227691, 58.548163], [-4.221018, 58.551947], [-4.209706, 58.552924], [-4.190785, 58.547838], [-4.176991, 58.546373], [-4.168202, 58.549384], [-4.160553, 58.562567], [-4.149322, 58.565619], [-4.111195, 58.565619], [-4.09024, 58.562079], [-4.081451, 58.561835], [-4.070221, 58.565619], [-4.061513, 58.572821], [-4.048818, 58.589586], [-4.039784, 58.592922], [-4.030629, 58.594062], [-4.029042, 58.59516], [-4.027821, 58.592719], [-4.009267, 58.57331], [-4.003774, 58.570624], [-3.981435, 58.573065], [-3.895741, 58.565619], [-3.810129, 58.573065], [-3.766957, 58.583726], [-3.698354, 58.611151], [-3.659901, 58.620836], [-3.597564, 58.627143], [-3.5655, 58.626614], [-3.542592, 58.620836], [-3.55248, 58.615465], [-3.556264, 58.614], [-3.532053, 58.602118], [-3.504018, 58.603339], [-3.447011, 58.614], [-3.391469, 58.600653], [-3.364084, 58.600816], [-3.350819, 58.620836], [-3.367747, 58.624701], [-3.386057, 58.631741], [-3.402252, 58.642035], [-3.412913, 58.655585], [-3.390045, 58.67178], [-3.374867, 58.677069], [-3.358266, 58.675482], [-3.35436, 58.670152], [-3.351796, 58.660834], [-3.34789, 58.652045], [-3.340566, 58.648139], [-3.309885, 58.648139], [-3.244252, 58.659003], [-3.204091, 58.661119], [-3.151926, 58.641262], [-3.118764, 58.641099], [-3.052887, 58.648139], [-3.019114, 58.640326], [-3.02538, 58.622138], [-3.044423, 58.60163], [-3.049184, 58.586737], [-3.060455, 58.578437], [-3.075429, 58.56037], [-3.084543, 58.551947], [-3.110748, 58.538642], [-3.118031, 58.53205], [-3.129262, 58.512641], [-3.129303, 58.496405], [-3.118723, 58.484442], [-3.097524, 58.477484], [-3.085072, 58.478258], [-3.073964, 58.481676], [-3.064443, 58.482978], [-3.05663, 58.477484], [-3.053334, 58.465766], [-3.057729, 58.456855], [-3.066762, 58.451158], [-3.077056, 58.44953], [-3.086334, 58.414211], [-3.129791, 58.369289], [-3.182769, 58.328437], [-3.22053, 58.305569], [-3.262278, 58.292629], [-3.349843, 58.276109], [-3.384999, 58.264594], [-3.4381, 58.236029], [-3.447011, 58.226752], [-3.454742, 58.21015], [-3.473459, 58.193427], [-3.515289, 58.168402], [-3.735015, 58.07217], [-3.809193, 58.051907], [-3.827504, 58.04206], [-3.836252, 58.03144], [-3.846099, 58.011176], [-3.851715, 58.003892], [-3.860585, 57.998928], [-3.88561, 57.9914], [-3.917307, 57.987454], [-3.981435, 57.963568], [-3.990956, 57.960395], [-3.99767, 57.954413], [-4.001373, 57.946112], [-4.001943, 57.935614], [-4.0183, 57.940619], [-4.023061, 57.943061], [-4.016184, 57.949286], [-4.030141, 57.953192], [-4.055776, 57.954983], [-4.084381, 57.964179], [-4.089101, 57.96015], [-4.086334, 57.95189], [-4.077626, 57.943061], [-4.062652, 57.936957], [-4.031484, 57.936184], [-4.016184, 57.932196], [-4.009429, 57.92768], [-3.988271, 57.908271], [-4.008941, 57.889594], [-4.013824, 57.87934], [-4.009348, 57.867906], [-4.025136, 57.868069], [-4.05484, 57.874335], [-4.070221, 57.874172], [-4.079335, 57.870266], [-4.096913, 57.857367], [-4.10497, 57.853705], [-4.132924, 57.854153], [-4.190419, 57.870063], [-4.21817, 57.874172], [-4.298899, 57.862779], [-4.320953, 57.871039], [-4.353179, 57.895209], [-4.372304, 57.904486], [-4.392405, 57.908271], [-4.339589, 57.865709], [-4.307729, 57.851467], [-4.269399, 57.846869], [-4.229075, 57.857245], [-4.208241, 57.859198], [-4.190582, 57.850287], [-4.173451, 57.839016], [-4.149729, 57.82982], [-4.133453, 57.830146], [-4.139068, 57.846869], [-4.075063, 57.823188], [-4.039906, 57.818183], [-3.98351, 57.842353], [-3.951487, 57.838324], [-3.933705, 57.82567], [-3.947336, 57.81269], [-3.914784, 57.807685], [-3.877675, 57.816718], [-3.841868, 57.834906], [-3.813547, 57.857123], [-3.798451, 57.866523], [-3.786041, 57.865424], [-3.779449, 57.855658], [-3.782216, 57.839423], [-3.790028, 57.830715], [-3.926015, 57.734809], [-3.948842, 57.724921], [-3.975209, 57.703274], [-3.988271, 57.69599], [-4.008046, 57.693793], [-4.023671, 57.697821], [-4.028635, 57.707709], [-4.016184, 57.723334], [-4.042958, 57.737291], [-4.077952, 57.730292], [-4.155344, 57.692572], [-4.168568, 57.689439], [-4.194, 57.688544], [-4.259267, 57.678697], [-4.277821, 57.680609], [-4.294789, 57.680162], [-4.302154, 57.668606], [-4.308827, 57.654853], [-4.324045, 57.648261], [-4.338206, 57.645087], [-4.403188, 57.609524], [-4.41218, 57.602973], [-4.420318, 57.592963], [-4.428456, 57.577541], [-4.423451, 57.576809], [-4.409901, 57.582465], [-4.379872, 57.589342], [-4.365102, 57.597235], [-4.351064, 57.607367], [-4.34081, 57.617174], [-4.328725, 57.626288], [-4.283111, 57.641425], [-4.244537, 57.663031], [-4.201894, 57.674994], [-4.193756, 57.675523], [-4.18224, 57.672797], [-4.169016, 57.663764], [-4.118723, 57.657701], [-4.096791, 57.658108], [-4.080719, 57.664984], [-4.068105, 57.672309], [-4.024648, 57.687201], [-4.009348, 57.688544], [-4.004506, 57.675971], [-4.025258, 57.655219], [-4.054189, 57.635728], [-4.083404, 57.623358], [-4.11856, 57.592963], [-4.115468, 57.587836], [-4.112294, 57.584133], [-4.108876, 57.581448], [-4.10497, 57.579291], [-4.151357, 57.57685], [-4.170644, 57.570746], [-4.187489, 57.558824], [-4.17809, 57.549547], [-4.184926, 57.548163], [-4.207997, 57.552069], [-4.262603, 57.552069], [-4.262603, 57.544582], [-4.233957, 57.545111], [-4.220286, 57.543402], [-4.207997, 57.538398], [-4.226308, 57.515448], [-4.237457, 57.505316], [-4.248931, 57.497463], [-4.212799, 57.492174], [-4.194814, 57.491604], [-4.173899, 57.497463], [-4.157623, 57.50849], [-4.150054, 57.515041], [-4.149322, 57.51789], [-4.12678, 57.518866], [-4.1162, 57.521796], [-4.097524, 57.536689], [-4.082997, 57.54442], [-4.067291, 57.549954], [-4.053131, 57.552069], [-4.034983, 57.556871], [-4.046457, 57.567857], [-4.083852, 57.586127], [-4.05602, 57.58515], [-3.964345, 57.592963], [-3.868276, 57.587877], [-3.837473, 57.592963], [-3.684804, 57.654446], [-3.625152, 57.661933], [-3.632558, 57.650946], [-3.637685, 57.646226], [-3.645619, 57.641425], [-3.632476, 57.635647], [-3.619618, 57.636217], [-3.606068, 57.639472], [-3.590972, 57.641425], [-3.611562, 57.668118], [-3.574778, 57.661119], [-3.554921, 57.659857], [-3.535756, 57.661933], [-3.521474, 57.667792], [-3.505442, 57.678656], [-3.495961, 57.691352], [-3.501698, 57.702826], [-3.491851, 57.713121], [-3.482818, 57.714016], [-3.473053, 57.711005], [-3.460683, 57.709662], [-3.447865, 57.71247], [-3.421254, 57.721381], [-3.409169, 57.723334], [-3.284739, 57.720445], [-3.210072, 57.693996], [-3.078684, 57.66942], [-3.034901, 57.668606], [-2.994496, 57.675523], [-2.932688, 57.699612], [-2.916086, 57.702826], [-2.758046, 57.702826], [-2.75121, 57.700629], [-2.741119, 57.690863], [-2.731068, 57.688544], [-2.719879, 57.690619], [-2.711537, 57.693996], [-2.703521, 57.694729], [-2.692942, 57.688544], [-2.658925, 57.697455], [-2.573394, 57.681464], [-2.541982, 57.682359], [-2.526112, 57.668606], [-2.518137, 57.670111], [-2.511057, 57.677802], [-2.497955, 57.682359], [-2.480051, 57.68122], [-2.432851, 57.668118], [-2.425526, 57.675727], [-2.417795, 57.674262], [-2.408762, 57.669623], [-2.398061, 57.668118], [-2.386586, 57.671576], [-2.369496, 57.680569], [-2.360504, 57.682359], [-2.341054, 57.675849], [-2.328969, 57.674058], [-2.323598, 57.678941], [-2.320546, 57.684556], [-2.313385, 57.689927], [-2.304067, 57.693996], [-2.295644, 57.69599], [-2.274322, 57.693834], [-2.230133, 57.679145], [-2.20995, 57.675523], [-2.184071, 57.678453], [-2.124338, 57.702826], [-2.108144, 57.704983], [-1.99767, 57.702826], [-1.996938, 57.699042], [-1.990834, 57.690375], [-1.982167, 57.681098], [-1.9735, 57.675523], [-1.961293, 57.674709], [-1.944732, 57.682563], [-1.932485, 57.682359], [-1.925689, 57.678168], [-1.914215, 57.66474], [-1.829457, 57.613471], [-1.820465, 57.59634], [-1.817006, 57.578192], [-1.811391, 57.560492], [-1.79601, 57.544582], [-1.79601, 57.538398], [-1.800038, 57.525865], [-1.78954, 57.514838], [-1.761138, 57.497463], [-1.77538, 57.496527], [-1.782135, 57.489], [-1.781239, 57.480414], [-1.771718, 57.476264], [-1.759348, 57.473578], [-1.76594, 57.467434], [-1.789174, 57.456448], [-1.830149, 57.426174], [-1.847483, 57.408149], [-1.849965, 57.394355], [-1.954498, 57.341132], [-1.980295, 57.319281], [-2.044667, 57.226508], [-2.068512, 57.174628], [-2.074127, 57.154202], [-2.071401, 57.135565], [-2.052358, 57.127427], [-2.049306, 57.118842], [-2.065256, 57.100531], [-2.065826, 57.09984], [-2.156158, 57.020697], [-2.18692, 56.984687], [-2.200103, 56.948717], [-2.197133, 56.940253], [-2.191233, 56.934149], [-2.186269, 56.926744], [-2.186391, 56.914537], [-2.191314, 56.908922], [-2.209706, 56.895819], [-2.213694, 56.890692], [-2.219879, 56.872626], [-2.234609, 56.861396], [-2.268951, 56.84634], [-2.295806, 56.825263], [-2.319814, 56.801581], [-2.33609, 56.790839], [-2.391835, 56.771186], [-2.408681, 56.762926], [-2.426422, 56.751288], [-2.435943, 56.740383], [-2.440745, 56.734849], [-2.45165, 56.690985], [-2.463735, 56.678778], [-2.477406, 56.668687], [-2.487457, 56.653876], [-2.487538, 56.646064], [-2.481272, 56.632392], [-2.480621, 56.626532], [-2.486195, 56.619574], [-2.504058, 56.608832], [-2.514556, 56.591498], [-2.530019, 56.580756], [-2.623769, 56.543402], [-2.64094, 56.522366], [-2.661366, 56.514228], [-2.699778, 56.503648], [-2.70873, 56.495998], [-2.727651, 56.46955], [-2.737294, 56.467027], [-2.744374, 56.46955], [-2.752309, 56.473619], [-2.764801, 56.475735], [-2.819325, 56.4713], [-3.055653, 56.452135], [-3.060618, 56.451728], [-3.099273, 56.441881], [-3.133901, 56.426947], [-3.238189, 56.367743], [-3.280181, 56.357896], [-3.323476, 56.365912], [-3.311513, 56.356513], [-3.294016, 56.352769], [-3.251536, 56.352851], [-3.230621, 56.356024], [-3.188385, 56.370185], [-3.149566, 56.375556], [-2.950266, 56.431871], [-2.939931, 56.438544], [-2.930653, 56.448065], [-2.909088, 56.455715], [-2.884999, 56.457994], [-2.867909, 56.45185], [-2.850087, 56.442043], [-2.814768, 56.440416], [-2.802805, 56.427965], [-2.800893, 56.408922], [-2.808258, 56.391059], [-2.821604, 56.376166], [-2.837554, 56.365912], [-2.812978, 56.365912], [-2.809193, 56.36286], [-2.804758, 56.349107], [-2.802805, 56.345404], [-2.791493, 56.342475], [-2.782623, 56.34162], [-2.775258, 56.339423], [-2.768625, 56.332343], [-2.677154, 56.328437], [-2.655263, 56.32217], [-2.621205, 56.304429], [-2.613189, 56.301907], [-2.576812, 56.283922], [-2.576812, 56.277777], [-2.630116, 56.248521], [-2.648346, 56.228705], [-2.672027, 56.222398], [-2.720204, 56.216295], [-2.783599, 56.191962], [-2.806142, 56.188381], [-2.830719, 56.190741], [-2.892079, 56.208889], [-2.940053, 56.209418], [-2.964345, 56.205634], [-2.97468, 56.19831], [-2.982411, 56.189114], [-3.035553, 56.167914], [-3.091054, 56.13227], [-3.107533, 56.126899], [-3.127553, 56.12287], [-3.138295, 56.112209], [-3.152252, 56.078518], [-3.163564, 56.06387], [-3.178375, 56.058092], [-3.248443, 56.055976], [-3.268381, 56.05093], [-3.303049, 56.037543], [-3.342681, 56.027167], [-3.381825, 56.023383], [-3.420969, 56.024888], [-3.58259, 56.051744], [-3.671498, 56.050849], [-3.710032, 56.058092], [-3.745432, 56.072211], [-3.74649, 56.072781], [-3.782216, 56.09219], [-3.803131, 56.107123], [-3.817006, 56.11225], [-3.837473, 56.112616], [-3.837473, 56.106431], [-3.777699, 56.082831], [-3.769154, 56.075141], [-3.760854, 56.072455], [-3.72643, 56.038031], [-3.721425, 56.030707], [-3.712636, 56.028998], [-3.693471, 56.031155], [-3.686635, 56.030707], [-3.679555, 56.025458], [-3.674794, 56.018704], [-3.668284, 56.012763], [-3.656239, 56.010199], [-3.599721, 56.017239], [-3.577382, 56.017035], [-3.405426, 55.989732], [-3.358266, 55.989732], [-3.340891, 55.994452], [-3.331044, 55.994086], [-3.320424, 55.986029], [-3.303456, 55.977607], [-3.121816, 55.969306], [-3.114735, 55.966132], [-3.096832, 55.951972], [-3.090728, 55.948188], [-3.078236, 55.946845], [-3.015696, 55.950507], [-2.939931, 55.969306], [-2.916656, 55.980618], [-2.900054, 55.996161], [-2.882883, 56.00849], [-2.857981, 56.010199], [-2.863637, 56.022284], [-2.866322, 56.02676], [-2.870961, 56.030707], [-2.852773, 56.039781], [-2.82315, 56.05976], [-2.802805, 56.064846], [-2.635121, 56.058051], [-2.615956, 56.053168], [-2.587554, 56.030951], [-2.569407, 56.024482], [-2.578359, 56.008002], [-2.583648, 56.002753], [-2.569569, 55.999945], [-2.544057, 56.002672], [-2.528961, 55.996568], [-2.52481, 56.000556], [-2.514556, 56.005764], [-2.507924, 56.010199], [-2.493276, 56.001532], [-2.452504, 55.985256], [-2.414377, 55.978339], [-2.350942, 55.948188], [-2.307769, 55.935004], [-2.14684, 55.917304], [-2.13801, 55.914618], [-2.132558, 55.90644], [-2.131093, 55.897203], [-2.128774, 55.889797], [-2.120961, 55.886705], [-2.099477, 55.881781], [-2.08019, 55.869371], [-2.022857, 55.805487]]], [[[-5.07079, 55.509345], [-5.093007, 55.500434], [-5.091054, 55.487291], [-5.0808, 55.471666], [-5.078236, 55.455308], [-5.09203, 55.446112], [-5.117787, 55.439765], [-5.163564, 55.434882], [-5.217356, 55.437974], [-5.263092, 55.447211], [-5.304677, 55.462144], [-5.345693, 55.482652], [-5.345693, 55.489447], [-5.346181, 55.496039], [-5.355336, 55.522895], [-5.359364, 55.530463], [-5.359364, 55.537299], [-5.354237, 55.539781], [-5.352284, 55.542304], [-5.350413, 55.545478], [-5.345693, 55.550279], [-5.370432, 55.570258], [-5.389068, 55.590237], [-5.397857, 55.614203], [-5.392893, 55.646552], [-5.379384, 55.668118], [-5.355214, 55.689602], [-5.32433, 55.705024], [-5.290517, 55.708564], [-5.292592, 55.711982], [-5.295155, 55.719428], [-5.297353, 55.722846], [-5.271352, 55.723822], [-5.263173, 55.722846], [-5.198313, 55.704332], [-5.180653, 55.694892], [-5.159983, 55.676215], [-5.145985, 55.654975], [-5.125966, 55.605536], [-5.137441, 55.592027], [-5.094228, 55.566555], [-5.091868, 55.544135], [-5.101674, 55.540717], [-5.116038, 55.540432], [-5.125234, 55.536933], [-5.11974, 55.523627], [-5.111562, 55.519924], [-5.07079, 55.509345]]], [[[-5.029775, 55.749498], [-5.019032, 55.745307], [-5.011342, 55.737698], [-5.009389, 55.729315], [-5.016184, 55.722846], [-5.028798, 55.723334], [-5.038482, 55.731879], [-5.050282, 55.749498], [-5.11559, 55.784369], [-5.125966, 55.801011], [-5.137563, 55.829047], [-5.139638, 55.841986], [-5.174224, 55.855373], [-5.180653, 55.862779], [-5.188588, 55.878119], [-5.200795, 55.895494], [-5.199534, 55.911078], [-5.1669, 55.920844], [-5.135976, 55.905951], [-5.10554, 55.886705], [-5.096506, 55.883531], [-5.087636, 55.882636], [-5.080922, 55.879584], [-5.075185, 55.85692], [-5.068023, 55.852118], [-5.058827, 55.850165], [-5.050282, 55.845771], [-5.038075, 55.832424], [-5.02892, 55.819281], [-5.02184, 55.805609], [-5.011464, 55.774482], [-5.012766, 55.768378], [-5.019195, 55.76317], [-5.029775, 55.749498]]], [[[-6.030385, 55.729071], [-6.032786, 55.717678], [-6.032338, 55.706366], [-6.029286, 55.696234], [-6.023508, 55.688137], [-6.023508, 55.681871], [-6.03539, 55.678453], [-6.045725, 55.674262], [-6.053619, 55.668362], [-6.058258, 55.660142], [-6.064443, 55.667629], [-6.082428, 55.652086], [-6.105458, 55.640204], [-6.131907, 55.631822], [-6.160024, 55.626654], [-6.202545, 55.630561], [-6.215321, 55.626654], [-6.222768, 55.605536], [-6.226959, 55.601752], [-6.236562, 55.595608], [-6.261871, 55.583808], [-6.287343, 55.578437], [-6.311187, 55.583238], [-6.325185, 55.605536], [-6.319244, 55.628241], [-6.297475, 55.642483], [-6.243235, 55.660142], [-6.264801, 55.695502], [-6.277089, 55.704006], [-6.316762, 55.715074], [-6.325185, 55.715399], [-6.320953, 55.733466], [-6.295522, 55.751899], [-6.249989, 55.776842], [-6.271799, 55.783026], [-6.300445, 55.785793], [-6.328725, 55.783149], [-6.349029, 55.773424], [-6.372548, 55.738715], [-6.386586, 55.722317], [-6.418568, 55.709621], [-6.450307, 55.682563], [-6.462961, 55.674465], [-6.490956, 55.67182], [-6.503529, 55.681342], [-6.502431, 55.697659], [-6.489654, 55.715399], [-6.4947, 55.717231], [-6.498606, 55.721137], [-6.503896, 55.722846], [-6.493235, 55.739244], [-6.448638, 55.776842], [-6.482167, 55.790473], [-6.469065, 55.796942], [-6.460805, 55.803209], [-6.456654, 55.812649], [-6.455474, 55.828355], [-6.452789, 55.840888], [-6.445221, 55.848822], [-6.409088, 55.863593], [-6.354482, 55.877427], [-6.342641, 55.884914], [-6.33137, 55.88996], [-6.318349, 55.886705], [-6.325917, 55.880357], [-6.338206, 55.851996], [-6.338206, 55.845771], [-6.330719, 55.827826], [-6.323232, 55.820502], [-6.310902, 55.818427], [-6.310902, 55.825263], [-6.31843, 55.844916], [-6.296986, 55.867174], [-6.264801, 55.885403], [-6.229075, 55.897284], [-6.204254, 55.916571], [-6.191396, 55.920844], [-6.177154, 55.923082], [-6.162221, 55.928453], [-6.149078, 55.935207], [-6.140126, 55.941352], [-6.130116, 55.939399], [-6.123687, 55.935492], [-6.120229, 55.929429], [-6.115956, 55.886786], [-6.102366, 55.831244], [-6.099233, 55.801011], [-6.093088, 55.791693], [-6.079091, 55.78148], [-6.063954, 55.773383], [-6.054555, 55.770006], [-6.049794, 55.766343], [-6.052317, 55.758043], [-6.056874, 55.748847], [-6.058258, 55.742743], [-6.053212, 55.737291], [-6.04662, 55.733547], [-6.030385, 55.729071]]], [[[-6.205719, 56.102729], [-6.198232, 56.106269], [-6.182607, 56.102607], [-6.174306, 56.106431], [-6.177398, 56.110256], [-6.179026, 56.112942], [-6.181793, 56.119452], [-6.164947, 56.120795], [-6.149403, 56.124945], [-6.13801, 56.124701], [-6.133372, 56.112616], [-6.165639, 56.081488], [-6.177154, 56.061469], [-6.174306, 56.043769], [-6.194325, 56.035305], [-6.221669, 56.030829], [-6.249176, 56.031317], [-6.269887, 56.037543], [-6.254303, 56.044623], [-6.246816, 56.056138], [-6.241689, 56.069485], [-6.232655, 56.08161], [-6.211741, 56.096991], [-6.205719, 56.102729]]], [[[-5.797597, 56.112616], [-5.74649, 56.14175], [-5.715932, 56.153144], [-5.694488, 56.147406], [-5.690826, 56.137844], [-5.687978, 56.124091], [-5.68932, 56.111762], [-5.705068, 56.103013], [-5.720123, 56.088121], [-5.740224, 56.076483], [-5.780181, 56.020738], [-5.864491, 55.926744], [-5.886342, 55.886705], [-5.89684, 55.888902], [-5.921539, 55.871283], [-5.93814, 55.866278], [-5.945424, 55.858588], [-5.955393, 55.820054], [-5.962066, 55.804755], [-5.987538, 55.794623], [-6.026601, 55.796088], [-6.062408, 55.809475], [-6.078114, 55.834906], [-6.086903, 55.882961], [-6.08495, 55.900336], [-6.075185, 55.915961], [-6.06017, 55.922919], [-6.043121, 55.927965], [-6.026967, 55.937934], [-5.997426, 55.951728], [-5.919057, 55.960395], [-5.886342, 55.976142], [-5.910024, 55.976508], [-5.946848, 55.970649], [-5.980702, 55.969916], [-5.995595, 55.986029], [-5.983266, 56.008857], [-5.95519, 56.034735], [-5.924428, 56.055976], [-5.903961, 56.064846], [-5.873687, 56.070136], [-5.797597, 56.112616]]], [[[-5.688303, 56.202053], [-5.680898, 56.194566], [-5.673655, 56.178941], [-5.694203, 56.168606], [-5.725209, 56.162828], [-5.749135, 56.161078], [-5.738352, 56.177476], [-5.722239, 56.187079], [-5.688303, 56.202053]]], [[[-5.633127, 56.263495], [-5.627838, 56.259996], [-5.622955, 56.257636], [-5.618031, 56.258124], [-5.61262, 56.263495], [-5.610585, 56.249416], [-5.618153, 56.235053], [-5.628163, 56.220526], [-5.637441, 56.189276], [-5.647572, 56.19538], [-5.666656, 56.22248], [-5.656402, 56.232001], [-5.645334, 56.255927], [-5.633127, 56.263495]]], [[[-5.633127, 56.318752], [-5.620758, 56.324205], [-5.59789, 56.321845], [-5.584625, 56.325588], [-5.590443, 56.313625], [-5.599965, 56.305487], [-5.605336, 56.296942], [-5.598988, 56.283922], [-5.621693, 56.276068], [-5.640289, 56.282782], [-5.646718, 56.298774], [-5.633127, 56.318752]]], [[[-5.557973, 56.414293], [-5.526519, 56.41356], [-5.512359, 56.415432], [-5.502756, 56.421129], [-5.518056, 56.403876], [-5.536204, 56.392239], [-5.557973, 56.386461], [-5.584625, 56.38703], [-5.579823, 56.39643], [-5.573964, 56.402899], [-5.557973, 56.414293]]], [[[-6.160024, 56.46955], [-6.212473, 56.467841], [-6.237457, 56.470038], [-6.263661, 56.483222], [-6.253245, 56.492865], [-6.242055, 56.499579], [-6.229604, 56.503323], [-6.215321, 56.503648], [-6.200754, 56.49494], [-6.170562, 56.481147], [-6.160024, 56.46955]]], [[[-6.818593, 56.537828], [-6.767201, 56.54857], [-6.741851, 56.547838], [-6.729237, 56.530341], [-6.743316, 56.517808], [-6.803822, 56.513617], [-6.805572, 56.496894], [-6.82551, 56.487291], [-6.847727, 56.484809], [-6.869293, 56.479641], [-6.887522, 56.462104], [-6.881581, 56.444281], [-6.902455, 56.443752], [-6.965199, 56.459866], [-6.973988, 56.471503], [-6.979726, 56.487128], [-6.989898, 56.503648], [-6.968129, 56.510484], [-6.900502, 56.516669], [-6.878082, 56.521308], [-6.841135, 56.534735], [-6.818593, 56.537828]]], [[[-5.688303, 56.434801], [-5.679555, 56.427965], [-5.664947, 56.413886], [-5.657623, 56.400092], [-5.670318, 56.393785], [-5.703033, 56.393378], [-5.717437, 56.397366], [-5.715647, 56.408108], [-5.721669, 56.41234], [-5.727895, 56.414293], [-5.73469, 56.414781], [-5.74234, 56.414293], [-5.739084, 56.40119], [-5.751088, 56.38939], [-5.783925, 56.373358], [-5.783925, 56.365912], [-5.767974, 56.372748], [-5.749989, 56.377143], [-5.712229, 56.380194], [-5.695953, 56.375434], [-5.702707, 56.364569], [-5.71996, 56.352769], [-5.808705, 56.318915], [-5.848215, 56.313625], [-5.880116, 56.325588], [-5.873687, 56.328559], [-5.862701, 56.33515], [-5.853505, 56.343695], [-5.852203, 56.352851], [-5.860422, 56.358344], [-5.87267, 56.357733], [-5.897206, 56.352851], [-5.902333, 56.349677], [-5.907786, 56.342597], [-5.914784, 56.335517], [-5.924184, 56.332343], [-5.957875, 56.32807], [-6.037465, 56.305243], [-6.054555, 56.294501], [-6.065989, 56.289211], [-6.078521, 56.291083], [-6.090932, 56.295722], [-6.102366, 56.298245], [-6.112538, 56.29621], [-6.136301, 56.286933], [-6.146962, 56.283922], [-6.239817, 56.283922], [-6.245758, 56.280748], [-6.250356, 56.273749], [-6.256459, 56.266669], [-6.266835, 56.263495], [-6.279286, 56.264106], [-6.300038, 56.268012], [-6.327504, 56.277248], [-6.345611, 56.288316], [-6.360178, 56.303616], [-6.366119, 56.32217], [-6.357004, 56.33633], [-6.335439, 56.34455], [-6.310292, 56.347357], [-6.290395, 56.345404], [-6.274526, 56.334866], [-6.26122, 56.320299], [-6.247222, 56.311672], [-6.228912, 56.318752], [-6.228912, 56.325588], [-6.236806, 56.326606], [-6.241119, 56.328274], [-6.244537, 56.330268], [-6.249989, 56.332343], [-6.23176, 56.3369], [-6.186635, 56.331244], [-6.170888, 56.335761], [-6.15392, 56.344794], [-6.08495, 56.352851], [-6.039906, 56.371039], [-6.020823, 56.382025], [-6.026967, 56.38703], [-6.046946, 56.383979], [-6.105458, 56.365912], [-6.154042, 56.358954], [-6.178944, 56.359931], [-6.198557, 56.369615], [-6.203236, 56.380316], [-6.198842, 56.390326], [-6.189198, 56.397773], [-6.178049, 56.400621], [-6.164784, 56.402533], [-6.157216, 56.407375], [-6.142649, 56.427965], [-6.139638, 56.435248], [-6.135121, 56.442328], [-6.126536, 56.448432], [-6.116933, 56.450385], [-6.081532, 56.448432], [-6.02184, 56.464097], [-6.009836, 56.46955], [-6.004018, 56.479682], [-6.003285, 56.489407], [-6.007476, 56.497626], [-6.016672, 56.503648], [-6.081125, 56.485053], [-6.102366, 56.483222], [-6.109975, 56.480699], [-6.118479, 56.476264], [-6.127431, 56.474351], [-6.13679, 56.479438], [-6.153066, 56.500067], [-6.162099, 56.509223], [-6.174306, 56.516669], [-6.194936, 56.523342], [-6.288482, 56.532294], [-6.307729, 56.537299], [-6.32433, 56.544257], [-6.338206, 56.552069], [-6.290395, 56.571967], [-6.298695, 56.581244], [-6.319203, 56.59398], [-6.325185, 56.606106], [-6.288442, 56.607978], [-6.272125, 56.612209], [-6.256256, 56.620347], [-6.247426, 56.612616], [-6.238637, 56.608588], [-6.230214, 56.608588], [-6.222768, 56.612942], [-6.220286, 56.63227], [-6.190745, 56.644924], [-6.151275, 56.651801], [-6.119049, 56.653876], [-6.105336, 56.648505], [-6.058258, 56.640204], [-6.059926, 56.635688], [-6.062652, 56.624823], [-6.064443, 56.620347], [-6.033518, 56.618842], [-6.008778, 56.5987], [-5.968251, 56.544664], [-5.965199, 56.537665], [-5.965159, 56.531073], [-5.962554, 56.526109], [-5.952138, 56.524156], [-5.852203, 56.524156], [-5.844146, 56.520575], [-5.836903, 56.514635], [-5.829457, 56.51081], [-5.814036, 56.516669], [-5.804189, 56.517768], [-5.794342, 56.516669], [-5.787343, 56.513617], [-5.765207, 56.494208], [-5.756663, 56.490058], [-5.746938, 56.48843], [-5.728424, 56.49018], [-5.721832, 56.490058], [-5.710357, 56.484849], [-5.696767, 56.475653], [-5.685536, 56.464057], [-5.680898, 56.45185], [-5.673451, 56.449693], [-5.658844, 56.451728], [-5.648427, 56.44774], [-5.653554, 56.427965], [-5.661855, 56.431383], [-5.670033, 56.433092], [-5.688303, 56.434801]]], [[[-6.459218, 56.678127], [-6.468739, 56.668158], [-6.482533, 56.647895], [-6.489654, 56.640204], [-6.497222, 56.634345], [-6.504954, 56.630072], [-6.514272, 56.627427], [-6.527252, 56.626532], [-6.564117, 56.5987], [-6.616322, 56.575181], [-6.633046, 56.571967], [-6.657216, 56.577826], [-6.668935, 56.577786], [-6.67398, 56.568549], [-6.677887, 56.558254], [-6.686838, 56.563788], [-6.696278, 56.575995], [-6.701894, 56.585639], [-6.674469, 56.588446], [-6.648101, 56.602851], [-6.602895, 56.643622], [-6.591379, 56.651842], [-6.559234, 56.665269], [-6.535634, 56.670844], [-6.505849, 56.68537], [-6.489654, 56.688666], [-6.46231, 56.69123], [-6.452545, 56.688422], [-6.459218, 56.678127]]], [[[-7.393951, 57.010199], [-7.389068, 57.003607], [-7.386098, 56.995307], [-7.381988, 56.987535], [-7.373525, 56.982856], [-7.402415, 56.983385], [-7.411041, 56.979722], [-7.419179, 56.973334], [-7.427235, 56.968573], [-7.435048, 56.965277], [-7.442372, 56.962958], [-7.436838, 56.953681], [-7.445302, 56.947089], [-7.460805, 56.943183], [-7.476552, 56.941881], [-7.541412, 56.948717], [-7.556752, 56.95307], [-7.556223, 56.962633], [-7.544911, 56.972317], [-7.528066, 56.97663], [-7.51651, 56.981187], [-7.511586, 56.991645], [-7.514027, 57.002916], [-7.524322, 57.010199], [-7.499908, 57.020087], [-7.475697, 57.023017], [-7.457102, 57.031562], [-7.449208, 57.05858], [-7.444692, 57.058539], [-7.441396, 57.057196], [-7.434967, 57.051744], [-7.428131, 57.051337], [-7.422963, 57.050116], [-7.418691, 57.048041], [-7.414418, 57.044908], [-7.428782, 57.027737], [-7.434967, 57.02383], [-7.402821, 57.014635], [-7.393951, 57.010199]]], [[[-6.325185, 57.05858], [-6.272939, 57.040229], [-6.250966, 57.026557], [-6.269887, 57.017564], [-6.269887, 57.010199], [-6.243235, 57.010199], [-6.256744, 56.973782], [-6.276031, 56.953111], [-6.303619, 56.943996], [-6.341868, 56.941881], [-6.359771, 56.947333], [-6.376129, 56.971177], [-6.390289, 56.97663], [-6.405385, 56.980536], [-6.436757, 56.998481], [-6.455474, 57.003974], [-6.395253, 57.041938], [-6.364247, 57.05565], [-6.325185, 57.05858]]], [[[-6.606353, 57.051744], [-6.59081, 57.058987], [-6.556304, 57.070136], [-6.537465, 57.072821], [-6.525868, 57.067125], [-6.501536, 57.063666], [-6.489654, 57.05858], [-6.51594, 57.050686], [-6.548248, 57.047593], [-6.580434, 57.048407], [-6.606353, 57.051744]]], [[[-5.958608, 57.284491], [-5.984853, 57.290432], [-6.007802, 57.303616], [-6.013905, 57.31745], [-5.98998, 57.325507], [-5.955719, 57.321601], [-5.929351, 57.307196], [-5.925445, 57.291693], [-5.958608, 57.284491]]], [[[-7.243764, 57.325507], [-7.232004, 57.318793], [-7.222646, 57.310614], [-7.211822, 57.304877], [-7.195424, 57.305609], [-7.200347, 57.290961], [-7.209706, 57.285468], [-7.221425, 57.282131], [-7.233225, 57.274319], [-7.239166, 57.265286], [-7.249582, 57.244696], [-7.256744, 57.236721], [-7.276112, 57.231757], [-7.353017, 57.242906], [-7.353017, 57.236721], [-7.288808, 57.225898], [-7.271067, 57.216254], [-7.262196, 57.200873], [-7.257721, 57.179755], [-7.259918, 57.159817], [-7.271067, 57.147935], [-7.288442, 57.153998], [-7.307607, 57.155829], [-7.346181, 57.154771], [-7.346181, 57.147935], [-7.32844, 57.146186], [-7.29247, 57.148871], [-7.277252, 57.147935], [-7.259999, 57.140041], [-7.248402, 57.129462], [-7.235951, 57.121161], [-7.215891, 57.120063], [-7.215891, 57.113837], [-7.239125, 57.100531], [-7.321685, 57.109931], [-7.353017, 57.099555], [-7.381988, 57.118354], [-7.390696, 57.129055], [-7.416656, 57.181586], [-7.4204, 57.19774], [-7.414418, 57.209418], [-7.414418, 57.216254], [-7.431467, 57.229438], [-7.442291, 57.234605], [-7.455434, 57.236721], [-7.442738, 57.244778], [-7.434967, 57.251899], [-7.421946, 57.270901], [-7.417307, 57.28144], [-7.414947, 57.290107], [-7.409983, 57.295966], [-7.397084, 57.298163], [-7.389719, 57.311957], [-7.401519, 57.342353], [-7.428131, 57.3876], [-7.408437, 57.395575], [-7.362864, 57.407864], [-7.353017, 57.408026], [-7.26358, 57.373928], [-7.272084, 57.370266], [-7.279124, 57.36994], [-7.298411, 57.373928], [-7.298411, 57.367092], [-7.276357, 57.364732], [-7.244862, 57.348456], [-7.222646, 57.346584], [-7.222646, 57.339789], [-7.250356, 57.331855], [-7.271799, 57.33747], [-7.290151, 57.347398], [-7.331614, 57.360907], [-7.351389, 57.376695], [-7.371083, 57.3876], [-7.393951, 57.380764], [-7.387766, 57.377509], [-7.381093, 57.373033], [-7.375722, 57.368109], [-7.373525, 57.363593], [-7.370473, 57.355129], [-7.363189, 57.353217], [-7.354156, 57.353746], [-7.346181, 57.352769], [-7.322011, 57.346584], [-7.317942, 57.344468], [-7.305287, 57.332343], [-7.290273, 57.328315], [-7.259389, 57.32803], [-7.243764, 57.325507]]], [[[-7.26358, 57.4831], [-7.265289, 57.478746], [-7.265736, 57.478013], [-7.266998, 57.478176], [-7.271067, 57.476264], [-7.262522, 57.472113], [-7.254262, 57.472846], [-7.245758, 57.475165], [-7.236318, 57.476264], [-7.229482, 57.474555], [-7.202138, 57.462633], [-7.208404, 57.456448], [-7.222035, 57.460924], [-7.2447, 57.449652], [-7.26358, 57.448961], [-7.258209, 57.439114], [-7.249664, 57.435248], [-7.22643, 57.435289], [-7.212026, 57.432196], [-7.204091, 57.425442], [-7.205434, 57.418606], [-7.292063, 57.404731], [-7.318267, 57.408026], [-7.396148, 57.433987], [-7.407623, 57.445624], [-7.402699, 57.464342], [-7.389272, 57.479885], [-7.369618, 57.489325], [-7.346181, 57.489936], [-7.334462, 57.485093], [-7.322133, 57.482896], [-7.309804, 57.484117], [-7.298411, 57.489936], [-7.29247, 57.485297], [-7.284495, 57.482856], [-7.274729, 57.482245], [-7.26358, 57.4831]]], [[[-6.064443, 57.346584], [-6.075429, 57.355048], [-6.077138, 57.371772], [-6.069081, 57.436103], [-6.061635, 57.452704], [-6.045522, 57.460639], [-6.016672, 57.462633], [-6.016672, 57.469428], [-6.02359, 57.474189], [-6.029042, 57.479397], [-6.037099, 57.489936], [-6.025868, 57.496243], [-6.015859, 57.496772], [-5.995595, 57.489936], [-5.995595, 57.497463], [-6.009836, 57.511054], [-6.000885, 57.509711], [-5.993316, 57.507025], [-5.987213, 57.502875], [-5.982533, 57.497463], [-5.986724, 57.482245], [-6.003041, 57.452826], [-6.017649, 57.418199], [-6.016672, 57.3876], [-6.008901, 57.380194], [-5.995107, 57.363715], [-5.989491, 57.347317], [-6.006459, 57.339789], [-6.022857, 57.336249], [-6.038686, 57.329779], [-6.054799, 57.326402], [-6.071929, 57.332343], [-6.069244, 57.339545], [-6.067616, 57.342475], [-6.064443, 57.346584]]], [[[-5.968251, 57.51789], [-5.983713, 57.522366], [-5.98998, 57.532945], [-5.987294, 57.546291], [-5.975697, 57.558824], [-5.980092, 57.561469], [-5.980377, 57.562445], [-5.982533, 57.566311], [-5.975697, 57.572333], [-5.968658, 57.576565], [-5.961903, 57.577297], [-5.95519, 57.572496], [-5.968007, 57.533922], [-5.968251, 57.51789]]], [[[-7.129384, 57.652899], [-7.114573, 57.65233], [-7.0926, 57.652086], [-7.074086, 57.646389], [-7.065053, 57.633979], [-7.075429, 57.628363], [-7.092356, 57.611518], [-7.099192, 57.607327], [-7.113108, 57.60871], [-7.123118, 57.615709], [-7.130767, 57.623481], [-7.137318, 57.627143], [-7.148427, 57.62934], [-7.171132, 57.641425], [-7.215891, 57.641425], [-7.215891, 57.633979], [-7.204254, 57.633368], [-7.197255, 57.631252], [-7.196156, 57.627183], [-7.202138, 57.620917], [-7.202138, 57.613471], [-7.173248, 57.614651], [-7.164418, 57.609931], [-7.161204, 57.596381], [-7.154286, 57.587348], [-7.138051, 57.586982], [-7.106028, 57.592963], [-7.1256, 57.571112], [-7.149973, 57.561713], [-7.208404, 57.558824], [-7.215728, 57.557359], [-7.230214, 57.552395], [-7.236318, 57.552069], [-7.243276, 57.556098], [-7.252065, 57.569281], [-7.256744, 57.572496], [-7.269887, 57.570543], [-7.312082, 57.552069], [-7.312082, 57.544582], [-7.240061, 57.544582], [-7.181304, 57.5539], [-7.161204, 57.552069], [-7.144154, 57.548529], [-7.137685, 57.545111], [-7.133901, 57.538398], [-7.137278, 57.532131], [-7.157541, 57.511054], [-7.199208, 57.512681], [-7.219838, 57.51081], [-7.236318, 57.503607], [-7.252512, 57.510321], [-7.287465, 57.508775], [-7.305287, 57.511054], [-7.314687, 57.514594], [-7.318471, 57.517035], [-7.329986, 57.528876], [-7.333485, 57.534329], [-7.338124, 57.53974], [-7.346181, 57.544582], [-7.337554, 57.545071], [-7.318267, 57.552069], [-7.351226, 57.553697], [-7.41161, 57.575141], [-7.442372, 57.579291], [-7.449208, 57.572903], [-7.455922, 57.568427], [-7.46288, 57.566311], [-7.470855, 57.567206], [-7.483266, 57.571479], [-7.49942, 57.575019], [-7.54483, 57.592963], [-7.54483, 57.599799], [-7.522206, 57.608385], [-7.506581, 57.625556], [-7.493031, 57.645413], [-7.476552, 57.661933], [-7.455312, 57.655463], [-7.387115, 57.661933], [-7.387115, 57.655097], [-7.394928, 57.654446], [-7.414418, 57.648261], [-7.396555, 57.635321], [-7.366851, 57.651435], [-7.335357, 57.676093], [-7.312082, 57.688544], [-7.312082, 57.682359], [-7.318186, 57.67886], [-7.322865, 57.67475], [-7.332509, 57.661933], [-7.277903, 57.649563], [-7.256744, 57.648261], [-7.256744, 57.655097], [-7.263417, 57.655992], [-7.277252, 57.661933], [-7.255971, 57.666938], [-7.209055, 57.686021], [-7.181711, 57.688544], [-7.169179, 57.679185], [-7.165395, 57.669867], [-7.171539, 57.661526], [-7.189117, 57.655097], [-7.172841, 57.649563], [-7.142568, 57.658108], [-7.129384, 57.652899]]], [[[-6.564117, 57.346584], [-6.580556, 57.338813], [-6.672475, 57.355943], [-6.695953, 57.364407], [-6.714752, 57.376614], [-6.722401, 57.390937], [-6.731679, 57.416978], [-6.773183, 57.434068], [-6.783844, 57.456448], [-6.722401, 57.456448], [-6.736318, 57.465155], [-6.745229, 57.475898], [-6.747141, 57.487942], [-6.739735, 57.500556], [-6.726308, 57.51142], [-6.715932, 57.514228], [-6.706451, 57.510932], [-6.653554, 57.468695], [-6.647328, 57.45954], [-6.638092, 57.453274], [-6.620025, 57.445502], [-6.606801, 57.443915], [-6.612538, 57.456448], [-6.612538, 57.462633], [-6.608266, 57.464586], [-6.604156, 57.46776], [-6.599477, 57.469428], [-6.616689, 57.480902], [-6.619374, 57.4831], [-6.622222, 57.486396], [-6.631256, 57.493598], [-6.633046, 57.497463], [-6.630605, 57.501776], [-6.621409, 57.503852], [-6.619374, 57.50731], [-6.61144, 57.512193], [-6.593617, 57.510972], [-6.564117, 57.503607], [-6.573964, 57.521715], [-6.599355, 57.537543], [-6.629872, 57.548529], [-6.654775, 57.552069], [-6.641591, 57.561957], [-6.631012, 57.576809], [-6.628896, 57.591132], [-6.640452, 57.599799], [-6.640452, 57.607327], [-6.619781, 57.607164], [-6.605621, 57.599555], [-6.594309, 57.590522], [-6.572255, 57.582506], [-6.56843, 57.574286], [-6.566884, 57.56509], [-6.564117, 57.558824], [-6.554596, 57.552476], [-6.54776, 57.549547], [-6.50121, 57.535549], [-6.490387, 57.53026], [-6.479075, 57.520982], [-6.464915, 57.512519], [-6.45165, 57.513332], [-6.437652, 57.517239], [-6.420766, 57.51789], [-6.443471, 57.488105], [-6.433502, 57.486477], [-6.412099, 57.50137], [-6.400258, 57.520982], [-6.386952, 57.517279], [-6.310902, 57.462633], [-6.310902, 57.469428], [-6.315785, 57.472805], [-6.320953, 57.479315], [-6.325185, 57.4831], [-6.324615, 57.496812], [-6.338531, 57.509467], [-6.372955, 57.531562], [-6.389556, 57.552476], [-6.385854, 57.562649], [-6.372426, 57.572577], [-6.359853, 57.592963], [-6.371938, 57.591864], [-6.383372, 57.592922], [-6.393137, 57.595649], [-6.400258, 57.599799], [-6.395863, 57.613471], [-6.401112, 57.621527], [-6.409535, 57.627346], [-6.41454, 57.633979], [-6.415679, 57.645819], [-6.413442, 57.649237], [-6.406606, 57.650336], [-6.366567, 57.664252], [-6.359853, 57.668118], [-6.351186, 57.680121], [-6.345286, 57.692206], [-6.337961, 57.699164], [-6.325185, 57.69599], [-6.317494, 57.697699], [-6.31428, 57.699164], [-6.310902, 57.702826], [-6.302235, 57.692369], [-6.293324, 57.686021], [-6.269887, 57.675523], [-6.260487, 57.668647], [-6.236073, 57.646186], [-6.232655, 57.641425], [-6.187978, 57.620917], [-6.168853, 57.607611], [-6.158355, 57.597846], [-6.153879, 57.589545], [-6.144683, 57.520006], [-6.135121, 57.490058], [-6.133372, 57.476264], [-6.136057, 57.46133], [-6.14509, 57.438625], [-6.146962, 57.425116], [-6.152496, 57.417548], [-6.178863, 57.403551], [-6.187978, 57.394355], [-6.175852, 57.400824], [-6.15925, 57.407375], [-6.141591, 57.410793], [-6.126536, 57.408026], [-6.117909, 57.397773], [-6.123525, 57.388251], [-6.134104, 57.380032], [-6.140126, 57.373928], [-6.135243, 57.357367], [-6.120758, 57.347073], [-6.105702, 57.339667], [-6.099233, 57.332343], [-6.106597, 57.323472], [-6.140289, 57.312445], [-6.153879, 57.305609], [-6.068186, 57.311835], [-6.0454, 57.308295], [-6.041086, 57.300116], [-6.052887, 57.291002], [-6.078114, 57.284491], [-6.078114, 57.277655], [-6.050852, 57.279242], [-6.028879, 57.285346], [-6.008453, 57.28677], [-5.986236, 57.274319], [-5.976674, 57.270331], [-5.96345, 57.269477], [-5.93814, 57.270901], [-5.923248, 57.266913], [-5.913808, 57.25788], [-5.907135, 57.248481], [-5.900624, 57.242906], [-5.88622, 57.242092], [-5.877309, 57.246812], [-5.871327, 57.253241], [-5.865834, 57.257148], [-5.82433, 57.256171], [-5.795806, 57.271796], [-5.767893, 57.277411], [-5.738515, 57.277289], [-5.721832, 57.264635], [-5.647369, 57.264635], [-5.663889, 57.239814], [-5.663482, 57.233303], [-5.659088, 57.22248], [-5.662953, 57.212714], [-5.670644, 57.204657], [-5.690907, 57.189521], [-5.727284, 57.172797], [-5.74234, 57.168443], [-5.782053, 57.166246], [-5.788971, 57.159491], [-5.790761, 57.137397], [-5.800364, 57.123725], [-5.821441, 57.114447], [-5.842641, 57.107978], [-5.852203, 57.102973], [-5.860097, 57.095364], [-5.918853, 57.050116], [-5.934926, 57.041205], [-5.95344, 57.034125], [-6.006744, 57.028388], [-6.020823, 57.031887], [-6.030385, 57.044908], [-6.027252, 57.062161], [-6.000234, 57.08393], [-6.003041, 57.092719], [-6.003041, 57.099555], [-5.99706, 57.101752], [-5.994211, 57.10456], [-5.98998, 57.113837], [-5.986928, 57.118232], [-5.980092, 57.123114], [-5.961822, 57.142157], [-5.952789, 57.14883], [-5.941558, 57.154771], [-5.845367, 57.181464], [-5.845367, 57.1883], [-5.872955, 57.179999], [-5.900868, 57.175523], [-5.986236, 57.174628], [-5.991689, 57.177191], [-5.993072, 57.183173], [-5.993316, 57.190172], [-5.995595, 57.195746], [-6.019276, 57.217597], [-6.032216, 57.226508], [-6.044016, 57.229926], [-6.039784, 57.219387], [-6.03539, 57.211493], [-6.023508, 57.195746], [-6.034088, 57.181098], [-6.040842, 57.17414], [-6.050852, 57.168443], [-6.044016, 57.161038], [-6.056264, 57.152899], [-6.064605, 57.14175], [-6.073842, 57.131781], [-6.088612, 57.127427], [-6.10143, 57.135199], [-6.107167, 57.153022], [-6.111195, 57.173285], [-6.112904, 57.1883], [-6.120961, 57.193793], [-6.126454, 57.195217], [-6.132069, 57.193183], [-6.140126, 57.1883], [-6.14745, 57.194525], [-6.155588, 57.198879], [-6.164459, 57.201361], [-6.174306, 57.201972], [-6.174306, 57.195746], [-6.15982, 57.187649], [-6.177154, 57.18122], [-6.318349, 57.161038], [-6.318349, 57.168443], [-6.306996, 57.173896], [-6.276723, 57.195746], [-6.276723, 57.201972], [-6.295318, 57.202379], [-6.3131, 57.199897], [-6.329986, 57.195014], [-6.345611, 57.1883], [-6.364735, 57.204535], [-6.379791, 57.22309], [-6.368886, 57.225775], [-6.359486, 57.229438], [-6.351715, 57.234809], [-6.345611, 57.242906], [-6.391428, 57.240546], [-6.408193, 57.243354], [-6.455474, 57.277655], [-6.457997, 57.280992], [-6.462961, 57.290432], [-6.466054, 57.294745], [-6.471181, 57.299018], [-6.475575, 57.301418], [-6.479156, 57.304755], [-6.482167, 57.311835], [-6.436187, 57.329739], [-6.416412, 57.33454], [-6.394032, 57.332343], [-6.376332, 57.323798], [-6.35851, 57.311835], [-6.337636, 57.3015], [-6.310902, 57.298163], [-6.323883, 57.311428], [-6.386586, 57.339789], [-6.399526, 57.348456], [-6.406158, 57.351549], [-6.417633, 57.352769], [-6.428822, 57.351508], [-6.450551, 57.346503], [-6.462961, 57.346584], [-6.448638, 57.352769], [-6.448638, 57.360256], [-6.456614, 57.361151], [-6.475942, 57.367092], [-6.468739, 57.368557], [-6.46581, 57.370022], [-6.462961, 57.373928], [-6.472157, 57.376532], [-6.478871, 57.381903], [-6.480824, 57.390082], [-6.475942, 57.40119], [-6.490834, 57.398993], [-6.51061, 57.385565], [-6.523793, 57.380764], [-6.518707, 57.389553], [-6.517649, 57.398871], [-6.52123, 57.407864], [-6.530629, 57.415473], [-6.53893, 57.40233], [-6.550404, 57.398017], [-6.562123, 57.395453], [-6.571523, 57.3876], [-6.57315, 57.376125], [-6.562123, 57.357856], [-6.564117, 57.346584]]], [[[-7.222646, 57.709662], [-7.180165, 57.734687], [-7.161204, 57.737006], [-7.152008, 57.726304], [-7.170033, 57.715155], [-7.198964, 57.707953], [-7.222646, 57.709662]]], [[[-8.621002, 57.833197], [-8.605295, 57.826402], [-8.569081, 57.823676], [-8.552235, 57.818915], [-8.568959, 57.807563], [-8.590891, 57.804755], [-8.610707, 57.81273], [-8.621002, 57.833197]]], [[[-7.044586, 57.902086], [-7.048085, 57.890815], [-7.055165, 57.884182], [-7.0655, 57.881049], [-7.079335, 57.880316], [-7.077056, 57.888617], [-7.076772, 57.890692], [-7.07787, 57.891181], [-7.079335, 57.89468], [-7.03775, 57.916327], [-7.015533, 57.921942], [-6.997385, 57.915107], [-6.99706, 57.893541], [-7.009185, 57.889594], [-7.044586, 57.902086]]], [[[-6.87328, 58.216783], [-6.862864, 58.216457], [-6.859609, 58.216783], [-6.859609, 58.223049], [-6.872222, 58.226793], [-6.882314, 58.236274], [-6.88622, 58.247626], [-6.880035, 58.257758], [-6.861155, 58.253363], [-6.828928, 58.233791], [-6.818593, 58.23725], [-6.809641, 58.232245], [-6.801991, 58.226142], [-6.795766, 58.218817], [-6.791249, 58.209947], [-6.87328, 58.209947], [-6.87328, 58.216783]]], [[[-6.955149, 57.743842], [-6.9735, 57.733344], [-6.980784, 57.735053], [-7.031646, 57.767401], [-7.041371, 57.770494], [-7.101877, 57.811469], [-7.112782, 57.815863], [-7.117299, 57.823065], [-7.124623, 57.830756], [-7.125071, 57.8369], [-7.109446, 57.839423], [-7.096995, 57.838039], [-7.088612, 57.833401], [-7.083241, 57.8251], [-7.079335, 57.81269], [-6.997385, 57.853705], [-6.984853, 57.864895], [-6.96227, 57.868842], [-6.914174, 57.867906], [-6.962554, 57.887844], [-6.962554, 57.89468], [-6.91161, 57.91059], [-6.881703, 57.914293], [-6.851877, 57.91059], [-6.832265, 57.902086], [-6.841868, 57.90705], [-6.851552, 57.911404], [-6.859609, 57.915229], [-6.862945, 57.918036], [-6.865834, 57.921332], [-6.846995, 57.927924], [-6.839101, 57.928778], [-6.839101, 57.935614], [-6.897084, 57.935614], [-6.910797, 57.93891], [-6.937001, 57.953437], [-6.952056, 57.956732], [-7.009755, 57.955268], [-7.036285, 57.960639], [-7.044586, 57.976549], [-7.057281, 57.970852], [-7.065826, 57.971015], [-7.112782, 57.99022], [-7.096669, 57.997463], [-7.084828, 58.005927], [-7.071767, 58.011908], [-7.05191, 58.011379], [-7.05191, 58.017524], [-7.054921, 58.019761], [-7.055653, 58.020697], [-7.056142, 58.021959], [-7.058217, 58.02497], [-7.027903, 58.027533], [-6.995229, 58.033759], [-6.934641, 58.052314], [-7.028717, 58.038398], [-7.058217, 58.038642], [-7.053619, 58.047797], [-7.045766, 58.052639], [-7.035553, 58.0539], [-7.024037, 58.052314], [-7.024037, 58.058539], [-7.05191, 58.058539], [-7.042795, 58.061835], [-7.035024, 58.066352], [-7.028717, 58.072211], [-7.024037, 58.079576], [-7.067494, 58.06273], [-7.075551, 58.062242], [-7.104888, 58.094794], [-7.112782, 58.100084], [-7.107533, 58.112006], [-7.113189, 58.1164], [-7.121938, 58.118598], [-7.126454, 58.123969], [-7.123402, 58.136664], [-7.112131, 58.145453], [-7.112782, 58.155341], [-7.104156, 58.15705], [-7.100168, 58.15941], [-7.097646, 58.163031], [-7.093007, 58.168402], [-7.10025, 58.170111], [-7.107411, 58.17414], [-7.112782, 58.175849], [-7.112782, 58.182034], [-7.037709, 58.184638], [-7.017201, 58.189439], [-7.043446, 58.19595], [-7.053944, 58.201361], [-7.058217, 58.213365], [-7.05606, 58.225653], [-7.05016, 58.232367], [-7.030873, 58.244696], [-7.016103, 58.238593], [-6.977284, 58.227362], [-6.969472, 58.226752], [-6.962026, 58.23017], [-6.907338, 58.216783], [-6.907338, 58.209947], [-6.937082, 58.211005], [-6.930409, 58.196845], [-6.909657, 58.179755], [-6.897084, 58.172105], [-6.898346, 58.156724], [-6.888051, 58.135891], [-6.872874, 58.116889], [-6.859609, 58.106879], [-6.86144, 58.115871], [-6.861887, 58.121405], [-6.859609, 58.134833], [-6.866607, 58.141181], [-6.881581, 58.158637], [-6.887522, 58.168402], [-6.877512, 58.172187], [-6.873931, 58.179389], [-6.87267, 58.186347], [-6.869496, 58.189439], [-6.825063, 58.19538], [-6.815175, 58.199693], [-6.798451, 58.202379], [-6.772572, 58.195502], [-6.748525, 58.182929], [-6.736684, 58.168402], [-6.709381, 58.189439], [-6.734364, 58.197699], [-6.742909, 58.203111], [-6.746816, 58.209215], [-6.752553, 58.224799], [-6.757192, 58.230414], [-6.763051, 58.231676], [-6.777821, 58.229478], [-6.783844, 58.230414], [-6.785715, 58.232978], [-6.78954, 58.242011], [-6.791249, 58.244696], [-6.802724, 58.25373], [-6.807688, 58.258694], [-6.811838, 58.264594], [-6.806752, 58.266547], [-6.802724, 58.268988], [-6.798004, 58.270982], [-6.791249, 58.271389], [-6.796457, 58.278632], [-6.801178, 58.283352], [-6.807729, 58.285468], [-6.818593, 58.285102], [-6.736969, 58.323635], [-6.715566, 58.339667], [-6.703359, 58.335883], [-6.695953, 58.338446], [-6.689687, 58.343329], [-6.681386, 58.346503], [-6.647328, 58.346503], [-6.620676, 58.350735], [-6.557485, 58.368557], [-6.548492, 58.372789], [-6.523346, 58.390774], [-6.345611, 58.463202], [-6.296295, 58.49726], [-6.267405, 58.51203], [-6.243235, 58.510972], [-6.223053, 58.499213], [-6.205393, 58.481269], [-6.192738, 58.462063], [-6.187978, 58.446112], [-6.169993, 58.429999], [-6.16686, 58.419501], [-6.184926, 58.414781], [-6.192372, 58.409125], [-6.215321, 58.367621], [-6.206899, 58.361151], [-6.195546, 58.356269], [-6.18224, 58.353664], [-6.16747, 58.353949], [-6.16747, 58.346503], [-6.188832, 58.340806], [-6.233713, 58.322821], [-6.249989, 58.312974], [-6.244985, 58.304145], [-6.246409, 58.297553], [-6.253814, 58.293362], [-6.266835, 58.291897], [-6.278676, 58.288723], [-6.288238, 58.274604], [-6.31786, 58.268297], [-6.319936, 58.260932], [-6.316965, 58.252143], [-6.318349, 58.244696], [-6.327463, 58.239732], [-6.33849, 58.237616], [-6.366119, 58.23725], [-6.347727, 58.221137], [-6.310862, 58.215033], [-6.270904, 58.216498], [-6.243235, 58.223049], [-6.194814, 58.250922], [-6.179758, 58.255561], [-6.161122, 58.258979], [-6.150706, 58.258368], [-6.160024, 58.250922], [-6.160024, 58.244696], [-6.153879, 58.244696], [-6.158559, 58.239814], [-6.163319, 58.233588], [-6.16747, 58.230414], [-6.164866, 58.226752], [-6.160024, 58.216783], [-6.186431, 58.209906], [-6.195221, 58.206488], [-6.202138, 58.201972], [-6.211659, 58.192288], [-6.215321, 58.189439], [-6.233551, 58.184272], [-6.247426, 58.185452], [-6.276723, 58.196275], [-6.293568, 58.199368], [-6.338206, 58.196275], [-6.354888, 58.199368], [-6.384674, 58.209703], [-6.400258, 58.209947], [-6.377024, 58.173529], [-6.366119, 58.162095], [-6.374501, 58.15766], [-6.378041, 58.153632], [-6.377268, 58.148627], [-6.372955, 58.141059], [-6.390696, 58.133531], [-6.441233, 58.127387], [-6.474721, 58.105211], [-6.489654, 58.100084], [-6.499094, 58.100409], [-6.514394, 58.106147], [-6.523793, 58.106879], [-6.551096, 58.093248], [-6.603179, 58.085639], [-6.619374, 58.086412], [-6.619374, 58.079576], [-6.581288, 58.079006], [-6.451324, 58.095689], [-6.420644, 58.105658], [-6.407094, 58.106879], [-6.394032, 58.101793], [-6.383901, 58.091783], [-6.37857, 58.079047], [-6.379791, 58.065985], [-6.375722, 58.064276], [-6.366119, 58.058539], [-6.373687, 58.052924], [-6.381907, 58.048896], [-6.390696, 58.046373], [-6.400258, 58.045478], [-6.389475, 58.041205], [-6.377675, 58.038764], [-6.365102, 58.037909], [-6.352447, 58.038642], [-6.370961, 58.027248], [-6.385081, 58.015937], [-6.400868, 58.00731], [-6.424469, 58.003892], [-6.518219, 58.012641], [-6.539296, 58.017279], [-6.544911, 58.017524], [-6.550689, 58.010077], [-6.542226, 58.005683], [-6.520741, 58.0008], [-6.505116, 57.992499], [-6.469635, 57.986884], [-6.455474, 57.976549], [-6.455474, 57.969713], [-6.464996, 57.965644], [-6.481191, 57.949774], [-6.489654, 57.943061], [-6.507558, 57.935981], [-6.520131, 57.936591], [-6.532867, 57.940416], [-6.551096, 57.943061], [-6.551096, 57.935614], [-6.546702, 57.933824], [-6.541982, 57.930854], [-6.537465, 57.928778], [-6.537465, 57.921332], [-6.559804, 57.915229], [-6.57844, 57.917222], [-6.593861, 57.924872], [-6.606353, 57.935614], [-6.61498, 57.949164], [-6.620473, 57.954535], [-6.629872, 57.956732], [-6.634999, 57.951606], [-6.629628, 57.940253], [-6.620025, 57.928168], [-6.612538, 57.921332], [-6.619374, 57.915107], [-6.651194, 57.923814], [-6.660959, 57.928778], [-6.666168, 57.933905], [-6.672434, 57.946194], [-6.699818, 57.976223], [-6.707753, 57.989569], [-6.709381, 58.003892], [-6.694651, 58.030097], [-6.665842, 58.044664], [-6.629465, 58.05093], [-6.59203, 58.052314], [-6.59203, 58.058539], [-6.688303, 58.058539], [-6.688303, 58.052314], [-6.692698, 58.040961], [-6.716054, 58.02497], [-6.744496, 58.010484], [-6.764027, 58.003892], [-6.750885, 57.992987], [-6.730092, 57.962958], [-6.718984, 57.956732], [-6.704742, 57.953192], [-6.693227, 57.945054], [-6.68342, 57.935736], [-6.67398, 57.928778], [-6.679351, 57.926825], [-6.683461, 57.924221], [-6.688466, 57.922065], [-6.695668, 57.921332], [-6.688954, 57.914944], [-6.680328, 57.912055], [-6.672353, 57.91059], [-6.667795, 57.908271], [-6.665151, 57.901557], [-6.660959, 57.880316], [-6.742909, 57.891262], [-6.777659, 57.902086], [-6.787017, 57.89883], [-6.792388, 57.893744], [-6.797353, 57.887397], [-6.805572, 57.880316], [-6.79426, 57.876207], [-6.772857, 57.871243], [-6.764027, 57.867906], [-6.740712, 57.845038], [-6.736684, 57.839423], [-6.741933, 57.831488], [-6.755605, 57.826483], [-6.773508, 57.824612], [-6.791249, 57.825751], [-6.791249, 57.818915], [-6.783844, 57.818915], [-6.783844, 57.81269], [-6.806142, 57.814643], [-6.852691, 57.833197], [-6.859609, 57.825751], [-6.854156, 57.823432], [-6.845855, 57.816392], [-6.839101, 57.81269], [-6.850168, 57.802924], [-6.861155, 57.796332], [-6.887522, 57.784817], [-6.882721, 57.782864], [-6.877838, 57.779853], [-6.87328, 57.777981], [-6.893951, 57.766547], [-6.955149, 57.743842]]], [[[-2.952952, 58.839993], [-2.906972, 58.83808], [-2.883656, 58.83218], [-2.885365, 58.820054], [-2.913564, 58.810492], [-2.919423, 58.806464], [-2.921132, 58.797512], [-2.915761, 58.790676], [-2.913971, 58.784857], [-2.92634, 58.77912], [-2.915395, 58.762152], [-2.911041, 58.748684], [-2.917836, 58.738349], [-2.939931, 58.730699], [-2.987782, 58.757392], [-2.987782, 58.764838], [-2.974355, 58.77204], [-2.984853, 58.787095], [-3.015696, 58.812649], [-3.003896, 58.808173], [-2.991322, 58.806627], [-2.978871, 58.808173], [-2.967193, 58.812649], [-2.967193, 58.820054], [-3.035553, 58.820054], [-3.035553, 58.826321], [-2.996978, 58.835273], [-2.952952, 58.839993]]], [[[-3.248402, 58.792182], [-3.218495, 58.79328], [-3.160146, 58.80801], [-3.131703, 58.806464], [-3.156321, 58.78677], [-3.205922, 58.779039], [-3.299306, 58.77912], [-3.30427, 58.78384], [-3.323476, 58.809516], [-3.327789, 58.818305], [-3.337636, 58.82392], [-3.349192, 58.828437], [-3.358266, 58.833157], [-3.378774, 58.853583], [-3.379872, 58.85928], [-3.375966, 58.863593], [-3.373525, 58.867987], [-3.378774, 58.874091], [-3.385732, 58.875393], [-3.397613, 58.869534], [-3.402333, 58.870673], [-3.411977, 58.874986], [-3.42219, 58.87401], [-3.430165, 58.874823], [-3.433339, 58.884955], [-3.418446, 58.904486], [-3.416331, 58.908271], [-3.393219, 58.920233], [-3.349355, 58.928534], [-3.337148, 58.928697], [-3.321848, 58.923651], [-3.287587, 58.905951], [-3.265452, 58.902045], [-3.246083, 58.896186], [-3.193186, 58.853583], [-3.207387, 58.847398], [-3.207387, 58.839993], [-3.195546, 58.839423], [-3.187245, 58.836493], [-3.172719, 58.826321], [-3.172719, 58.820054], [-3.191803, 58.818671], [-3.215484, 58.814276], [-3.236684, 58.805732], [-3.248402, 58.792182]]], [[[-2.727651, 58.970893], [-2.713612, 58.966864], [-2.707631, 58.95897], [-2.706207, 58.947455], [-2.706532, 58.93244], [-2.714752, 58.925482], [-2.733754, 58.920152], [-2.771962, 58.915717], [-2.785024, 58.910712], [-2.808013, 58.888007], [-2.823842, 58.881537], [-2.839345, 58.882636], [-2.915028, 58.899115], [-2.926829, 58.904853], [-2.937245, 58.913235], [-2.973622, 58.953803], [-2.981191, 58.96011], [-2.993764, 58.958808], [-3.007802, 58.949042], [-3.023834, 58.940497], [-3.042388, 58.94302], [-3.052561, 58.938788], [-3.061757, 58.939399], [-3.071685, 58.94184], [-3.084543, 58.94302], [-3.070302, 58.928697], [-3.101226, 58.930121], [-3.113189, 58.926663], [-3.118031, 58.915717], [-3.142649, 58.92121], [-3.202789, 58.91592], [-3.227895, 58.928697], [-3.238515, 58.950914], [-3.235341, 58.972561], [-3.223297, 58.99136], [-3.207387, 59.005072], [-3.207387, 59.011298], [-3.214752, 59.017483], [-3.220448, 59.024115], [-3.22468, 59.031195], [-3.227895, 59.03856], [-3.238759, 59.035142], [-3.245839, 59.030504], [-3.247222, 59.024848], [-3.240956, 59.018134], [-3.240956, 59.011298], [-3.250396, 59.014472], [-3.259185, 59.015815], [-3.267486, 59.014716], [-3.275787, 59.011298], [-3.266591, 59.007148], [-3.263051, 59.000922], [-3.264068, 58.993069], [-3.262074, 58.9914], [-3.256988, 58.978339], [-3.26537, 58.969184], [-3.289418, 58.956692], [-3.289418, 58.950385], [-3.323232, 58.95718], [-3.353261, 58.982815], [-3.366689, 59.016099], [-3.350819, 59.046047], [-3.343984, 59.052802], [-3.350209, 59.097968], [-3.323801, 59.127427], [-3.279286, 59.143541], [-3.231068, 59.148424], [-3.182729, 59.147162], [-3.156158, 59.142239], [-3.121571, 59.123969], [-3.108306, 59.124213], [-3.095937, 59.127346], [-3.084543, 59.127997], [-3.074208, 59.123765], [-3.058461, 59.111762], [-3.049184, 59.1081], [-3.063547, 59.101996], [-3.070302, 59.101264], [-3.051422, 59.090155], [-2.994496, 59.07331], [-3.001861, 59.071763], [-3.004994, 59.070258], [-3.008168, 59.066555], [-3.003774, 59.064439], [-2.999013, 59.06151], [-2.994496, 59.059719], [-3.0537, 59.047268], [-3.062815, 59.049465], [-3.071197, 59.033433], [-3.090932, 59.018744], [-3.113922, 59.008205], [-3.131703, 59.005072], [-3.116689, 58.998196], [-3.09732, 58.994045], [-3.059722, 58.9914], [-3.044586, 58.997992], [-3.029205, 59.010321], [-3.011952, 59.017401], [-2.974436, 58.999091], [-2.960357, 59.001166], [-2.947133, 59.007554], [-2.933095, 59.011298], [-2.917307, 59.006171], [-2.906565, 58.996568], [-2.895375, 58.991034], [-2.878407, 58.998236], [-2.880523, 58.993598], [-2.883453, 58.98192], [-2.885365, 58.977118], [-2.864735, 58.97484], [-2.847646, 58.980292], [-2.831166, 58.987698], [-2.812978, 58.9914], [-2.790151, 58.992255], [-2.780629, 58.990302], [-2.77538, 58.983954], [-2.78189, 58.973944], [-2.822499, 58.958564], [-2.837554, 58.950385], [-2.826243, 58.937405], [-2.81192, 58.929145], [-2.794789, 58.926093], [-2.77538, 58.928697], [-2.789418, 58.949897], [-2.795969, 58.956692], [-2.777577, 58.957506], [-2.744049, 58.969184], [-2.727651, 58.970893]]], [[[-2.541982, 59.120551], [-2.548451, 59.109036], [-2.542388, 59.102973], [-2.51476, 59.093817], [-2.532623, 59.083564], [-2.576039, 59.080064], [-2.59732, 59.07331], [-2.599477, 59.095893], [-2.614369, 59.107245], [-2.634429, 59.108629], [-2.651845, 59.101264], [-2.649159, 59.085517], [-2.670725, 59.081529], [-2.686106, 59.089179], [-2.665517, 59.1081], [-2.650502, 59.111762], [-2.634836, 59.112738], [-2.622426, 59.116441], [-2.617787, 59.127997], [-2.624257, 59.133857], [-2.655181, 59.151272], [-2.665517, 59.155219], [-2.62564, 59.162421], [-2.611562, 59.161444], [-2.611562, 59.155219], [-2.614858, 59.152167], [-2.617787, 59.148424], [-2.590077, 59.148871], [-2.577952, 59.147203], [-2.569407, 59.142239], [-2.582346, 59.143988], [-2.592885, 59.138577], [-2.595204, 59.129543], [-2.583648, 59.120551], [-2.571604, 59.118842], [-2.558705, 59.120836], [-2.535268, 59.127997], [-2.534739, 59.12287], [-2.536488, 59.121568], [-2.539296, 59.121731], [-2.541982, 59.120551]]], [[[-3.004791, 59.127997], [-3.036448, 59.129096], [-3.065582, 59.133612], [-3.091786, 59.142808], [-3.114654, 59.158352], [-3.120432, 59.176581], [-3.102406, 59.190253], [-3.074208, 59.197496], [-3.049184, 59.196845], [-3.048085, 59.194892], [-3.046295, 59.190863], [-3.042551, 59.186347], [-3.035553, 59.183173], [-3.029124, 59.182359], [-3.02184, 59.182318], [-2.980824, 59.187445], [-2.967885, 59.187445], [-2.952952, 59.183173], [-2.952463, 59.178168], [-2.953847, 59.176744], [-2.956776, 59.176703], [-2.960357, 59.175767], [-2.977162, 59.163398], [-2.974029, 59.147528], [-2.97525, 59.133775], [-3.004791, 59.127997]]], [[[-2.830068, 59.196845], [-2.817291, 59.19123], [-2.807118, 59.191799], [-2.797271, 59.195014], [-2.785959, 59.196845], [-2.784901, 59.200344], [-2.790273, 59.217597], [-2.789133, 59.224189], [-2.7919, 59.236965], [-2.787913, 59.247219], [-2.777455, 59.252916], [-2.761098, 59.252102], [-2.761098, 59.244615], [-2.768625, 59.244615], [-2.768625, 59.23786], [-2.755442, 59.239407], [-2.743642, 59.238105], [-2.734202, 59.233344], [-2.727651, 59.224189], [-2.734202, 59.215522], [-2.756337, 59.198065], [-2.761098, 59.193101], [-2.761098, 59.177314], [-2.758941, 59.164211], [-2.751088, 59.156073], [-2.734486, 59.155219], [-2.734486, 59.148424], [-2.764027, 59.142646], [-2.781361, 59.141425], [-2.789133, 59.145331], [-2.792551, 59.158637], [-2.801625, 59.168158], [-2.814768, 59.173896], [-2.830068, 59.175767], [-2.830068, 59.196845]]], [[[-2.446401, 59.293036], [-2.424957, 59.310452], [-2.411041, 59.318996], [-2.404897, 59.316352], [-2.395497, 59.295071], [-2.392486, 59.285468], [-2.439809, 59.284166], [-2.458974, 59.27912], [-2.466949, 59.268215], [-2.477854, 59.262763], [-2.497385, 59.239203], [-2.504506, 59.233385], [-2.51476, 59.230414], [-2.516265, 59.252143], [-2.533111, 59.251166], [-2.576812, 59.224189], [-2.571767, 59.234565], [-2.569407, 59.23786], [-2.569407, 59.244615], [-2.588612, 59.238674], [-2.596791, 59.239163], [-2.604156, 59.244615], [-2.641225, 59.217963], [-2.661855, 59.207099], [-2.67927, 59.209906], [-2.681874, 59.196357], [-2.687652, 59.190172], [-2.692616, 59.192288], [-2.692942, 59.203681], [-2.687978, 59.217963], [-2.68102, 59.223131], [-2.671539, 59.225328], [-2.658803, 59.230414], [-2.649729, 59.236965], [-2.633168, 59.252265], [-2.624623, 59.258287], [-2.61262, 59.261542], [-2.602773, 59.26142], [-2.59557, 59.264838], [-2.591135, 59.278754], [-2.596669, 59.281806], [-2.611562, 59.293036], [-2.587717, 59.293158], [-2.547231, 59.305732], [-2.522125, 59.306708], [-2.522125, 59.299262], [-2.536977, 59.294379], [-2.551829, 59.287421], [-2.576812, 59.271308], [-2.569325, 59.270168], [-2.566274, 59.268785], [-2.563222, 59.265082], [-2.551625, 59.270819], [-2.518788, 59.274319], [-2.492421, 59.289374], [-2.477203, 59.290758], [-2.461171, 59.290676], [-2.446401, 59.293036]]], [[[-3.049184, 59.31977], [-3.058705, 59.322984], [-3.067006, 59.322699], [-3.073354, 59.32453], [-3.077056, 59.334052], [-3.056264, 59.334296], [-3.024322, 59.33039], [-3.008168, 59.334052], [-2.980336, 59.355048], [-2.965199, 59.360907], [-2.946685, 59.353909], [-2.94636, 59.349555], [-2.947662, 59.348538], [-2.950185, 59.348619], [-2.952952, 59.347724], [-2.963938, 59.340237], [-2.964508, 59.335354], [-2.960357, 59.326565], [-2.980946, 59.325914], [-2.987782, 59.326565], [-2.987782, 59.31977], [-2.909535, 59.307034], [-2.895497, 59.302965], [-2.876536, 59.276923], [-2.870961, 59.271308], [-2.859609, 59.267524], [-2.848866, 59.266791], [-2.839019, 59.265082], [-2.830068, 59.258287], [-2.830068, 59.252102], [-2.850087, 59.252143], [-2.862172, 59.247219], [-2.885365, 59.230414], [-2.884023, 59.239244], [-2.882232, 59.246039], [-2.878407, 59.251939], [-2.870961, 59.258287], [-2.920318, 59.283149], [-2.947418, 59.291205], [-2.97468, 59.293036], [-2.97468, 59.28559], [-2.969797, 59.281928], [-2.960357, 59.271308], [-2.97468, 59.278754], [-2.982411, 59.269924], [-2.989654, 59.267076], [-2.997792, 59.268134], [-3.008168, 59.271308], [-3.015126, 59.274888], [-3.020253, 59.280341], [-3.034657, 59.301215], [-3.036692, 59.306708], [-3.039947, 59.311998], [-3.049184, 59.31977]]], [[[-1.651275, 59.528957], [-1.643666, 59.54564], [-1.625234, 59.555813], [-1.602854, 59.560248], [-1.583119, 59.559963], [-1.582387, 59.555121], [-1.583852, 59.553697], [-1.586415, 59.553616], [-1.589345, 59.552476], [-1.603668, 59.55093], [-1.608144, 59.547349], [-1.610422, 59.539496], [-1.59675, 59.539496], [-1.59675, 59.53205], [-1.613393, 59.526597], [-1.631256, 59.516995], [-1.645497, 59.514106], [-1.651275, 59.528957]]], [[[-0.784576, 60.615139], [-0.769154, 60.613186], [-0.758372, 60.607571], [-0.754791, 60.598944], [-0.760732, 60.587836], [-0.785227, 60.576321], [-0.81314, 60.580471], [-0.842152, 60.588324], [-0.870473, 60.587836], [-0.870473, 60.58039], [-0.864898, 60.577216], [-0.861928, 60.574205], [-0.859609, 60.571031], [-0.856191, 60.567328], [-0.883534, 60.570543], [-0.905344, 60.586859], [-0.938832, 60.621324], [-0.938832, 60.62873], [-0.822133, 60.62873], [-0.811513, 60.625881], [-0.810048, 60.61933], [-0.811269, 60.612291], [-0.809071, 60.608303], [-0.800282, 60.607978], [-0.793528, 60.6105], [-0.788319, 60.613593], [-0.784576, 60.615139]]], [[[-1.097035, 60.41649], [-1.088002, 60.43301], [-1.072743, 60.444525], [-1.053944, 60.450507], [-1.034413, 60.450629], [-1.048695, 60.433336], [-1.119252, 60.391303], [-1.125071, 60.383734], [-1.123769, 60.375556], [-1.117543, 60.373928], [-1.110015, 60.37873], [-1.100209, 60.388577], [-1.094472, 60.391506], [-1.081451, 60.396226], [-1.068267, 60.396308], [-1.062327, 60.385443], [-1.062896, 60.379869], [-1.065419, 60.369574], [-1.070424, 60.359524], [-1.079172, 60.355048], [-1.157216, 60.350775], [-1.172231, 60.347602], [-1.151601, 60.337307], [-1.101226, 60.331122], [-1.075307, 60.32095], [-1.123118, 60.296332], [-1.134348, 60.292955], [-1.137929, 60.290717], [-1.13858, 60.28559], [-1.137115, 60.279771], [-1.134348, 60.27558], [-1.129506, 60.273993], [-1.122222, 60.279242], [-1.117014, 60.278713], [-1.109364, 60.27619], [-1.095855, 60.275092], [-1.089752, 60.272528], [-1.129709, 60.252834], [-1.147857, 60.248847], [-1.164703, 60.25141], [-1.174672, 60.264635], [-1.182932, 60.271918], [-1.192616, 60.272528], [-1.199127, 60.266913], [-1.19811, 60.260565], [-1.192535, 60.25495], [-1.18517, 60.25141], [-1.18517, 60.245185], [-1.194936, 60.245347], [-1.203277, 60.243842], [-1.21939, 60.238349], [-1.21939, 60.232164], [-1.179026, 60.232164], [-1.185536, 60.225409], [-1.190907, 60.218451], [-1.199452, 60.20425], [-1.18102, 60.217841], [-1.171132, 60.222561], [-1.157867, 60.224677], [-1.187245, 60.19123], [-1.192616, 60.176337], [-1.176503, 60.187893], [-1.155141, 60.192572], [-1.143951, 60.187567], [-1.157867, 60.170111], [-1.123769, 60.155829], [-1.123769, 60.149604], [-1.151723, 60.149604], [-1.151723, 60.142157], [-1.144276, 60.142157], [-1.144276, 60.135321], [-1.160878, 60.141181], [-1.170969, 60.136217], [-1.181549, 60.129299], [-1.199452, 60.129096], [-1.18517, 60.121649], [-1.189849, 60.113349], [-1.195139, 60.10871], [-1.202545, 60.10692], [-1.213206, 60.107367], [-1.213206, 60.101223], [-1.205312, 60.100165], [-1.18517, 60.094387], [-1.20226, 60.083075], [-1.19286, 60.06981], [-1.174428, 60.060289], [-1.164703, 60.060248], [-1.170074, 60.045966], [-1.18517, 60.038275], [-1.203725, 60.036526], [-1.21939, 60.03974], [-1.215077, 60.02619], [-1.192616, 59.997504], [-1.201243, 59.986396], [-1.21581, 59.986884], [-1.247304, 59.997504], [-1.242991, 59.976874], [-1.245229, 59.955756], [-1.25357, 59.936957], [-1.26773, 59.923041], [-1.27184, 59.927802], [-1.274566, 59.929877], [-1.266591, 59.918199], [-1.263417, 59.907172], [-1.26594, 59.895575], [-1.274566, 59.882066], [-1.263743, 59.874905], [-1.260976, 59.8664], [-1.265004, 59.858832], [-1.274566, 59.854193], [-1.278432, 59.859117], [-1.295033, 59.874661], [-1.302887, 59.864325], [-1.311106, 59.865546], [-1.312856, 59.873114], [-1.301422, 59.882066], [-1.301422, 59.888902], [-1.316477, 59.895982], [-1.34789, 59.891995], [-1.364003, 59.896308], [-1.375966, 59.908637], [-1.358022, 59.921576], [-1.364003, 59.937323], [-1.355702, 59.945461], [-1.345855, 59.950385], [-1.334788, 59.952135], [-1.322987, 59.950995], [-1.322987, 59.95661], [-1.341054, 59.96776], [-1.349721, 59.970893], [-1.349721, 59.977688], [-1.322987, 59.977688], [-1.328725, 59.99551], [-1.318023, 60.011135], [-1.302887, 60.028022], [-1.287709, 60.075629], [-1.273061, 60.095201], [-1.262603, 60.115058], [-1.26773, 60.142157], [-1.273061, 60.146186], [-1.278961, 60.145087], [-1.284535, 60.145941], [-1.288889, 60.155829], [-1.288157, 60.159613], [-1.285268, 60.164618], [-1.269358, 60.185452], [-1.27953, 60.185126], [-1.294057, 60.179674], [-1.298166, 60.176337], [-1.309193, 60.177069], [-1.312408, 60.18065], [-1.309316, 60.189032], [-1.294667, 60.215399], [-1.286773, 60.225287], [-1.277699, 60.233222], [-1.26773, 60.238349], [-1.26773, 60.245185], [-1.286936, 60.246283], [-1.301584, 60.235785], [-1.329254, 60.20425], [-1.343007, 60.227484], [-1.357655, 60.24433], [-1.37857, 60.254788], [-1.411122, 60.258857], [-1.411122, 60.25141], [-1.391835, 60.246527], [-1.376088, 60.237942], [-1.362457, 60.225979], [-1.349721, 60.211086], [-1.356557, 60.196763], [-1.376088, 60.207099], [-1.385325, 60.210598], [-1.398101, 60.211086], [-1.397572, 60.192694], [-1.404612, 60.179511], [-1.413645, 60.176988], [-1.418691, 60.190619], [-1.430776, 60.184882], [-1.434926, 60.174465], [-1.437734, 60.163398], [-1.445953, 60.155829], [-1.455434, 60.156195], [-1.494293, 60.170111], [-1.496409, 60.172187], [-1.517934, 60.184516], [-1.520985, 60.183743], [-1.527252, 60.192939], [-1.526723, 60.197577], [-1.520985, 60.20425], [-1.509511, 60.209947], [-1.4794, 60.214016], [-1.46642, 60.217231], [-1.479237, 60.222235], [-1.503651, 60.243354], [-1.507965, 60.235297], [-1.513336, 60.221666], [-1.525054, 60.212348], [-1.536773, 60.210924], [-1.542144, 60.220933], [-1.548248, 60.229722], [-1.562652, 60.227444], [-1.593007, 60.217231], [-1.615142, 60.215725], [-1.624664, 60.217231], [-1.630238, 60.220893], [-1.631174, 60.225898], [-1.632802, 60.230292], [-1.640859, 60.232164], [-1.661285, 60.233873], [-1.669749, 60.239569], [-1.679351, 60.265692], [-1.690175, 60.285142], [-1.686391, 60.29092], [-1.671864, 60.299791], [-1.657379, 60.30622], [-1.638743, 60.311469], [-1.619374, 60.314358], [-1.602935, 60.313463], [-1.588287, 60.307034], [-1.577219, 60.298733], [-1.565297, 60.29267], [-1.548411, 60.292955], [-1.555816, 60.306627], [-1.520985, 60.299791], [-1.520985, 60.306627], [-1.528432, 60.306627], [-1.528432, 60.313463], [-1.481435, 60.316474], [-1.4676, 60.308539], [-1.46642, 60.278713], [-1.461415, 60.279731], [-1.450185, 60.283759], [-1.445953, 60.2862], [-1.450917, 60.291734], [-1.456451, 60.302314], [-1.459584, 60.306627], [-1.439036, 60.306627], [-1.441803, 60.310696], [-1.445953, 60.32095], [-1.42276, 60.326117], [-1.396352, 60.321845], [-1.374257, 60.308417], [-1.364003, 60.2862], [-1.350006, 60.297756], [-1.33609, 60.306627], [-1.364003, 60.32095], [-1.343495, 60.347602], [-1.336578, 60.343451], [-1.330312, 60.342027], [-1.315541, 60.341376], [-1.328114, 60.352688], [-1.31017, 60.355862], [-1.260365, 60.355048], [-1.284291, 60.363511], [-1.313832, 60.366848], [-1.337554, 60.374457], [-1.343495, 60.395982], [-1.362538, 60.384711], [-1.373402, 60.38109], [-1.384429, 60.382392], [-1.395009, 60.38996], [-1.39859, 60.399604], [-1.395253, 60.409166], [-1.384429, 60.41649], [-1.384429, 60.423326], [-1.415639, 60.423163], [-1.429107, 60.425238], [-1.439036, 60.430813], [-1.436269, 60.443183], [-1.4381, 60.460517], [-1.445953, 60.492255], [-1.459381, 60.472805], [-1.469838, 60.462226], [-1.480092, 60.457465], [-1.495595, 60.460883], [-1.499094, 60.469062], [-1.493072, 60.478461], [-1.480092, 60.485419], [-1.500234, 60.485175], [-1.516754, 60.482611], [-1.532094, 60.4831], [-1.548411, 60.492255], [-1.557485, 60.480658], [-1.572011, 60.476752], [-1.606679, 60.477973], [-1.609364, 60.483344], [-1.604156, 60.495022], [-1.595123, 60.506781], [-1.586171, 60.512112], [-1.561513, 60.510688], [-1.555816, 60.512112], [-1.550689, 60.519029], [-1.550201, 60.526353], [-1.550689, 60.533393], [-1.548411, 60.539374], [-1.538726, 60.548977], [-1.526967, 60.55683], [-1.513987, 60.557807], [-1.500559, 60.54682], [-1.488189, 60.525824], [-1.455068, 60.508857], [-1.41747, 60.502183], [-1.384429, 60.512112], [-1.395741, 60.516669], [-1.410715, 60.518622], [-1.435943, 60.518948], [-1.443186, 60.522528], [-1.451975, 60.530178], [-1.463857, 60.537421], [-1.480092, 60.539374], [-1.471588, 60.546454], [-1.457997, 60.56387], [-1.452789, 60.567328], [-1.44164, 60.568793], [-1.411122, 60.58039], [-1.421457, 60.586168], [-1.425364, 60.587836], [-1.416493, 60.595038], [-1.414052, 60.599921], [-1.415639, 60.603827], [-1.418691, 60.608303], [-1.394154, 60.614325], [-1.366851, 60.61225], [-1.339752, 60.604641], [-1.315541, 60.594062], [-1.312489, 60.598293], [-1.308705, 60.601467], [-1.326161, 60.611151], [-1.323964, 60.621324], [-1.301422, 60.643052], [-1.291412, 60.623114], [-1.290679, 60.615139], [-1.295033, 60.608303], [-1.292104, 60.599595], [-1.293528, 60.593248], [-1.299143, 60.58926], [-1.308705, 60.587836], [-1.301422, 60.564846], [-1.309438, 60.554104], [-1.323964, 60.546454], [-1.33609, 60.533189], [-1.315541, 60.533189], [-1.320302, 60.528266], [-1.324818, 60.526557], [-1.33609, 60.525784], [-1.330556, 60.523871], [-1.327301, 60.521674], [-1.323354, 60.519843], [-1.315541, 60.518948], [-1.33609, 60.485419], [-1.326527, 60.486396], [-1.317494, 60.488918], [-1.309153, 60.492906], [-1.301422, 60.49844], [-1.295033, 60.492255], [-1.309153, 60.477037], [-1.31192, 60.470893], [-1.308705, 60.464911], [-1.308705, 60.457465], [-1.327952, 60.453192], [-1.351796, 60.418362], [-1.370229, 60.409654], [-1.370229, 60.402167], [-1.357493, 60.401435], [-1.345041, 60.40233], [-1.333363, 60.405015], [-1.322987, 60.409654], [-1.32433, 60.42772], [-1.296986, 60.437974], [-1.233632, 60.443793], [-1.280995, 60.461859], [-1.295033, 60.471137], [-1.284739, 60.478705], [-1.271962, 60.48428], [-1.261952, 60.481594], [-1.260365, 60.464911], [-1.25121, 60.470852], [-1.230784, 60.488715], [-1.226877, 60.495307], [-1.217519, 60.497992], [-1.19929, 60.492377], [-1.186269, 60.482245], [-1.192616, 60.471137], [-1.180165, 60.468207], [-1.169911, 60.463121], [-1.162343, 60.455268], [-1.157867, 60.443793], [-1.163075, 60.439276], [-1.164703, 60.436957], [-1.151723, 60.430813], [-1.163971, 60.425482], [-1.185902, 60.431586], [-1.196034, 60.427069], [-1.204335, 60.420152], [-1.214019, 60.414984], [-1.224192, 60.411444], [-1.220774, 60.409125], [-1.208648, 60.410712], [-1.18517, 60.41649], [-1.189117, 60.414008], [-1.199452, 60.409654], [-1.199452, 60.402167], [-1.165435, 60.412055], [-1.153676, 60.407904], [-1.151723, 60.388577], [-1.144276, 60.388577], [-1.140289, 60.398871], [-1.136952, 60.399482], [-1.132151, 60.398017], [-1.123769, 60.402167], [-1.11974, 60.408149], [-1.116689, 60.415676], [-1.11205, 60.423651], [-1.103424, 60.430813], [-1.099965, 60.427476], [-1.098378, 60.424221], [-1.097035, 60.41649]]], [[[-0.987172, 60.697699], [-0.997955, 60.685614], [-0.99706, 60.676093], [-0.979726, 60.656684], [-0.985707, 60.645901], [-0.993479, 60.635647], [-1.025868, 60.654486], [-1.042592, 60.661566], [-1.062327, 60.662909], [-1.050526, 60.655585], [-1.036773, 60.64289], [-1.013905, 60.615139], [-1.027089, 60.610093], [-1.041005, 60.607978], [-1.055287, 60.609442], [-1.069163, 60.615139], [-1.06428, 60.604071], [-1.052073, 60.597642], [-1.036366, 60.594713], [-1.020741, 60.594062], [-1.022694, 60.590725], [-1.022939, 60.58983], [-1.028188, 60.587836], [-1.011057, 60.577704], [-1.010732, 60.565497], [-1.022532, 60.55565], [-1.04186, 60.553046], [-1.026967, 60.535834], [-1.02245, 60.527248], [-1.020741, 60.51553], [-1.023793, 60.502997], [-1.031728, 60.500678], [-1.055491, 60.505845], [-1.080068, 60.505194], [-1.09203, 60.507717], [-1.097035, 60.51553], [-1.100697, 60.515041], [-1.106557, 60.511054], [-1.107737, 60.505072], [-1.097035, 60.49844], [-1.097035, 60.492255], [-1.130523, 60.496039], [-1.153879, 60.508368], [-1.167795, 60.530463], [-1.180043, 60.624661], [-1.171376, 60.645982], [-1.138051, 60.649237], [-1.138051, 60.643052], [-1.141021, 60.631171], [-1.130116, 60.61933], [-1.114491, 60.612454], [-1.103424, 60.615139], [-1.106557, 60.619778], [-1.120595, 60.646186], [-1.123769, 60.659817], [-1.120961, 60.666409], [-1.11148, 60.681138], [-1.113922, 60.684027], [-1.119537, 60.687893], [-1.120432, 60.696926], [-1.118031, 60.707221], [-1.113922, 60.714748], [-1.103993, 60.725775], [-1.092112, 60.735338], [-1.079905, 60.735541], [-1.069163, 60.718166], [-1.057607, 60.729722], [-1.036977, 60.73314], [-0.993479, 60.731147], [-0.993153, 60.717719], [-0.99474, 60.713609], [-1.000885, 60.711371], [-1.000885, 60.703925], [-0.995961, 60.70246], [-0.991607, 60.69953], [-0.987172, 60.697699]]], [[[-0.904693, 60.684027], [-0.934804, 60.682115], [-0.950307, 60.684312], [-0.966176, 60.690172], [-0.961334, 60.700019], [-0.95995, 60.709418], [-0.961822, 60.717922], [-0.966176, 60.725002], [-0.948598, 60.717963], [-0.943227, 60.72602], [-0.94579, 60.740302], [-0.952463, 60.752346], [-0.935699, 60.756008], [-0.926137, 60.769599], [-0.926178, 60.784654], [-0.938832, 60.79267], [-0.938832, 60.800116], [-0.923085, 60.804104], [-0.904164, 60.813951], [-0.890533, 60.825588], [-0.891021, 60.834866], [-0.8815, 60.845038], [-0.870107, 60.845201], [-0.860341, 60.837551], [-0.856191, 60.823961], [-0.860341, 60.812934], [-0.870188, 60.806383], [-0.881663, 60.800849], [-0.891021, 60.79267], [-0.888336, 60.78974], [-0.876129, 60.79267], [-0.861969, 60.798245], [-0.853139, 60.803534], [-0.831776, 60.840277], [-0.822133, 60.847886], [-0.815582, 60.843085], [-0.809722, 60.841702], [-0.795481, 60.84101], [-0.782786, 60.838202], [-0.77184, 60.833401], [-0.763905, 60.825426], [-0.760732, 60.813137], [-0.768788, 60.81269], [-0.787994, 60.806952], [-0.768544, 60.800971], [-0.760732, 60.800116], [-0.775787, 60.791571], [-0.795766, 60.785631], [-0.808461, 60.778632], [-0.801666, 60.766547], [-0.801666, 60.759101], [-0.821401, 60.758531], [-0.814565, 60.757148], [-0.808013, 60.755113], [-0.801666, 60.752346], [-0.801666, 60.744818], [-0.842763, 60.724026], [-0.850006, 60.718166], [-0.843007, 60.706], [-0.828847, 60.694892], [-0.821889, 60.685004], [-0.836415, 60.676581], [-0.846181, 60.675971], [-0.854482, 60.67829], [-0.862213, 60.681586], [-0.870473, 60.684027], [-0.890126, 60.684963], [-0.904693, 60.684027]]], [[[-13.690419, 57.596259], [-13.691314, 57.596503], [-13.691314, 57.597154], [-13.690419, 57.597805], [-13.688588, 57.597805], [-13.687652, 57.597154], [-13.687652, 57.596869], [-13.688588, 57.596259], [-13.690419, 57.596259]]], [[[-1.315094, 60.093736], [-1.308258, 60.094143], [-1.304799, 60.086575], [-1.309804, 60.076361], [-1.317738, 60.06623], [-1.326772, 60.050605], [-1.333567, 60.043606], [-1.339019, 60.043891], [-1.338002, 60.051093], [-1.333852, 60.06151], [-1.333119, 60.073676], [-1.334625, 60.076321], [-1.335805, 60.070054], [-1.338368, 60.064032], [-1.353871, 60.051215], [-1.367909, 60.044827], [-1.369862, 60.04914], [-1.357004, 60.058173], [-1.35204, 60.069525], [-1.347564, 60.083441], [-1.338002, 60.093451], [-1.340443, 60.099677], [-1.346995, 60.10456], [-1.345693, 60.108954], [-1.327789, 60.111396], [-1.321156, 60.115668], [-1.315826, 60.115465], [-1.315053, 60.106391], [-1.321767, 60.093085], [-1.323354, 60.088202], [-1.315094, 60.093736]]], [[[-2.053212, 60.155504], [-2.048899, 60.147121], [-2.048085, 60.129218], [-2.062978, 60.117987], [-2.086903, 60.123277], [-2.105377, 60.132066], [-2.112294, 60.138007], [-2.110341, 60.145331], [-2.103424, 60.150051], [-2.08788, 60.155463], [-2.064687, 60.157294], [-2.053212, 60.155504]]], [[[-1.062856, 60.164049], [-1.050526, 60.169623], [-1.050445, 60.162787], [-1.052724, 60.148424], [-1.059478, 60.137641], [-1.066762, 60.129218], [-1.073801, 60.107733], [-1.083892, 60.10517], [-1.112945, 60.116278], [-1.122222, 60.123114], [-1.119252, 60.155585], [-1.13565, 60.167955], [-1.134918, 60.178697], [-1.115793, 60.180162], [-1.097524, 60.175727], [-1.089589, 60.178168], [-1.086415, 60.186469], [-1.079457, 60.1883], [-1.074941, 60.182807], [-1.07315, 60.173], [-1.069936, 60.164211], [-1.062856, 60.164049]]], [[[-0.918772, 60.386176], [-0.912668, 60.386786], [-0.911204, 60.38231], [-0.917714, 60.376654], [-0.931386, 60.368476], [-0.948598, 60.355862], [-0.975982, 60.340318], [-1.015207, 60.334133], [-1.034088, 60.340155], [-1.02892, 60.345649], [-1.02359, 60.349433], [-1.021555, 60.354478], [-1.016428, 60.362006], [-1.006418, 60.368964], [-0.995229, 60.371649], [-0.983632, 60.372301], [-0.974477, 60.375922], [-0.9676, 60.381049], [-0.932281, 60.382758], [-0.921783, 60.384589], [-0.918772, 60.386176]]]]}}, {"type": "Feature", "properties": {"featurecla": "Admin-0 map unit", "scalerank": 5, "LABELRANK": 6, "SOVEREIGNT": "United Kingdom", "SOV_A3": "GB1", "ADM0_DIF": 1, "LEVEL": 2, "TYPE": "Country", "TLC": "1", "ADMIN": "Jersey", "ADM0_A3": "JEY", "GEOU_DIF": 0, "GEOUNIT": "Jersey", "GU_A3": "JEY", "SU_DIF": 0, "SUBUNIT": "Jersey", "SU_A3": "JEY", "BRK_DIFF": 0, "NAME": "Jersey", "NAME_LONG": "Jersey", "BRK_A3": "JEY", "BRK_NAME": "Jersey", "BRK_GROUP": "Channel Islands", "ABBREV": "Jey.", "POSTAL": "JE", "FORMAL_EN": "Bailiwick of Jersey", "FORMAL_FR": null, "NAME_CIAWF": "Jersey", "NOTE_ADM0": "U.K.", "NOTE_BRK": "U.K. crown dependency", "NAME_SORT": "Jersey", "NAME_ALT": null, "MAPCOLOR7": 6, "MAPCOLOR8": 6, "MAPCOLOR9": 6, "MAPCOLOR13": 3, "POP_EST": 107800, "POP_RANK": 9, "POP_YEAR": 2019, "GDP_MD": 5080, "GDP_YEAR": 2015, "ECONOMY": "2. Developed region: nonG7", "INCOME_GRP": "2. High income: nonOECD", "FIPS_10": "JE", "ISO_A2": "JE", "ISO_A2_EH": "JE", "ISO_A3": "JEY", "ISO_A3_EH": "JEY", "ISO_N3": "832", "ISO_N3_EH": "832", "UN_A3": "832", "WB_A2": "JG", "WB_A3": "CHI", "WOE_ID": 23424857, "WOE_ID_EH": 23424857, "WOE_NOTE": "Exact WOE match as country", "ADM0_ISO": "JEY", "ADM0_DIFF": null, "ADM0_TLC": "JEY", "ADM0_A3_US": "JEY", "ADM0_A3_FR": "JEY", "ADM0_A3_RU": "JEY", "ADM0_A3_ES": "JEY", "ADM0_A3_CN": "JEY", "ADM0_A3_TW": "JEY", "ADM0_A3_IN": "JEY", "ADM0_A3_NP": "JEY", "ADM0_A3_PK": "JEY", "ADM0_A3_DE": "JEY", "ADM0_A3_GB": "JEY", "ADM0_A3_BR": "JEY", "ADM0_A3_IL": "JEY", "ADM0_A3_PS": "JEY", "ADM0_A3_SA": "JEY", "ADM0_A3_EG": "JEY", "ADM0_A3_MA": "JEY", "ADM0_A3_PT": "JEY", "ADM0_A3_AR": "JEY", "ADM0_A3_JP": "JEY", "ADM0_A3_KO": "JEY", "ADM0_A3_VN": "JEY", "ADM0_A3_TR": "JEY", "ADM0_A3_ID": "JEY", "ADM0_A3_PL": "JEY", "ADM0_A3_GR": "JEY", "ADM0_A3_IT": "JEY", "ADM0_A3_NL": "JEY", "ADM0_A3_SE": "JEY", "ADM0_A3_BD": "JEY", "ADM0_A3_UA": "JEY", "ADM0_A3_UN": -99, "ADM0_A3_WB": -99, "CONTINENT": "Europe", "REGION_UN": "Europe", "SUBREGION": "Northern Europe", "REGION_WB": "Europe & Central Asia", "NAME_LEN": 6, "LONG_LEN": 6, "ABBREV_LEN": 4, "TINY": -99, "HOMEPART": -99, "MIN_ZOOM": 0, "MIN_LABEL": 5, "MAX_LABEL": 10, "LABEL_X": -2.090146, "LABEL_Y": 49.220808, "NE_ID": 1159320725, "WIKIDATAID": "Q785", "NAME_AR": "\u062c\u064a\u0631\u0632\u064a", "NAME_BN": "\u099c\u09be\u09b0\u09cd\u09b8\u09bf", "NAME_DE": "Jersey", "NAME_EN": "Jersey", "NAME_ES": "Jersey", "NAME_FA": "\u062c\u0631\u0632\u06cc", "NAME_FR": "Jersey", "NAME_EL": "\u03a4\u03b6\u03ad\u03c1\u03c3\u03b5\u03ca", "NAME_HE": "\u05d2'\u05e8\u05d6\u05d9", "NAME_HI": "\u091c\u0930\u094d\u0938\u0940", "NAME_HU": "Jersey", "NAME_ID": "Jersey", "NAME_IT": "baliato di Jersey", "NAME_JA": "\u30b8\u30e3\u30fc\u30b8\u30fc", "NAME_KO": "\uc800\uc9c0\uc12c", "NAME_NL": "Jersey", "NAME_PL": "Jersey", "NAME_PT": "Jersey", "NAME_RU": "\u0414\u0436\u0435\u0440\u0441\u0438", "NAME_SV": "Jersey", "NAME_TR": "Jersey", "NAME_UK": "\u0414\u0436\u0435\u0440\u0441\u0456", "NAME_UR": "\u062c\u0631\u0632\u06cc", "NAME_VI": "Jersey", "NAME_ZH": "\u6cfd\u897f", "NAME_ZHT": "\u6fa4\u897f", "FCLASS_ISO": "Admin-0 country", "TLC_DIFF": null, "FCLASS_TLC": "Admin-0 country", "FCLASS_US": null, "FCLASS_FR": null, "FCLASS_RU": null, "FCLASS_ES": null, "FCLASS_CN": null, "FCLASS_TW": null, "FCLASS_IN": null, "FCLASS_NP": null, "FCLASS_PK": null, "FCLASS_DE": null, "FCLASS_GB": null, "FCLASS_BR": null, "FCLASS_IL": null, "FCLASS_PS": null, "FCLASS_SA": null, "FCLASS_EG": null, "FCLASS_MA": null, "FCLASS_PT": null, "FCLASS_AR": null, "FCLASS_JP": null, "FCLASS_KO": null, "FCLASS_VN": null, "FCLASS_TR": null, "FCLASS_ID": null, "FCLASS_PL": null, "FCLASS_GR": null, "FCLASS_IT": null, "FCLASS_NL": null, "FCLASS_SE": null, "FCLASS_BD": null, "FCLASS_UA": null}, "bbox": [-2.242014, 49.171332, -2.00829, 49.267035], "geometry": {"type": "Polygon", "coordinates": [[[-2.082672, 49.26024], [-2.06786, 49.250678], [-2.02066, 49.235256], [-2.021962, 49.225491], [-2.017323, 49.221381], [-2.011871, 49.215277], [-2.00829, 49.21247], [-2.016998, 49.207221], [-2.020985, 49.200751], [-2.022043, 49.19245], [-2.021962, 49.181383], [-2.024526, 49.171332], [-2.031158, 49.171454], [-2.040028, 49.175727], [-2.049224, 49.17829], [-2.079986, 49.178697], [-2.096995, 49.183661], [-2.120229, 49.199164], [-2.128896, 49.20307], [-2.137929, 49.205634], [-2.144846, 49.205634], [-2.152943, 49.199937], [-2.160634, 49.190741], [-2.168691, 49.17829], [-2.177154, 49.180162], [-2.189687, 49.189114], [-2.200103, 49.191962], [-2.202952, 49.190416], [-2.223378, 49.184719], [-2.233632, 49.184516], [-2.226471, 49.206], [-2.233225, 49.228502], [-2.242014, 49.247952], [-2.241119, 49.26024], [-2.22936, 49.263007], [-2.215199, 49.26024], [-2.196278, 49.253404], [-2.182729, 49.254055], [-2.172353, 49.256252], [-2.162709, 49.260403], [-2.151682, 49.267035], [-2.143788, 49.261868], [-2.121978, 49.258287], [-2.110666, 49.253404], [-2.103871, 49.258205], [-2.097564, 49.25967], [-2.082672, 49.26024]]]}}, {"type": "Feature", "properties": {"featurecla": "Admin-0 map unit", "scalerank": 5, "LABELRANK": 6, "SOVEREIGNT": "United Kingdom", "SOV_A3": "GB1", "ADM0_DIF": 1, "LEVEL": 2, "TYPE": "Country", "TLC": "1", "ADMIN": "Guernsey", "ADM0_A3": "GGY", "GEOU_DIF": 0, "GEOUNIT": "Guernsey", "GU_A3": "GGY", "SU_DIF": 0, "SUBUNIT": "Guernsey", "SU_A3": "GGY", "BRK_DIFF": 0, "NAME": "Guernsey", "NAME_LONG": "Guernsey", "BRK_A3": "GGY", "BRK_NAME": "Guernsey", "BRK_GROUP": "Channel Islands", "ABBREV": "Guern.", "POSTAL": "GG", "FORMAL_EN": "Bailiwick of Guernsey", "FORMAL_FR": null, "NAME_CIAWF": "Guernsey", "NOTE_ADM0": "U.K.", "NOTE_BRK": "U.K. crown dependency", "NAME_SORT": "Guernsey", "NAME_ALT": null, "MAPCOLOR7": 6, "MAPCOLOR8": 6, "MAPCOLOR9": 6, "MAPCOLOR13": 3, "POP_EST": 62792, "POP_RANK": 8, "POP_YEAR": 2019, "GDP_MD": 3465, "GDP_YEAR": 2015, "ECONOMY": "2. Developed region: nonG7", "INCOME_GRP": "2. High income: nonOECD", "FIPS_10": "GK", "ISO_A2": "GG", "ISO_A2_EH": "GG", "ISO_A3": "GGY", "ISO_A3_EH": "GGY", "ISO_N3": "831", "ISO_N3_EH": "831", "UN_A3": "831", "WB_A2": "JG", "WB_A3": "CHI", "WOE_ID": 23424827, "WOE_ID_EH": 23424827, "WOE_NOTE": "Exact WOE match as country", "ADM0_ISO": "GGY", "ADM0_DIFF": null, "ADM0_TLC": "GGY", "ADM0_A3_US": "GGY", "ADM0_A3_FR": "GGY", "ADM0_A3_RU": "GGY", "ADM0_A3_ES": "GGY", "ADM0_A3_CN": "GGY", "ADM0_A3_TW": "GGY", "ADM0_A3_IN": "GGY", "ADM0_A3_NP": "GGY", "ADM0_A3_PK": "GGY", "ADM0_A3_DE": "GGY", "ADM0_A3_GB": "GGY", "ADM0_A3_BR": "GGY", "ADM0_A3_IL": "GGY", "ADM0_A3_PS": "GGY", "ADM0_A3_SA": "GGY", "ADM0_A3_EG": "GGY", "ADM0_A3_MA": "GGY", "ADM0_A3_PT": "GGY", "ADM0_A3_AR": "GGY", "ADM0_A3_JP": "GGY", "ADM0_A3_KO": "GGY", "ADM0_A3_VN": "GGY", "ADM0_A3_TR": "GGY", "ADM0_A3_ID": "GGY", "ADM0_A3_PL": "GGY", "ADM0_A3_GR": "GGY", "ADM0_A3_IT": "GGY", "ADM0_A3_NL": "GGY", "ADM0_A3_SE": "GGY", "ADM0_A3_BD": "GGY", "ADM0_A3_UA": "GGY", "ADM0_A3_UN": -99, "ADM0_A3_WB": -99, "CONTINENT": "Europe", "REGION_UN": "Europe", "SUBREGION": "Northern Europe", "REGION_WB": "Europe & Central Asia", "NAME_LEN": 8, "LONG_LEN": 8, "ABBREV_LEN": 6, "TINY": -99, "HOMEPART": -99, "MIN_ZOOM": 0, "MIN_LABEL": 5, "MAX_LABEL": 10, "LABEL_X": -2.561736, "LABEL_Y": 49.463533, "NE_ID": 1159320715, "WIKIDATAID": "Q25230", "NAME_AR": "\u063a\u064a\u0631\u0646\u0632\u064a", "NAME_BN": "\u0997\u09be\u09b0\u09cd\u09a8\u09b8\u09bf", "NAME_DE": "Guernsey", "NAME_EN": "Guernsey", "NAME_ES": "Guernsey", "NAME_FA": "\u06af\u0631\u0646\u0632\u06cc", "NAME_FR": "Guernesey", "NAME_EL": "\u0393\u03ba\u03ad\u03c1\u03bd\u03c3\u03b5\u03ca", "NAME_HE": "\u05d2\u05e8\u05e0\u05d6\u05d9", "NAME_HI": "\u0917\u094d\u0935\u0947\u0930\u094d\u0928\u0938\u0947", "NAME_HU": "Guernsey Bailiffs\u00e9g", "NAME_ID": "Guernsey", "NAME_IT": "Guernsey", "NAME_JA": "\u30ac\u30fc\u30f3\u30b8\u30fc", "NAME_KO": "\uac74\uc9c0\uc12c", "NAME_NL": "Guernsey", "NAME_PL": "Guernsey", "NAME_PT": "Guernsey", "NAME_RU": "\u0413\u0435\u0440\u043d\u0441\u0438", "NAME_SV": "Guernsey", "NAME_TR": "Guernsey", "NAME_UK": "\u0413\u0435\u0440\u043d\u0441\u0456", "NAME_UR": "\u06af\u0631\u0646\u0632\u06cc", "NAME_VI": "Guernsey", "NAME_ZH": "\u6839\u897f", "NAME_ZHT": "\u6839\u897f", "FCLASS_ISO": "Admin-0 country", "TLC_DIFF": null, "FCLASS_TLC": "Admin-0 country", "FCLASS_US": null, "FCLASS_FR": null, "FCLASS_RU": null, "FCLASS_ES": null, "FCLASS_CN": null, "FCLASS_TW": null, "FCLASS_IN": null, "FCLASS_NP": null, "FCLASS_PK": null, "FCLASS_DE": null, "FCLASS_GB": null, "FCLASS_BR": null, "FCLASS_IL": null, "FCLASS_PS": null, "FCLASS_SA": null, "FCLASS_EG": null, "FCLASS_MA": null, "FCLASS_PT": null, "FCLASS_AR": null, "FCLASS_JP": null, "FCLASS_KO": null, "FCLASS_VN": null, "FCLASS_TR": null, "FCLASS_ID": null, "FCLASS_PL": null, "FCLASS_GR": null, "FCLASS_IT": null, "FCLASS_NL": null, "FCLASS_SE": null, "FCLASS_BD": null, "FCLASS_UA": null}, "bbox": [-2.673451, 49.411566, -2.170318, 49.731391], "geometry": {"type": "MultiPolygon", "coordinates": [[[[-2.58023, 49.493598], [-2.55956, 49.499335], [-2.538197, 49.509833], [-2.518219, 49.51553], [-2.501698, 49.506659], [-2.505767, 49.497992], [-2.522125, 49.479967], [-2.526723, 49.458482], [-2.532948, 49.442857], [-2.532786, 49.43891], [-2.534088, 49.436225], [-2.541982, 49.430894], [-2.552073, 49.426703], [-2.558705, 49.427191], [-2.564849, 49.429511], [-2.57311, 49.430894], [-2.669342, 49.430894], [-2.673451, 49.433498], [-2.670766, 49.438788], [-2.662953, 49.443793], [-2.651845, 49.445217], [-2.656565, 49.459418], [-2.650258, 49.46369], [-2.637929, 49.463853], [-2.624623, 49.465725], [-2.58023, 49.493598]]], [[[-2.363759, 49.446845], [-2.356353, 49.440375], [-2.3544, 49.427802], [-2.364654, 49.417873], [-2.373525, 49.411566], [-2.378082, 49.412746], [-2.374827, 49.419176], [-2.373118, 49.424262], [-2.375885, 49.430406], [-2.375478, 49.435452], [-2.372629, 49.438056], [-2.369862, 49.442084], [-2.366119, 49.445746], [-2.363759, 49.446845]]], [[[-2.174469, 49.731391], [-2.170318, 49.728746], [-2.170318, 49.723212], [-2.187896, 49.710639], [-2.200836, 49.705715], [-2.216868, 49.70303], [-2.226226, 49.707831], [-2.218495, 49.718695], [-2.204701, 49.724107], [-2.194814, 49.724799], [-2.178619, 49.730902], [-2.174469, 49.731391]]], [[[-2.453684, 49.481879], [-2.447825, 49.483954], [-2.445221, 49.474595], [-2.453359, 49.462144], [-2.454498, 49.466132], [-2.455068, 49.475043], [-2.453684, 49.481879]]]]}}, {"type": "Feature", "properties": {"featurecla": "Admin-0 map unit", "scalerank": 6, "LABELRANK": 6, "SOVEREIGNT": "United Kingdom", "SOV_A3": "GB1", "ADM0_DIF": 1, "LEVEL": 2, "TYPE": "Country", "TLC": "1", "ADMIN": "Isle of Man", "ADM0_A3": "IMN", "GEOU_DIF": 0, "GEOUNIT": "Isle of Man", "GU_A3": "IMN", "SU_DIF": 0, "SUBUNIT": "Isle of Man", "SU_A3": "IMN", "BRK_DIFF": 0, "NAME": "Isle of Man", "NAME_LONG": "Isle of Man", "BRK_A3": "IMN", "BRK_NAME": "Isle of Man", "BRK_GROUP": null, "ABBREV": "IoMan", "POSTAL": "IM", "FORMAL_EN": null, "FORMAL_FR": null, "NAME_CIAWF": "Isle of Man", "NOTE_ADM0": "U.K.", "NOTE_BRK": "U.K. crown dependency", "NAME_SORT": "Isle of Man", "NAME_ALT": null, "MAPCOLOR7": 6, "MAPCOLOR8": 6, "MAPCOLOR9": 6, "MAPCOLOR13": 3, "POP_EST": 84584, "POP_RANK": 8, "POP_YEAR": 2019, "GDP_MD": 7491, "GDP_YEAR": 2018, "ECONOMY": "2. Developed region: nonG7", "INCOME_GRP": "2. High income: nonOECD", "FIPS_10": "IM", "ISO_A2": "IM", "ISO_A2_EH": "IM", "ISO_A3": "IMN", "ISO_A3_EH": "IMN", "ISO_N3": "833", "ISO_N3_EH": "833", "UN_A3": "833", "WB_A2": "IM", "WB_A3": "IMY", "WOE_ID": 23424847, "WOE_ID_EH": 23424847, "WOE_NOTE": "Exact WOE match as country", "ADM0_ISO": "IMN", "ADM0_DIFF": null, "ADM0_TLC": "IMN", "ADM0_A3_US": "IMN", "ADM0_A3_FR": "IMN", "ADM0_A3_RU": "IMN", "ADM0_A3_ES": "IMN", "ADM0_A3_CN": "IMN", "ADM0_A3_TW": "IMN", "ADM0_A3_IN": "IMN", "ADM0_A3_NP": "IMN", "ADM0_A3_PK": "IMN", "ADM0_A3_DE": "IMN", "ADM0_A3_GB": "IMN", "ADM0_A3_BR": "IMN", "ADM0_A3_IL": "IMN", "ADM0_A3_PS": "IMN", "ADM0_A3_SA": "IMN", "ADM0_A3_EG": "IMN", "ADM0_A3_MA": "IMN", "ADM0_A3_PT": "IMN", "ADM0_A3_AR": "IMN", "ADM0_A3_JP": "IMN", "ADM0_A3_KO": "IMN", "ADM0_A3_VN": "IMN", "ADM0_A3_TR": "IMN", "ADM0_A3_ID": "IMN", "ADM0_A3_PL": "IMN", "ADM0_A3_GR": "IMN", "ADM0_A3_IT": "IMN", "ADM0_A3_NL": "IMN", "ADM0_A3_SE": "IMN", "ADM0_A3_BD": "IMN", "ADM0_A3_UA": "IMN", "ADM0_A3_UN": -99, "ADM0_A3_WB": -99, "CONTINENT": "Europe", "REGION_UN": "Europe", "SUBREGION": "Northern Europe", "REGION_WB": "Europe & Central Asia", "NAME_LEN": 11, "LONG_LEN": 11, "ABBREV_LEN": 5, "TINY": -99, "HOMEPART": -99, "MIN_ZOOM": 0, "MIN_LABEL": 5, "MAX_LABEL": 10, "LABEL_X": -4.530069, "LABEL_Y": 54.220833, "NE_ID": 1159320721, "WIKIDATAID": "Q9676", "NAME_AR": "\u062c\u0632\u064a\u0631\u0629 \u0645\u0627\u0646", "NAME_BN": "\u0986\u0987\u09b2 \u0985\u09ac \u09ae\u09cd\u09af\u09be\u09a8", "NAME_DE": "Isle of Man", "NAME_EN": "Isle of Man", "NAME_ES": "Isla de Man", "NAME_FA": "\u062c\u0632\u06cc\u0631\u0647 \u0645\u0646", "NAME_FR": "\u00eele de Man", "NAME_EL": "\u039d\u03ae\u03c3\u03bf\u03c2 \u03c4\u03bf\u03c5 \u039c\u03b1\u03bd", "NAME_HE": "\u05d4\u05d0\u05d9 \u05de\u05d0\u05df", "NAME_HI": "\u0906\u0907\u0932 \u0911\u092b\u093c \u092e\u0948\u0928", "NAME_HU": "Man", "NAME_ID": "Pulau Man", "NAME_IT": "Isola di Man", "NAME_JA": "\u30de\u30f3\u5cf6", "NAME_KO": "\ub9e8\uc12c", "NAME_NL": "Man", "NAME_PL": "Wyspa Man", "NAME_PT": "Ilha de Man", "NAME_RU": "\u043e\u0441\u0442\u0440\u043e\u0432 \u041c\u044d\u043d", "NAME_SV": "Isle of Man", "NAME_TR": "Man Adas\u0131", "NAME_UK": "\u041e\u0441\u0442\u0440\u0456\u0432 \u041c\u0435\u043d", "NAME_UR": "\u0622\u0626\u0644 \u0622\u0641 \u0645\u06cc\u0646", "NAME_VI": "\u0110\u1ea3o Man", "NAME_ZH": "\u9a6c\u6069\u5c9b", "NAME_ZHT": "\u66fc\u5cf6", "FCLASS_ISO": "Admin-0 country", "TLC_DIFF": null, "FCLASS_TLC": "Admin-0 country", "FCLASS_US": null, "FCLASS_FR": null, "FCLASS_RU": null, "FCLASS_ES": null, "FCLASS_CN": null, "FCLASS_TW": null, "FCLASS_IN": null, "FCLASS_NP": null, "FCLASS_PK": null, "FCLASS_DE": null, "FCLASS_GB": null, "FCLASS_BR": null, "FCLASS_IL": null, "FCLASS_PS": null, "FCLASS_SA": null, "FCLASS_EG": null, "FCLASS_MA": null, "FCLASS_PT": null, "FCLASS_AR": null, "FCLASS_JP": null, "FCLASS_KO": null, "FCLASS_VN": null, "FCLASS_TR": null, "FCLASS_ID": null, "FCLASS_PL": null, "FCLASS_GR": null, "FCLASS_IT": null, "FCLASS_NL": null, "FCLASS_SE": null, "FCLASS_BD": null, "FCLASS_UA": null}, "bbox": [-4.790151, 54.056952, -4.31192, 54.419013], "geometry": {"type": "Polygon", "coordinates": [[[-4.612131, 54.056952], [-4.620758, 54.069648], [-4.631256, 54.070624], [-4.643219, 54.066596], [-4.656402, 54.063788], [-4.67101, 54.067043], [-4.689687, 54.081529], [-4.704498, 54.084866], [-4.725982, 54.079006], [-4.745595, 54.067369], [-4.766225, 54.059231], [-4.790151, 54.063788], [-4.790151, 54.071234], [-4.78482, 54.073065], [-4.781321, 54.074774], [-4.777089, 54.076239], [-4.769683, 54.07746], [-4.770863, 54.096829], [-4.737172, 54.124905], [-4.728139, 54.142564], [-4.727651, 54.172593], [-4.723785, 54.185452], [-4.714467, 54.200344], [-4.71109, 54.209906], [-4.71227, 54.21662], [-4.710276, 54.220649], [-4.68814, 54.223782], [-4.663971, 54.233547], [-4.643056, 54.249416], [-4.612457, 54.265448], [-4.598378, 54.276597], [-4.554596, 54.339179], [-4.530995, 54.366116], [-4.495351, 54.385891], [-4.442006, 54.404364], [-4.404449, 54.409654], [-4.385732, 54.415717], [-4.367787, 54.419013], [-4.351308, 54.413804], [-4.357086, 54.3994], [-4.377553, 54.361884], [-4.3756, 54.348334], [-4.370229, 54.340888], [-4.363759, 54.324286], [-4.358225, 54.317613], [-4.350494, 54.314765], [-4.332183, 54.313422], [-4.324696, 54.310207], [-4.319407, 54.304592], [-4.313222, 54.2956], [-4.31192, 54.287177], [-4.320953, 54.283515], [-4.326731, 54.280341], [-4.34081, 54.263007], [-4.348256, 54.259508], [-4.35436, 54.251532], [-4.359771, 54.242255], [-4.365631, 54.235053], [-4.371816, 54.231269], [-4.399159, 54.222073], [-4.390777, 54.194729], [-4.412587, 54.18008], [-4.446889, 54.169135], [-4.475494, 54.153144], [-4.474599, 54.140815], [-4.529286, 54.119086], [-4.543772, 54.108466], [-4.549794, 54.100653], [-4.563832, 54.096829], [-4.579579, 54.094428], [-4.590932, 54.091051], [-4.598948, 54.083889], [-4.612131, 54.056952]]]}}], "bbox": [-180, -89.9999999999999, 180, 83.6341006530001]}